158.5,185.09545278549194,3,0.44155844155844154,0.05813633253402719,Triangle
197.5,87.35533821582794,4,0.3783783783783784,0.3252355909579261,Rectangle
115.5,95.55634891986847,3,0.10869565217391304,0.15895447283695827,Triangle
278.0,186.56854152679443,3,4.0,0.10036396883798304,Triangle
239.5,268.0071396827698,4,0.56,0.04190083274343961,Rectangle
176.5,187.58073389530182,4,0.8666666666666667,0.06303447098837826,Square
1076.0,464.61731123924255,4,3.63265306122449,0.06263705941287621,Rectangle
269.5,231.09545278549194,3,9.9,0.06341410004571199,Triangle
151.5,102.5269113779068,4,0.23404255319148937,0.18111180044722405,Rectangle
290.5,176.7523066997528,3,1.3111111111111111,0.11684922068382725,Triangle
476.0,260.1076452732086,4,2.255813953488372,0.0884118710880553,Rectangle
222.0,150.50966608524323,4,1.2162162162162162,0.12314989729837629,Square
108.5,86.38477599620819,4,4.444444444444445,0.18271120395962406,Rectangle
193.0,127.5979790687561,3,3.6,0.14896340165891178,Triangle
650.0,392.3330409526825,4,2.4166666666666665,0.05306564553509599,Rectangle
722.5,407.60511910915375,4,2.610169491525424,0.054647268140902934,Rectangle
414.5,261.78174459934235,4,5.2272727272727275,0.07600736618677417,Rectangle
428.5,274.2914105653763,3,1.546875,0.07157086638618004,Triangle
781.0,446.2741656303406,4,2.4477611940298507,0.04927849146198008,Rectangle
438.0,248.3675309419632,3,4.739130434782608,0.08922659799019514,Triangle
469.0,112.56854164600372,4,0.9142857142857143,0.46510245004788425,Square
767.5,121.69848430156708,4,1.206896551724138,0.6512052745192743,Square
1239.0,152.42640614509583,4,0.8571428571428571,0.670132607040241,Square
459.0,315.362478017807,3,1.435897435897436,0.057996596847337024,Triangle
816.5,479.00208735466003,4,2.189873417721519,0.0447189132833937,Rectangle
332.5,193.78174459934235,4,3.857142857142857,0.11126941139056536,Rectangle
794.5,118.87005722522736,4,1.0,0.7065759026643946,Square
242.5,77.35533833503723,4,0.92,0.5092617135497346,Square
1083.5,129.1543276309967,8,1.0,0.8162456014438315,Circle
1682.5,181.8406196832657,4,0.9038461538461539,0.6394154583657428,Square
1844.5,164.61017167568207,9,0.9607843137254902,0.8554117035524366,Circle
806.0,123.4558436870575,4,0.96875,0.6645407271411122,Square
711.5,117.49747371673584,4,1.088235294117647,0.6476311215141152,Square
707.0,113.4558436870575,4,1.1071428571428572,0.6902009273146931,Square
465.5,109.98275518417358,4,0.8611111111111112,0.4835933935994268,Square
927.0,133.7401144504547,4,1.105263157894737,0.6512777136621232,Square
772.0,120.28427076339722,4,1.1724137931034482,0.6705165243966397,Square
1236.5,146.87005722522736,4,0.8571428571428571,0.7203398756313963,Square
3281.5,219.37972342967987,8,0.8243243243243243,0.8568194240031735,Circle
363.0,95.59797871112823,3,1.0,0.49913620126098257,Triangle
846.0,126.62741661071777,4,1.0909090909090908,0.6630171063043688,Square
747.0,107.74011421203613,8,0.8611111111111112,0.8086779521763388,Circle
346.0,227.42135286331177,4,1.253968253968254,0.08406660044747229,Square
1149.5,140.04163014888763,4,0.8780487804878049,0.736553885066082,Square
1728.5,185.98275482654572,4,0.9056603773584906,0.6279627682321222,Square
843.5,126.87005722522736,4,1.0,0.6585316906412224,Square
1850.5,167.4385986328125,8,0.8727272727272727,0.8294453797875982,Circle
734.0,119.74011433124542,4,1.0571428571428572,0.6433193092590962,Square
719.5,111.21320307254791,4,1.1071428571428572,0.7310178202858215,Square
480.5,113.982754945755,4,0.8648648648648649,0.4647559482191082,Square
940.0,134.911687374115,4,1.0512820512820513,0.6489908432942563,Square
1204.5,136.46803605556488,7,0.8666666666666667,0.8127458961086959,Circle
795.5,119.21320307254791,4,1.1724137931034482,0.703398331981564,Square
1266.0,149.11269783973694,4,0.813953488372093,0.7155077037450185,Square
3334.0,220.30865466594696,8,0.8243243243243243,0.8632018106560796,Circle
379.5,83.21320307254791,4,1.25,0.6887112315562234,Square
364.5,96.18376553058624,3,0.9655172413793104,0.49511244851934744,Triangle
762.0,109.39696896076202,8,0.8888888888888888,0.8001183982115955,Circle
369.0,229.13708221912384,3,2.41025641025641,0.08831723685728163,Triangle
1169.5,142.5269113779068,4,0.8780487804878049,0.7234630290800383,Square
1336.0,143.5391036272049,8,1.069767441860465,0.8148466089113221,Circle
184.0,133.5979790687561,4,4.615384615384615,0.12954716392733537,Rectangle
162.0,152.71067690849304,4,0.868421052631579,0.08729433765659192,Square
200.5,149.92387902736664,3,1.1627906976744187,0.11209406539761033,Triangle
1216.5,144.5269113779068,4,0.813953488372093,0.7318541400882942,Square
176.0,122.28427076339722,3,5.090909090909091,0.14790448236217427,Triangle
115.0,145.11269783973694,4,1.1666666666666667,0.06862729351671482,Square
947.0,136.911687374115,4,1.0256410256410255,0.6348612166863317,Square
220.0,147.33809340000153,3,1.1627906976744187,0.12735102756752278,Triangle
285.5,156.1248904466629,4,2.68,0.14718775571660245,Rectangle
194.5,130.5269113779068,4,5.363636363636363,0.14345951114588973,Rectangle
120.5,131.01219260692596,4,0.21818181818181817,0.08822130564753451,Rectangle
720.5,114.04163014888763,4,1.1428571428571428,0.6961727436470546,Square
493.5,113.154327750206,4,0.8648648648648649,0.48434484676169537,Square
814.0,118.97056245803833,4,1.1379310344827587,0.7226953149321304,Square
1321.5,152.5269112586975,4,0.7777777777777778,0.7138123869940338,Rectangle
218.5,177.72286939620972,3,1.372093023255814,0.08693099938078672,Triangle
1215.0,148.42640614509583,4,0.8372093023255814,0.6930487714261073,Square
360.5,95.01219260692596,4,1.0714285714285714,0.5018298055731463,Square
328.0,273.5634888410568,4,1.6610169491525424,0.05507664028993159,Rectangle
115.0,127.5979790687561,4,0.2631578947368421,0.08876057611800443,Rectangle
101.5,132.6690467596054,4,0.725,0.0724664003308072,Rectangle
1142.0,143.5979790687561,4,0.813953488372093,0.6959520399288237,Square
305.0,213.27921795845032,3,1.510204081632653,0.0842582867279582,Triangle
308.0,297.90663492679596,3,6.333333333333333,0.043611420116048155,Triangle
189.5,161.29646337032318,3,6.0,0.09153124892370423,Triangle
123.0,119.25483322143555,3,7.285714285714286,0.10868334506471236,Triangle
198.0,148.02438485622406,4,1.5588235294117647,0.11355559163782857,Rectangle
342.0,107.74011433124542,4,1.0,0.370238097767456,Square
302.0,178.36753106117249,3,3.65,0.11928482703275801,Triangle
257.0,79.59797871112823,4,0.9230769230769231,0.5097284902724896,Square
362.0,99.74011385440826,3,0.875,0.4572763233816155,Triangle
1740.5,188.32590079307556,4,0.8301886792452831,0.6166855678085083,Square
200.5,61.55634891986847,4,1.0625,0.6649339928533309,Square
1107.5,129.63960897922516,8,0.926829268292683,0.8280912086909794,Circle
882.5,130.5269113779068,4,0.8108108108108109,0.6509152626542297,Square
1957.0,171.1959581375122,8,0.9074074074074074,0.8390999124259135,Circle
1785.0,188.08326017856598,4,0.8518518518518519,0.6340854623446941,Square
871.5,130.5269113779068,4,0.9166666666666666,0.6428018712783696,Square
1791.0,167.68123865127563,8,0.8727272727272727,0.8004542282184345,Circle
1133.5,143.69848430156708,4,0.9487179487179487,0.6898060734765593,Square
762.0,116.62741661071777,4,1.1379310344827587,0.7039851916292394,Square
517.0,119.74011468887329,4,0.8461538461538461,0.4531281756133827,Square
958.5,135.49747383594513,4,1.0526315789473684,0.6560539947975652,Square
3155.5,218.55129671096802,8,0.8108108108108109,0.83017810150637,Circle
1324.0,151.4558436870575,4,0.7608695652173914,0.7253135318808475,Rectangle
387.5,100.66904616355896,3,0.9354838709677419,0.4804958747844144,Triangle
101.0,95.79898953437805,4,4.888888888888889,0.1382959243030861,Rectangle
101.5,95.21320307254791,3,5.5,0.14069593670980143,Triangle
290.5,227.52185833454132,4,1.7142857142857142,0.07051958506011781,Rectangle
102.5,131.35533845424652,3,10.0,0.07465145449412118,Triangle
178.0,153.53910386562347,3,5.090909090909091,0.0948837549697304,Triangle
104.0,82.62741661071777,3,3.8,0.19142332441323587,Triangle
328.5,301.92387986183167,4,11.083333333333334,0.04528457648381497,Rectangle
256.5,80.18376541137695,4,1.0,0.5013307457289115,Square
1797.0,188.42640602588654,4,0.8363636363636363,0.6360253298448496,Square
872.0,132.76955199241638,4,0.9428571428571428,0.6216262840597465,Square
512.0,117.74011421203613,4,0.8947368421052632,0.46412067958372594,Square
381.5,101.35533845424652,3,1.0689655172413792,0.46667136127169584,Triangle
296.5,192.89444231987,4,1.775,0.10013712811515789,Rectangle
100.5,136.18376553058624,4,0.22950819672131148,0.06809657184337731,Rectangle
151.5,168.6690467596054,4,0.5,0.06691935029673089,Rectangle
508.5,115.98275542259216,4,0.868421052631579,0.4750222768799099,Square
1340.5,160.66904664039612,4,0.8043478260869565,0.6525476783874196,Square
386.0,100.42640602588654,3,1.0,0.4809515481861468,Triangle
366.5,97.01219260692596,3,1.1481481481481481,0.4893630815968409,Triangle
403.5,101.01219248771667,4,1.0,0.4969421192982711,Square
316.0,220.79393672943115,4,1.653061224489796,0.08145592141582098,Rectangle
140.5,147.29646337032318,3,6.666666666666667,0.08137697639877159,Triangle
104.0,109.11269783973694,3,0.16,0.10977226248507968,Triangle
101.5,136.4680358171463,4,1.1,0.06848792755772225,Square
103.5,115.35533845424652,4,0.19607843137254902,0.09774055895143181,Rectangle
561.0,305.11269783973694,3,14.5,0.0757272457047951,Triangle
286.5,87.8406194448471,3,0.9285714285714286,0.4665989002767405,Triangle
453.5,108.32590079307556,3,0.7837837837837838,0.4856490428674224,Triangle
1250.0,153.5979790687561,4,0.813953488372093,0.6658077926098972,Square
376.0,107.74011445045471,4,0.8235294117647058,0.40704539313598265,Square
146.5,110.5269113779068,4,8.166666666666666,0.15069936440909354,Rectangle
546.5,302.87005722522736,3,14.5,0.07486646909122956,Triangle
252.5,75.35533833503723,4,0.7037037037037037,0.5587830170953011,Rectangle
609.5,105.69848430156708,4,1.0,0.6855609228006869,Square
952.5,133.35533833503723,4,1.088235294117647,0.6730603968123801,Square
1444.5,171.15432798862457,4,0.8571428571428571,0.6196573978275671,Square
655.0,112.08326017856598,4,1.0,0.6551936117762673,Square
997.5,136.5269113779068,4,1.0285714285714285,0.6724906300892889,Square
1230.5,148.87005722522736,4,0.7727272727272727,0.6977129300810643,Rectangle
392.5,100.66904735565186,4,0.9354838709677419,0.48669581002921225,Square
1182.5,142.04163014888763,4,0.7906976744186046,0.7365118143052665,Rectangle
200.5,201.2132030725479,3,16.0,0.06223164654704978,Triangle
122.5,115.35533845424652,3,7.428571428571429,0.11568327025652558,Triangle
269.5,89.84061968326569,4,0.9285714285714286,0.41958809347403464,Square
459.0,112.08326005935669,4,0.7435897435897436,0.45913567701528946,Rectangle
377.5,249.8406196832657,3,14.5,0.07599774798386699,Triangle
117.5,51.899494767189026,4,2.2222222222222223,0.5481778339211302,Rectangle
284.5,87.84061932563782,4,0.9629629629629629,0.46334166662840487,Square
1446.5,168.66904664039612,4,0.8958333333333334,0.6389362398749123,Square
656.5,107.21320307254791,4,1.1111111111111112,0.7177084381722032,Square
460.5,111.15432786941528,4,0.7894736842105263,0.4683674924000863,Rectangle
892.5,131.49747383594513,4,1.0263157894736843,0.6486094460271968,Square
778.5,117.55634891986847,4,1.1379310344827587,0.7079071559391037,Square
1224.0,149.94112491607666,4,0.7727272727272727,0.6841475125865647,Rectangle
393.5,99.84061968326569,4,0.9032258064516129,0.4960666888821032,Square
1155.5,141.69848430156708,4,0.7906976744186046,0.7231849911311836,Rectangle
306.5,89.84061932563782,4,1.0,0.47719388376124505,Square
1542.0,152.36753070354462,8,0.8431372549019608,0.8346595734227897,Circle
1141.5,145.8406195640564,4,0.8604651162790697,0.6744174186421629,Square
1341.0,139.8822499513626,8,0.8297872340425532,0.8612186450740826,Circle
2831.5,206.89444184303284,8,0.7777777777777778,0.8312444960701872,Circle
391.0,103.25483393669128,4,0.90625,0.4608566263466971,Square
1129.5,132.12488973140717,8,0.9302325581395349,0.8130679152364254,Circle
687.0,106.97056245803833,4,0.9666666666666667,0.7544631670953263,Square
219.5,76.18376541137695,4,0.9583333333333334,0.47524714936349205,Square
105.5,154.6690467596054,4,0.8809523809523809,0.05541859431664803,Square
1285.0,139.0538228750229,8,0.8085106382978723,0.835116617737097,Circle
855.5,127.84061968326569,4,1.1142857142857143,0.6577973864650984,Square
1587.0,153.53910422325134,8,0.9375,0.8459579687387012,Circle
524.0,90.42640590667725,8,0.696969696969697,0.8052868580185387,Circle
1378.0,146.36753153800964,8,0.82,0.8082944269103174,Circle
686.5,111.21320307254791,4,1.1071428571428572,0.6974895533373404,Square
878.5,129.49747383594513,4,1.0810810810810811,0.6583078544366373,Square
1199.0,146.28427076339722,4,0.7906976744186046,0.7040990932040142,Rectangle
390.0,99.25483298301697,3,1.0,0.4974748677442675,Triangle
167.5,54.72792184352875,4,1.1428571428571428,0.7027595579521118,Square
696.5,109.55634891986847,4,0.9666666666666667,0.7292154873240335,Square
762.0,119.11269783973694,4,0.8529411764705882,0.6749144286022225,Square
104.5,143.92387998104095,4,0.7804878048780488,0.06339579283793356,Rectangle
116.0,63.3137081861496,4,4.0,0.36364058922422915,Rectangle
168.0,55.31370830535889,4,1.1428571428571428,0.6900071571083589,Square
697.5,109.55634891986847,4,0.9354838709677419,0.7302624585908304,Square
228.0,73.94112479686737,4,0.9166666666666666,0.5240498553204039,Square
884.5,116.32590043544769,8,0.9722222222222222,0.8214002967330588,Circle
1543.0,173.5979789495468,4,0.9,0.6434080059944575,Square
776.5,122.87005722522736,4,0.9375,0.6463372751584225,Square
695.5,112.87005722522736,4,1.0689655172413792,0.6860401099816871,Square
496.5,115.982754945755,4,0.8421052631578947,0.46381231545752705,Square
708.5,112.04163014888763,4,0.967741935483871,0.7092361778537617,Square
895.5,116.32590067386627,8,0.918918918918919,0.8316155598748085,Circle
324.5,93.01219236850739,4,0.9310344827586207,0.47135140163650124,Square
1587.0,153.0538226366043,8,0.9166666666666666,0.8513309628951063,Circle
1555.0,173.5979789495468,4,0.88,0.6484118271687501,Square
1398.5,147.29646348953247,8,0.8,0.8100049915264959,Circle
671.0,113.25483310222626,4,1.0303030303030303,0.6573836453991551,Square
508.0,116.56854104995728,4,0.775,0.46979766552762325,Rectangle
900.0,134.56854152679443,4,1.0256410256410255,0.6245472242106055,Square
1222.0,148.62741661071777,4,0.7727272727272727,0.6951574984410743,Rectangle
733.5,112.38477599620819,4,0.967741935483871,0.7297851361010044,Square
881.5,115.15432751178741,8,0.868421052631579,0.8353561105480309,Circle
324.5,94.66904699802399,4,0.9333333333333333,0.4549970225352464,Square
1573.5,153.29646289348602,9,0.8775510204081632,0.8414190547957622,Circle
1575.5,175.01219260692596,4,0.8627450980392157,0.6463855808317721,Square
674.5,114.66904652118683,4,1.0606060606060606,0.6446135278126913,Square
900.0,132.08326029777527,4,1.0263157894736843,0.6482713262924032,Square
2758.5,203.2375876903534,8,0.7605633802816901,0.8392179983508254,Circle
770.0,120.62741661071777,4,1.1,0.6649799259941279,Square
1223.5,151.01219260692596,4,0.7555555555555555,0.674201650067015,Rectangle
360.5,80.38477599620819,4,1.1428571428571428,0.701079908525045,Square
850.0,129.11269783973694,4,1.125,0.6407533389046228,Square
383.5,98.66904616355896,4,0.9666666666666667,0.495009316192909,Square
1144.0,141.11269783973694,4,0.7906976744186046,0.7219443112732927,Rectangle
340.0,90.76955199241638,4,1.25,0.5185712043283427,Square
754.0,113.79898953437805,4,1.0,0.7316517206510283,Square
862.0,113.74011433124542,8,0.8918918918918919,0.8373168075025897,Circle
234.5,75.35533845424652,4,0.9583333333333334,0.5189489785911466,Square
124.5,158.32590091228485,4,0.975609756097561,0.06241303180127992,Square
807.0,122.28427076339722,4,0.8285714285714286,0.6781756662856514,Square
1536.5,151.29646337032318,8,0.8958333333333334,0.8434995903883239,Circle
1601.0,174.76955199241638,4,0.8627450980392157,0.6586726793876131,Square
1402.0,147.53910386562347,8,0.7843137254901961,0.8093634628163047,Circle
674.0,115.25483322143555,4,1.09375,0.637604637729267,Square
696.0,113.4558436870575,4,1.1481481481481481,0.6794622990254969,Square
482.5,112.32590067386627,4,0.8648648648648649,0.4805597161881891,Square
907.0,132.08326029777527,4,1.0526315789473684,0.6533134366080108,Square
2792.0,204.651801943779,8,0.7746478873239436,0.8377108339348042,Circle
771.5,118.38477599620819,4,1.1379310344827587,0.6917578257764121,Square
1218.0,145.4558436870575,4,0.7727272727272727,0.7234271520458805,Rectangle
369.0,80.97056245803833,4,1.1428571428571428,0.7072645945825905,Square
868.0,127.11269783973694,4,1.1612903225806452,0.6750745205210287,Square
1146.0,140.28427076339722,4,0.8333333333333334,0.7317732399511324,Square
345.0,89.59797894954681,4,1.25,0.5400482115726588,Square
304.0,84.42640578746796,4,0.6451612903225806,0.5359531724686247,Rectangle
241.5,77.35533845424652,4,1.0,0.5071616636833027,Square
820.5,122.04163014888763,4,0.8285714285714286,0.6922651188488467,Square
1018.0,137.11269783973694,4,1.0571428571428572,0.6804595126085629,Square
695.5,113.69848430156708,4,1.1428571428571428,0.6760793138504633,Square
484.0,112.56854104995728,4,0.8888888888888888,0.47997780001507595,Square
902.5,132.6690467596054,4,1.0810810810810811,0.6443441014635812,Square
761.0,121.11269783973694,4,1.1724137931034482,0.6519513126917571,Square
1219.0,149.11269783973694,4,0.813953488372093,0.6889446215364752,Square
374.5,83.21320307254791,4,1.1904761904761905,0.6796373022867078,Square
339.0,91.59797894954681,4,1.2916666666666667,0.5077357922048417,Square
311.5,84.66904664039612,4,0.625,0.5460326040920425,Rectangle
113.0,124.76955199241638,4,1.5769230769230769,0.09121601102587783,Rectangle
361.5,97.49747359752655,3,0.9032258064516129,0.4778938495958236,Triangle
494.5,114.32590067386627,4,0.8648648648648649,0.47543034417467156,Square
856.0,127.94112491607666,4,1.1935483870967742,0.6571481640186385,Square
378.5,98.18376564979553,3,1.0,0.4933968569747133,Triangle
1150.5,142.5269113779068,4,0.813953488372093,0.7117094612711279,Square
521.0,115.740114569664,4,0.8205128205128205,0.48874212353383556,Square
395.5,105.15432810783386,4,0.5897435897435898,0.4494713830883216,Rectangle
103.5,93.69848418235779,4,4.666666666666667,0.1481443468681735,Rectangle
901.5,128.87005722522736,4,1.0,0.6821369143586316,Square
292.0,86.4264065027237,4,0.9285714285714286,0.49124687819981194,Square
1076.5,148.66904664039612,4,1.1388888888888888,0.61204419791768,Square
740.0,117.4558436870575,4,1.1379310344827587,0.6740503309047208,Square
114.5,96.38477599620819,3,7.5,0.15488111480370143,Triangle
102.0,114.28427076339722,3,5.888888888888889,0.09813797962721998,Triangle
451.5,109.15432751178741,3,0.9142857142857143,0.4761959549700434,Triangle
122.5,162.32590091228485,4,1.1538461538461537,0.05842117788252501,Square
131.5,176.32590091228485,4,1.0714285714285714,0.05315001529918701,Square
354.5,93.8406195640564,3,0.9333333333333333,0.5058763432975524,Triangle
452.0,110.56854140758514,3,0.9411764705882353,0.46460634632238074,Triangle
2035.0,203.74011433124542,4,0.9473684210526315,0.616057411193193,Square
982.0,136.28427076339722,4,1.0,0.6644003957557286,Square
1178.5,151.01219260692596,4,1.131578947368421,0.6494046952218858,Square
556.0,122.56854140758514,4,0.9473684210526315,0.46507888194469504,Square
1311.5,157.01219260692596,4,0.8666666666666667,0.6685153784959763,Square
1132.5,142.04163014888763,4,0.925,0.7053696657088493,Square
2103.5,205.15432798862457,4,0.9482758620689655,0.628045363193916,Square
1024.5,138.87005722522736,4,0.9722222222222222,0.6675819685443843,Square
810.0,126.91168737411499,4,1.1111111111111112,0.6319629913775429,Square
1013.0,144.71067690849304,4,1.125,0.6078804262925072,Square
123.0,141.53910398483276,4,0.96875,0.07715464751755043,Square
2152.5,207.982754945755,4,0.9482758620689655,0.6253143151448596,Square
819.5,126.32590079307556,4,1.1428571428571428,0.6453183496059836,Square
878.0,131.5979790687561,4,1.2333333333333334,0.6370975574641256,Square
1035.5,142.81118214130402,4,1.125,0.6380218309085337,Square
1399.5,159.35533845424652,4,0.8888888888888888,0.6925474471297959,Square
115.5,121.01219260692596,3,3.533333333333333,0.0991136770255364,Triangle
112.0,101.59797894954681,4,2.933333333333333,0.13635081844600486,Rectangle
405.0,89.94112491607666,4,1.2272727272727273,0.6291413893105223,Square
122.0,128.08326017856598,4,4.071428571428571,0.09345121407120581,Rectangle
113.0,100.28427076339722,4,6.571428571428571,0.14119608854098123,Rectangle
116.5,104.5269113779068,3,3.9166666666666665,0.13399221110244972,Triangle
112.5,108.5269113779068,3,4.166666666666667,0.12002936256333244,Triangle
111.0,88.28427076339722,4,4.444444444444445,0.17896420466042062,Rectangle
108.5,103.21320307254791,4,5.444444444444445,0.1279879521554876,Rectangle
102.0,94.14213538169861,4,6.428571428571429,0.144624525081744,Rectangle
110.5,106.04163014888763,3,4.0,0.12348646295748694,Triangle
134.5,97.69848430156708,4,4.5,0.17707469243876717,Rectangle
124.0,101.4558436870575,3,5.222222222222222,0.1513831074328022,Triangle
110.5,110.87005722522736,3,5.777777777777778,0.1129649198881181,Triangle
956.0,129.4558436870575,4,0.9722222222222222,0.7168436416411396,Square
414.5,104.66904652118683,4,0.96875,0.47544234895417486,Square
970.0,135.4558436870575,4,0.9722222222222222,0.6643334297812705,Square
1195.5,153.35533845424652,4,0.975,0.6387952040074192,Square
831.0,119.79898953437805,4,1.1724137931034482,0.7276199161982726,Square
580.5,126.81118166446686,4,0.9487179487179487,0.45362500833686986,Square
1745.0,164.36753129959106,8,0.8490566037735849,0.8116582934438819,Circle
106.5,103.6396095752716,4,1.5769230769230769,0.1245971002954267,Rectangle
788.0,124.08326029777527,4,1.0857142857142856,0.6431461724293558,Square
823.0,123.11269783973694,4,1.1666666666666667,0.6823449826911363,Square
1033.5,141.49747383594513,4,1.075,0.648668744120061,Square
1415.0,159.94112491607666,4,0.7872340425531915,0.6950979560185853,Rectangle
438.5,107.49747431278229,3,1.032258064516129,0.476851266841903,Triangle
113.0,109.53910374641418,3,1.4827586206896552,0.11834500739343813,Triangle
114.0,119.19595801830292,3,1.5666666666666667,0.10083043904633703,Triangle
109.0,85.4558436870575,4,3.5454545454545454,0.18756544402553366,Rectangle
109.5,89.69848430156708,3,3.4166666666666665,0.17102270615177195,Triangle
129.0,151.53910434246063,4,1.1724137931034482,0.0705911313320621,Square
100.5,107.69848430156708,4,2.2222222222222223,0.10888216386510496,Rectangle
193.5,59.55634891986847,4,1.0625,0.6855430022809977,Square
801.5,121.69848430156708,4,0.9696969696969697,0.6800534560614964,Square
782.5,116.38477599620819,4,0.96875,0.7259418939206996,Square
251.0,79.5979790687561,3,1.0,0.4978282097615885,Triangle
358.0,98.08326017856598,4,1.0,0.467630796914553,Square
1660.0,180.42640614509583,4,0.8301886792452831,0.6407929939541865,Square
936.5,138.32590091228485,4,1.0,0.6150502945919811,Square
771.0,119.94112491607666,4,1.032258064516129,0.6734851227455139,Square
345.5,96.66904675960541,4,0.9666666666666667,0.4646041059215994,Square
841.5,125.21320307254791,4,0.8285714285714286,0.6744717026344877,Square
1653.5,181.01219248771667,4,0.8653846153846154,0.6341593583755983,Square
691.0,116.91168713569641,4,1.0,0.6352900534966399,Square
759.0,114.62741661071777,4,1.0333333333333334,0.7258963798286934,Square
551.0,121.39696788787842,3,0.85,0.469835451823685,Triangle
946.0,136.911687374115,4,0.975,0.6341908246940546,Square
1298.0,153.94112491607666,4,0.7083333333333334,0.6882959986885734,Rectangle
1287.5,152.18376553058624,4,0.75,0.6985869205008347,Rectangle
773.0,123.5979790687561,4,1.03125,0.6358674857625718,Square
113.5,147.8406196832657,4,0.925,0.06525565857787068,Square
353.0,97.25483322143555,3,0.9666666666666667,0.46898848808656024,Triangle
844.0,127.94112491607666,4,0.8333333333333334,0.6479358065791249,Square
1655.0,182.08326017856598,4,0.8653846153846154,0.6272892147402066,Square
850.0,126.62741661071777,4,0.8857142857142857,0.6661519389582902,Square
755.5,116.04163014888763,4,1.0666666666666667,0.7050447620232264,Square
551.5,121.15432834625244,3,0.825,0.4721473018374714,Triangle
937.0,134.42640614509583,4,0.95,0.651598804506158,Square
1308.0,152.28427076339722,4,0.723404255319149,0.7087735661554406,Rectangle
845.0,125.4558436870575,4,1.0303030303030303,0.6746597206787348,Square
955.5,132.04163014888763,4,1.088235294117647,0.6886821088534336,Square
434.5,107.49747359752655,3,0.9375,0.47250143261115446,Triangle
1321.5,142.46803617477417,9,0.7755102040816326,0.8181673712399107,Circle
1298.0,152.42640614509583,4,0.75,0.7020436835659668,Rectangle
184.0,58.14213538169861,4,1.2857142857142858,0.6839836666050861,Square
127.5,151.49747383594513,4,0.95,0.06980865433077964,Square
1646.5,183.15432798862457,4,0.8653846153846154,0.6167898635578261,Square
870.0,129.11269783973694,4,0.9705882352941176,0.6558298880553198,Square
688.5,115.8406194448471,4,1.0909090909090908,0.6447510620829773,Square
1073.0,143.5979790687561,4,0.9736842105263158,0.6539023982868896,Square
761.5,115.21320307254791,4,1.1379310344827587,0.7209004062110204,Square
548.5,119.98275566101074,4,0.8717948717948718,0.47879414561465633,Square
953.5,133.8406196832657,4,1.0526315789473684,0.6688899702348047,Square
1308.0,154.76955199241638,4,0.723404255319149,0.6861934324365524,Rectangle
850.5,126.87005722522736,4,1.0606060606060606,0.663996683924552,Square
403.5,85.21320307254791,4,1.0,0.6982961096909694,Square
956.0,133.4558436870575,4,1.088235294117647,0.6745164815393071,Square
435.0,106.91168797016144,3,0.96875,0.47824313884211533,Triangle
524.0,96.14213538169861,4,1.1666666666666667,0.7123831249274524,Square
1302.5,153.01219260692596,4,0.7291666666666666,0.6990939102668452,Rectangle
958.0,136.42640614509583,4,1.0526315789473684,0.6468126360056141,Square
409.0,88.28427076339722,4,1.1304347826086956,0.6594266640190274,Square
103.0,100.71067714691162,4,1.4814814814814814,0.12761333445445625,Square
379.5,102.6690468788147,4,1.0666666666666667,0.4524208211497683,Square
1424.0,148.7106775045395,8,0.78,0.8091621299170269,Circle
1684.0,187.74011433124542,4,0.8679245283018868,0.6003960068746367,Square
695.0,117.59797894954681,4,1.0909090909090908,0.6315314057168986,Square
1322.5,157.01219248771667,4,0.7291666666666666,0.6741224471242296,Rectangle
767.5,108.32590115070343,8,0.7631578947368421,0.8219087936927071,Circle
1446.5,150.1248904466629,9,0.78,0.8065343991663222,Circle
728.0,119.25483310222626,4,1.121212121212121,0.6432640273601066,Square
977.5,137.8406196832657,4,1.0789473684210527,0.6465054589644832,Square
1309.0,158.08326029777527,4,0.72,0.6582301061454748,Rectangle
1430.0,149.05382227897644,9,0.78,0.8088344987744593,Circle
101.0,95.4558436870575,3,5.0,0.13929200725428445,Triangle
108.5,82.87005722522736,3,3.4545454545454546,0.1985383118145401,Triangle
115.5,88.87005722522736,4,3.727272727272727,0.18377267145897122,Rectangle
104.0,103.4558436870575,4,7.0,0.12210491617671086,Rectangle
122.5,92.04163014888763,3,3.8181818181818183,0.18170938103073214,Triangle
115.5,90.87005722522736,4,3.8181818181818183,0.17577222293818492,Rectangle
100.5,92.38477599620819,4,6.285714285714286,0.14797048781082733,Rectangle
111.5,80.87005722522736,4,3.7,0.21424427744152863,Rectangle
823.0,120.62741661071777,4,1.0,0.7107512715495679,Square
1795.0,191.25483310222626,4,0.8518518518518519,0.6166652547787286,Square
1440.0,170.08326029777527,4,0.7755102040816326,0.6255315393757394,Rectangle
445.5,113.84061992168427,4,1.0625,0.43197943123298355,Square
197.5,62.38477599620819,4,1.0625,0.6377048558446327,Square
818.5,120.5269113779068,4,1.0,0.7080444009237779,Square
264.5,81.01219260692596,3,1.04,0.506447891351723,Triangle
1762.5,186.66904664039612,4,0.8333333333333334,0.6356153412156066,Square
912.5,130.87005722522736,4,0.9166666666666666,0.6695178381323924,Square
805.5,120.04163014888763,4,1.1666666666666667,0.7024438909707261,Square
574.5,127.15432786941528,4,0.925,0.4465165946262765,Square
1044.0,144.911687374115,4,1.025,0.62474607415716,Square
1429.5,164.18376541137695,4,0.7346938775510204,0.6663978703491614,Rectangle
444.5,90.87005722522736,4,1.04,0.6764567367621056,Square
443.5,110.66904771327972,4,1.0,0.45504164248327056,Square
808.0,119.4558436870575,4,1.03125,0.7115516415192981,Square
259.5,81.01219260692596,4,0.9615384615384616,0.4968742072051876,Square
1750.0,186.08326017856598,4,0.7962962962962963,0.635087112817485,Rectangle
757.0,123.25483310222626,4,1.0588235294117647,0.6261780323915609,Square
796.5,120.5269113779068,4,1.1333333333333333,0.6890132746924729,Square
1029.5,141.01219260692596,4,1.0,0.6506132205355786,Square
568.5,121.15432727336884,4,0.8974358974358975,0.4867012617380238,Square
1414.5,161.01219260692596,4,0.7346938775510204,0.6856386443981429,Rectangle
907.5,128.87005722522736,4,1.0,0.6866769270997872,Square
453.5,109.84062004089355,3,0.9393939393939394,0.4723470461739222,Triangle
1402.0,159.5979790687561,4,0.74,0.6916766299416222,Rectangle
796.5,109.49747371673584,8,0.8108108108108109,0.8348096205224864,Circle
837.5,120.04163014888763,4,1.03125,0.7303497935294639,Square
898.5,130.5269113779068,4,0.8888888888888888,0.6627165592009352,Square
1498.5,149.63960909843445,8,0.7647058823529411,0.8409564022956771,Circle
1753.0,183.5979790687561,4,0.8301886792452831,0.6535156424013289,Square
900.5,130.04163014888763,4,0.9166666666666666,0.6691581490328907,Square
754.5,121.01219248771667,4,1.0588235294117647,0.6474568784684112,Square
799.5,118.38477599620819,4,1.1,0.7168637481636313,Square
1024.5,139.01219260692596,4,0.975,0.666217505374462,Square
573.5,124.46803677082062,3,0.9,0.4651870404150642,Triangle
906.5,128.87005722522736,4,1.0,0.6859202583095946,Square
436.5,89.21320307254791,4,1.0,0.6891850488609207,Square
465.5,111.49747359752655,3,0.9696969696969697,0.4705431934084828,Triangle
1389.0,153.94112479686737,4,0.72,0.7365509581349108,Rectangle
1099.5,127.98275518417358,8,0.8333333333333334,0.8435332130621339,Circle
1491.0,149.8822501897812,8,0.78,0.8340404201057302,Circle
755.0,120.76955187320709,4,1.0909090909090908,0.650491919440222,Square
1046.0,142.08326029777527,4,1.0512820512820513,0.6511120314892178,Square
2978.0,212.65180230140686,8,0.6753246753246753,0.8275541515059613,Circle
438.5,90.04163014888763,4,0.9615384615384616,0.6796616471227699,Square
1385.0,156.76955199241638,4,0.74,0.7081678443554437,Rectangle
1073.5,127.15432822704315,9,0.7906976744186046,0.8343525877023458,Circle
110.0,147.5979789495468,4,1.0263157894736843,0.06345147579726684,Square
712.5,140.12488925457,4,0.6037735849056604,0.45599929158726155,Rectangle
399.0,96.0832599401474,4,0.8181818181818182,0.5431093764512763,Square
1411.5,148.1248903274536,8,0.6851851851851852,0.8084155579273627,Circle
725.5,104.66904640197754,9,0.7777777777777778,0.8321674908370433,Circle
1045.5,127.98275470733643,8,0.8095238095238095,0.8021045755599068,Circle
111.0,155.25483310222626,4,0.9047619047619048,0.05786854799240947,Square
1147.0,131.39696848392487,8,0.7391304347826086,0.8348387340376362,Circle
1384.0,145.88224959373474,8,0.6792452830188679,0.8172238837059,Circle
717.5,103.8406195640564,8,0.8,0.8361750947683715,Circle
1138.5,130.81118154525757,9,0.7391304347826086,0.8360902560808232,Circle
1365.0,144.225395321846,8,0.7551020408163265,0.8246298271491278,Circle
1288.5,153.8406196832657,4,0.7291666666666666,0.684151440457793,Rectangle
707.0,103.25483286380768,8,0.8,0.8333136613764383,Circle
851.0,126.76955199241638,4,1.0,0.6654409347304765,Square
1338.5,141.63960933685303,8,0.7708333333333334,0.838414535590924,Circle
1264.5,149.35533845424652,4,0.7083333333333334,0.7123397786880071,Rectangle
702.0,110.97056245803833,4,1.0333333333333334,0.7163601217529966,Square
1338.0,143.0538228750229,8,0.7551020408163265,0.8216125062042888,Circle
1538.0,172.7695518732071,4,0.803921568627451,0.6474880923449075,Square
910.0,136.911687374115,4,0.9487179487179487,0.6100567129720821,Square
1038.5,132.04163014888763,4,0.972972972972973,0.7485048352111886,Square
1517.0,173.25483298301697,4,0.7843137254901961,0.6350745781654923,Rectangle
685.5,111.21320307254791,4,1.0689655172413792,0.6964735452479925,Square
514.0,118.22539556026459,3,0.8461538461538461,0.4621164532848167,Triangle
698.5,112.5269113779068,4,1.0333333333333334,0.6932078583228507,Square
114.5,145.35533845424652,4,0.9487179487179487,0.06810098245763682,Square
309.5,91.84061932563782,4,0.9642857142857143,0.46110614498683883,Square
1507.0,171.11269783973694,4,0.8,0.6467830635304483,Square
663.0,114.42640602588654,4,1.0625,0.6363131190304455,Square
673.5,110.38477599620819,4,1.1071428571428572,0.6945909216330156,Square
899.0,130.42640614509583,4,1.0,0.6641076768192549,Square
505.5,115.15432751178741,3,0.8421052631578947,0.47903858636645447,Triangle
768.0,119.4558436870575,4,0.9393939393939394,0.676326312731214,Square
500.5,111.9827561378479,3,0.8648648648648649,0.5015470050552453,Triangle
415.5,105.8406195640564,3,0.90625,0.46609682574370864,Triangle
732.0,124.76955199241638,4,0.8823529411764706,0.5908860183269253,Square
329.5,96.66904640197754,3,1.0357142857142858,0.443088434251405,Triangle
1450.5,169.8406195640564,4,0.8163265306122449,0.6318943414247821,Square
673.5,110.04163014888763,4,1.1481481481481481,0.6989295998306471,Square
856.5,130.18376553058624,4,1.09375,0.6350728883608028,Square
656.0,100.42640614509583,8,0.7941176470588235,0.8173684322826049,Circle
672.5,109.21320307254791,4,1.0344827586206897,0.7085195915548276,Square
227.5,76.18376553058624,4,1.0869565217391304,0.49256822843660497,Square
731.0,119.4558436870575,4,0.8787878787878788,0.6437428836022363,Square
319.5,93.497474193573,4,0.9310344827586207,0.4592836329169102,Square
505.5,140.6101714372635,4,0.7083333333333334,0.32129025145839135,Rectangle
622.5,109.35533833503723,4,1.0666666666666667,0.6541377949076955,Square
947.0,135.5979790687561,4,0.918918918918919,0.6472222057147154,Square
856.0,128.76955199241638,4,1.0277777777777777,0.6487199579355678,Square
495.0,116.56854140758514,4,0.9444444444444444,0.45777528151430175,Square
1151.0,149.25483322143555,4,0.7333333333333333,0.6492745511045329,Rectangle
364.0,80.97056245803833,4,1.0909090909090908,0.6976810634906855,Square
855.5,128.5269113779068,4,1.1290322580645162,0.6507912956023355,Square
485.0,95.4558436870575,4,1.125,0.6688774605775045,Square
669.5,99.8406194448471,8,0.7941176470588235,0.8440067339078827,Circle
674.5,110.04163014888763,4,1.0344827586206897,0.6999673572171811,Square
925.5,118.32590079307556,8,0.8205128205128205,0.8306664087074456,Circle
319.0,91.25483310222626,3,0.9642857142857143,0.48138083597245346,Triangle
727.0,116.62741661071777,4,0.8787878787878788,0.6716499137985001,Square
1250.0,137.39696860313416,8,0.782608695652174,0.8320809421226911,Circle
1459.5,166.5269112586975,4,0.7959183673469388,0.661370941774941,Rectangle
349.0,88.08325982093811,4,0.8064516129032258,0.565260363381499,Square
742.0,119.4558436870575,4,0.9393939393939394,0.6534298490189594,Square
627.5,109.35533821582794,4,1.1,0.6593919151799142,Square
953.0,134.76955199241638,4,0.8918918918918919,0.6593548352140888,Square
861.5,128.18376553058624,4,1.0277777777777777,0.6588690317145659,Square
482.0,114.56854140758514,4,0.9166666666666666,0.4614515766259475,Square
1175.5,144.87005710601807,4,0.7333333333333333,0.7038420910048628,Rectangle
758.0,118.28427076339722,4,1.032258064516129,0.6808086674601136,Square
363.0,80.97056245803833,4,1.0454545454545454,0.6957643572723046,Square
863.5,128.5269113779068,4,1.096774193548387,0.6568770119843563,Square
383.5,101.84061992168427,3,1.0,0.4646577271332826,Triangle
1163.0,142.28427076339722,4,0.7555555555555555,0.721897925871425,Rectangle
160.0,53.31370830535889,4,1.0,0.7073788386337545,Square
671.5,99.84061980247498,8,0.7941176470588235,0.8465280325003082,Circle
674.5,108.38477599620819,4,1.0,0.7215314225713363,Square
932.0,117.74011421203613,9,0.8,0.8448446745547511,Circle
220.0,72.76955223083496,3,1.0,0.5220752914864766,Triangle
629.5,130.81118190288544,4,0.58,0.46229144780416925,Rectangle
310.0,92.08326053619385,4,0.9642857142857143,0.45942029947982105,Square
733.5,116.04163014888763,4,0.8484848484848485,0.6845140078676857,Square
1248.5,136.81118214130402,8,0.782608695652174,0.8382145972850248,Circle
1453.0,170.42640614509583,4,0.8163265306122449,0.6286395584764427,Square
354.5,90.32590043544769,4,0.8125,0.5460111409877171,Square
746.5,118.04163014888763,4,0.9090909090909091,0.6732390200558577,Square
1229.0,138.71067690849304,8,0.7,0.802679117870668,Circle
625.0,107.94112479686737,4,1.0666666666666667,0.6740870792487119,Square
233.5,87.84061908721924,4,0.5428571428571428,0.38028217836568196,Rectangle
670.0,108.62741661071777,4,1.1481481481481481,0.7135193647845642,Square
628.0,127.5391035079956,4,0.6326530612244898,0.48515754289562685,Rectangle
864.5,127.35533845424652,4,1.0,0.669792920605027,Square
482.0,110.91168701648712,4,0.8888888888888888,0.4923821268594583,Square
2538.5,195.92387998104095,8,0.6527777777777778,0.8310215504180023,Circle
1177.0,147.94112491607666,4,0.7333333333333333,0.6757849155932922,Rectangle
756.5,117.21320307254791,4,1.0333333333333334,0.6919356840533009,Square
367.5,82.04163014888763,4,1.0434782608695652,0.6861177349197077,Square
859.5,124.38477599620819,4,1.096774193548387,0.6981058676034502,Square
386.0,104.08326029777527,3,0.967741935483871,0.44774979278413046,Triangle
491.0,91.31370830535889,4,1.0833333333333333,0.7399790016307854,Square
1167.5,143.35533845424652,4,0.7333333333333333,0.7139026802108787,Rectangle
376.5,96.18376553058624,3,1.1481481481481481,0.5114124468245111,Triangle
678.0,101.25483286380768,8,0.8235294117647058,0.8310134169065422,Circle
678.5,109.21320307254791,4,1.0344827586206897,0.7148409559404469,Square
940.0,120.56854128837585,8,0.8,0.8125866901068234,Circle
736.0,118.28427076339722,4,0.8235294117647058,0.6610490491433293,Square
1264.0,138.22539603710175,8,0.7659574468085106,0.8313449291186901,Circle
1462.0,170.42640614509583,4,0.8163265306122449,0.6325334029542734,Square
364.5,90.32590079307556,3,0.8125,0.5614134254275102,Triangle
755.0,116.97056245803833,4,0.9090909090909091,0.6934316485481616,Square
1230.0,137.88224959373474,8,0.7,0.8130144313303173,Circle
669.0,109.4558436870575,4,1.1481481481481481,0.7017106630894967,Square
632.0,128.3675321340561,3,0.6122448979591837,0.48196617321556917,Triangle
333.0,100.56854140758514,4,0.7297297297297297,0.4137421764956362,Rectangle
870.0,126.76955199241638,4,1.0,0.6802980178795706,Square
483.0,111.74011445045471,4,0.9166666666666666,0.486114718834058,Square
2547.5,196.7523066997528,8,0.6666666666666666,0.8269597868945209,Circle
1190.0,145.4558436870575,4,0.7333333333333333,0.7067966428034463,Rectangle
759.0,116.62741661071777,4,1.0,0.7012135963866047,Square
868.5,126.87005722522736,4,1.0625,0.6780495237959712,Square
386.5,100.66904747486115,4,0.967741935483871,0.4792558729446799,Square
491.0,92.14213538169861,4,1.0833333333333333,0.7267328816206791,Square
1170.5,143.35533845424652,4,0.7333333333333333,0.7157371196461101,Rectangle
370.0,94.76955199241638,3,1.1111111111111112,0.5176949552289759,Triangle
161.0,52.485281229019165,4,1.0714285714285714,0.734447374833132,Square
681.5,102.66904675960541,8,0.8,0.8124500403940986,Circle
679.5,108.38477599620819,4,1.0,0.7268800617305011,Square
948.0,118.91168713569641,8,0.8,0.8424984671561526,Circle
217.5,73.35533833503723,4,1.0,0.5079321190458288,Square
1268.5,137.63960897922516,8,0.7872340425531915,0.8414212487934684,Circle
1462.5,167.69848430156708,4,0.8163265306122449,0.6535028170646046,Square
355.0,88.08326005935669,4,0.8064516129032258,0.5749783034788613,Square
753.5,118.38477599620819,4,0.9090909090909091,0.6756183042417714,Square
669.0,107.79898953437805,4,1.1481481481481481,0.7234468031377358,Square
627.5,126.1248916387558,3,0.6122448979591837,0.4957034961344139,Triangle
871.5,127.35533845424652,4,1.0,0.6752163450633674,Square
480.0,111.74011409282684,4,0.9166666666666666,0.48309537584666823,Square
2564.5,196.75230717658997,8,0.6666666666666666,0.8324782583755088,Circle
1192.5,145.69848430156708,4,0.7333333333333333,0.7059243848628788,Rectangle
757.5,117.21320307254791,4,1.0,0.6928503379648057,Square
371.0,81.79898953437805,4,1.0434782608695652,0.6967675171373431,Square
865.5,125.21320307254791,4,1.0625,0.6937079722283411,Square
384.5,99.84061884880066,4,0.9354838709677419,0.48472082608266376,Square
492.5,92.38477599620819,4,1.125,0.7251290074311688,Square
1306.5,140.46803641319275,8,0.7916666666666666,0.8320784130253874,Circle
1181.5,145.01219260692596,4,0.7333333333333333,0.7060485274661723,Rectangle
370.0,96.42640614509583,4,1.1481481481481481,0.5000571330741875,Square
161.0,54.14213538169861,4,1.0714285714285714,0.6901841461207295,Square
681.0,101.25483298301697,8,0.7714285714285715,0.8346904654584332,Circle
677.5,108.38477599620819,4,1.0,0.7247406060668352,Square
944.0,118.91168761253357,8,0.8461538461538461,0.838943614574827,Circle
217.0,72.76955199241638,4,1.0,0.5149560863405599,Square
739.5,118.87005722522736,4,0.8235294117647058,0.6576625299185901,Square
1275.0,138.2253955602646,8,0.7659574468085106,0.8385797404584386,Circle
1464.5,166.5269113779068,4,0.7959183673469388,0.6636366857435264,Rectangle
354.0,89.74011504650116,4,0.8125,0.5523824629372959,Square
754.5,116.38477599620819,4,0.9090909090909091,0.6999656983554862,Square
1238.5,138.46803641319275,8,0.68,0.8117210486027214,Circle
671.0,107.79898953437805,4,1.1481481481481481,0.7256095738496572,Square
632.0,127.53910338878632,4,0.6326530612244898,0.48824771924080185,Rectangle
873.0,127.11269783973694,4,1.0,0.6789631986346292,Square
479.0,111.74011409282684,4,0.9166666666666666,0.48208892714698776,Square
2576.0,197.33809351921082,8,0.6666666666666666,0.831254226275741,Circle
1194.0,145.94112479686737,4,0.7333333333333333,0.7044640132547179,Rectangle
765.5,118.04163014888763,4,1.0,0.6903743735468975,Square
371.0,81.79898953437805,4,1.0434782608695652,0.6967675171373431,Square
865.5,124.38477599620819,4,1.03125,0.702979206993352,Square
388.5,99.84061920642853,4,0.9354838709677419,0.4897634319480825,Square
495.0,92.14213538169861,4,1.0833333333333333,0.7326533124281794,Square
1310.5,140.46803665161133,8,0.7916666666666666,0.8346259139442275,Circle
1182.5,142.5269113779068,4,0.7333333333333333,0.7315049438966613,Rectangle
370.0,94.76955199241638,3,1.1111111111111112,0.5176949552289759,Triangle
679.0,100.42640602588654,8,0.7941176470588235,0.8460261689595692,Circle
675.5,108.38477599620819,4,1.0,0.7226011504031693,Square
943.5,117.49747347831726,9,0.8205128205128205,0.8588052925205009,Circle
217.0,72.76955199241638,4,1.0,0.5149560863405599,Square
307.0,90.42640590667725,4,0.9285714285714286,0.4717997431520828,Square
738.5,118.87005722522736,4,0.8235294117647058,0.6567731958686663,Square
1276.0,137.39696872234344,8,0.7659574468085106,0.8493882242449393,Circle
1471.0,167.11269783973694,4,0.7959183673469388,0.6619171534056268,Rectangle
356.0,88.91168773174286,4,0.78125,0.5659032051544448,Rectangle
756.5,117.21320307254791,4,0.9090909090909091,0.6919356840533009,Square
1244.5,139.29646337032318,8,0.7,0.8059805929565614,Circle
636.5,111.01219248771667,4,1.03125,0.6490331986406435,Square
669.5,108.38477599620819,4,1.1481481481481481,0.7161827834121716,Square
873.5,126.5269113779068,4,1.0,0.6856570722865952,Square
479.0,110.91168713569641,4,0.8888888888888888,0.4893175067607658,Square
2577.0,197.33809340000153,8,0.6666666666666666,0.8315769191384562,Circle
1199.0,145.11269783973694,4,0.7333333333333333,0.7155141297960093,Rectangle
771.5,118.04163014888763,4,1.0,0.6957855378072259,Square
372.0,80.97056245803833,4,1.0,0.7130147132377335,Square
863.0,127.4558436870575,4,1.03125,0.6675766771767977,Square
389.0,100.08325970172882,4,0.9354838709677419,0.4880188325465163,Square
1304.5,140.46803617477417,8,0.7916666666666666,0.8308046639696195,Circle
1178.0,143.11269783973694,4,0.7333333333333333,0.7227678347660448,Rectangle
370.0,94.76955199241638,3,1.1111111111111112,0.5176949552289759,Triangle
678.0,100.42640578746796,9,0.7941176470588235,0.8447801845038876,Circle
675.5,108.38477599620819,4,1.0,0.7226011504031693,Square
948.5,119.15432739257812,8,0.8,0.8395132602687789,Circle
215.5,73.35533821582794,4,1.0,0.5032614805063889,Square
734.5,118.87005722522736,4,0.8529411764705882,0.6532158596689714,Square
1277.0,138.22539567947388,8,0.7659574468085106,0.8398951582104616,Circle
1472.0,168.28427076339722,4,0.78,0.6531766090122145,Rectangle
357.5,89.49747371673584,4,0.78125,0.5608727718060947,Rectangle
752.5,118.87005722522736,4,0.8823529411764706,0.6692238725675984,Square
1250.0,139.0538226366043,8,0.7,0.8123702535027643,Circle
636.0,109.59797894954681,4,1.064516129032258,0.665367966752992,Square
669.5,109.21320307254791,4,1.1071428571428572,0.7053589093620181,Square
631.0,125.88225054740906,3,0.6122448979591837,0.5003918479489476,Triangle
878.0,129.5979790687561,4,1.0,0.656913098260358,Square
479.0,110.91168713569641,4,0.8888888888888888,0.4893175067607658,Square
2583.0,198.99494791030884,8,0.6712328767123288,0.8196910041325243,Circle
1194.5,144.87005722522736,4,0.7333333333333333,0.7152185251566733,Rectangle
776.0,118.62741661071777,4,0.96875,0.6929492671880669,Square
376.0,81.79898953437805,4,1.0,0.7061579149424285,Square
866.0,127.4558436870575,4,1.0625,0.6698973377000079,Square
390.0,100.08326160907745,4,0.9354838709677419,0.48927336102511443,Square
1172.0,141.4558436870575,4,0.7333333333333333,0.7360302929785723,Rectangle
372.0,95.5979790687561,3,1.0714285714285714,0.5115114751511127,Triangle
161.5,54.72792184352875,4,1.0,0.6775860812493496,Square
677.5,99.8406195640564,8,0.7941176470588235,0.8540919504960448,Circle
679.5,109.21320307254791,4,1.0,0.7158945166713835,Square
944.5,119.15432798862457,8,0.825,0.8359728691523475,Circle
218.5,74.18376529216766,4,0.9583333333333334,0.4989345282454704,Square
1051.5,123.98275530338287,8,0.7272727272727273,0.8596003307105906,Circle
307.0,91.25483357906342,3,0.896551724137931,0.46327246112571163,Triangle
1276.0,137.39696896076202,8,0.7659574468085106,0.8493882212971313,Circle
1474.0,167.11269783973694,4,0.78,0.663267086417331,Rectangle
363.0,88.0832599401474,4,0.8064516129032258,0.5879355626134363,Square
751.0,120.28427076339722,4,0.8823529411764706,0.652277085261498,Square
1248.5,137.63960909843445,8,0.7142857142857143,0.8281548500582973,Circle
637.5,110.18376553058624,4,1.064516129032258,0.6598646034714122,Square
671.0,107.79898953437805,4,1.1071428571428572,0.7256095738496572,Square
631.5,126.12489104270935,3,0.6122448979591837,0.49886336377307977,Triangle
873.0,128.76955199241638,4,1.0,0.6616034150441013,Square
2587.5,198.40916204452515,8,0.6712328767123288,0.8259747603987911,Circle
1199.0,145.4558436870575,4,0.7333333333333333,0.7121421636313716,Rectangle
773.0,117.79898953437805,4,0.96875,0.7000131970475291,Square
377.0,80.97056245803833,4,1.0,0.7225982443296385,Square
389.0,101.25483405590057,4,0.9354838709677419,0.47679087251466035,Square
1316.5,140.46803605556488,8,0.7708333333333334,0.8384471766749332,Circle
1170.5,140.87005722522736,4,0.7333333333333333,0.7412144887282246,Rectangle
372.0,94.76955199241638,3,1.1111111111111112,0.5204933063383217,Triangle
164.0,53.31370830535889,4,1.0,0.7250633095995983,Square
677.5,99.84061992168427,8,0.7941176470588235,0.8540919443773511,Circle
678.5,107.21320307254791,4,1.0,0.7417595968009747,Square
946.5,118.32590043544769,8,0.8,0.8495145981568559,Circle
217.5,74.18376529216766,4,0.9583333333333334,0.49665107502695566,Square
1051.5,123.98275518417358,8,0.7272727272727273,0.8596003323636003,Circle
307.0,91.25483310222626,3,0.896551724137931,0.4632724659672201,Triangle
1277.5,137.982754945755,8,0.7659574468085106,0.843181655428642,Circle
1458.5,165.69848430156708,4,0.7959183673469388,0.6675429688203088,Rectangle
355.5,88.32590103149414,4,0.8387096774193549,0.57262897057468,Square
756.5,118.38477599620819,4,0.8823529411764706,0.6783082244975447,Square
1247.0,139.0538227558136,8,0.7,0.8104205635048286,Circle
631.0,126.71067702770233,4,0.6122448979591837,0.4938701758094641,Rectangle
870.0,127.94112491607666,4,0.972972972972973,0.6678959143647377,Square
486.0,111.74011409282684,3,0.8648648648648649,0.4891340680447517,Triangle
2585.5,198.40916168689728,8,0.6712328767123288,0.8253363287766803,Circle
1200.5,144.87005722522736,4,0.7333333333333333,0.7188110836756688,Rectangle
772.0,116.97056245803833,4,1.0,0.7090453412969282,Square
376.5,81.55634891986847,4,1.0,0.7113106220568997,Square
879.5,125.21320307254791,4,1.0303030303030303,0.7049291294914224,Square
389.5,100.66904711723328,3,0.9354838709677419,0.48297584434216906,Triangle
1317.0,139.05382239818573,8,0.7708333333333334,0.8559133020255721,Circle
1170.5,140.87005722522736,4,0.7333333333333333,0.7412144887282246,Rectangle
375.0,95.5979790687561,3,1.1111111111111112,0.515636567692654,Triangle
164.0,54.14213538169861,4,1.0,0.7030447202720475,Square
680.0,101.25483310222626,8,0.7714285714285715,0.8334647799930487,Circle
675.0,106.97056245803833,4,1.0344827586206897,0.7412847711635303,Square
951.0,118.91168713569641,8,0.8,0.8451646015458874,Circle
215.5,74.18376588821411,3,0.9583333333333334,0.49208416068240046,Triangle
630.0,134.7106772661209,4,0.58,0.4362609837146862,Rectangle
1050.0,124.56854116916656,8,0.7272727272727273,0.8503200238798464,Circle
307.5,90.66904664039612,3,0.896551724137931,0.47004223821595686,Triangle
1279.0,137.39696836471558,8,0.7659574468085106,0.8513852229346762,Circle
1452.5,166.5269113779068,4,0.7959183673469388,0.658198897946379,Rectangle
360.0,88.91168689727783,4,0.8387096774193549,0.5722616788754311,Square
756.0,119.4558436870575,4,0.8823529411764706,0.6657587140947888,Square
1253.5,138.46803629398346,8,0.7,0.8215521487084873,Circle
648.5,111.01219248771667,4,1.0,0.6612694883243634,Square
631.5,125.29646217823029,4,0.6122448979591837,0.5054818912397173,Rectangle
682.5,109.21320307254791,4,1.0689655172413792,0.7190551988641931,Square
334.0,99.74011445045471,4,0.7027027027027027,0.42190687896140494,Rectangle
479.0,110.91168749332428,4,0.8888888888888888,0.4893175036052178,Square
874.0,129.5979790687561,4,1.0,0.6539203278810398,Square
2592.0,198.99494802951813,8,0.6712328767123288,0.8225470693635089,Circle
1210.5,147.35533833503723,4,0.717391304347826,0.7005560854013021,Rectangle
776.0,117.79898953437805,4,1.0,0.702729936492733,Square
876.5,125.21320307254791,4,1.0303030303030303,0.7025245957921906,Square
396.5,101.49747395515442,3,0.9354838709677419,0.4836626913050865,Triangle
1316.0,139.0538227558136,8,0.7708333333333334,0.8552634014212946,Circle
1171.5,140.87005722522736,4,0.7333333333333333,0.7418477347672918,Rectangle
373.0,95.5979790687561,3,1.1111111111111112,0.5128865059982931,Triangle
162.0,54.14213538169861,4,1.0,0.6944710041711688,Square
688.0,102.08326029777527,8,0.8,0.8296391509830978,Circle
673.5,107.55634891986847,4,1.0344827586206897,0.7316028040940336,Square
951.5,118.32590067386627,9,0.8,0.8540022576744398,Circle
216.5,74.18376553058624,3,0.9583333333333334,0.49436761863075307,Triangle
1052.0,124.56854152679443,8,0.7272727272727273,0.8519396761764664,Circle
743.5,117.69848430156708,4,0.8529411764705882,0.6744489713652582,Square
306.0,89.2548336982727,4,0.8620689655172413,0.4826894428304392,Square
1281.0,139.0538228750229,8,0.7872340425531915,0.8325170329348026,Circle
1452.5,167.8406196832657,4,0.8163265306122449,0.6479356210471492,Square
364.5,90.32590055465698,3,0.8125,0.5614134283912534,Triangle
1254.0,139.05382227897644,8,0.7,0.8149698425059604,Circle
648.0,110.76955187320709,4,1.0,0.6636576003705069,Square
630.5,126.46803796291351,4,0.6122448979591837,0.49537421037796103,Rectangle
674.5,110.87005722522736,4,1.0689655172413792,0.6895460494528114,Square
337.0,99.74011492729187,4,0.7027027027027027,0.4256964576362312,Rectangle
880.0,128.76955199241638,4,1.0,0.6669083679711445,Square
2589.5,198.75230717658997,8,0.6575342465753424,0.8237613696350978,Circle
1211.5,146.5269112586975,4,0.717391304347826,0.709085317191409,Rectangle
771.5,118.04163014888763,4,1.0,0.6957855378072259,Square
869.5,124.38477599620819,4,1.0303030303030303,0.7062280999199533,Square
400.5,99.84061980247498,3,0.9666666666666667,0.504891253933542,Triangle
1318.5,139.63960909843445,8,0.7708333333333334,0.8497139521666144,Circle
1176.5,141.69848430156708,4,0.717391304347826,0.7363281194857962,Rectangle
372.0,95.5979790687561,3,1.1111111111111112,0.5115114751511127,Triangle
691.5,102.66904652118683,8,0.8,0.8243715415140009,Circle
672.5,109.21320307254791,4,1.0689655172413792,0.7085195915548276,Square
225.5,72.18376612663269,3,1.0909090909090908,0.5438477495006153,Triangle
1041.5,124.81118190288544,8,0.7674418604651163,0.8401602820905317,Circle
744.5,118.04163014888763,4,0.8529411764705882,0.6714352986357481,Square
1287.0,138.56854164600372,7,0.7659574468085106,0.8422851004688757,Circle
1460.5,166.5269112586975,4,0.8163265306122449,0.6618240907586853,Square
366.0,90.0832599401474,4,0.78125,0.5667646584496624,Rectangle
749.5,119.69848430156708,4,0.8823529411764706,0.6573614000840016,Square
1250.5,138.46803641319275,8,0.7,0.8195859275556747,Circle
633.5,126.4680370092392,4,0.6122448979591837,0.4977312720180173,Rectangle
681.5,110.04163014888763,4,1.103448275862069,0.7072316589229191,Square
335.5,98.32590126991272,4,0.7222222222222222,0.4360803491207003,Rectangle
899.0,127.94112491607666,4,0.972972972972973,0.690159111510229,Square
479.5,112.32590079307556,4,0.8888888888888888,0.4775717791153127,Square
2598.5,198.7523069381714,8,0.6575342465753424,0.826624415575321,Circle
766.0,118.62741661071777,4,1.0,0.6840195085902826,Square
370.0,81.31370830535889,4,1.0454545454545454,0.7032084052975374,Square
881.5,127.69848430156708,4,1.0625,0.6792985626577008,Square
396.0,99.59798014163971,3,0.9666666666666667,0.501653663297089,Triangle
1321.5,139.63960886001587,8,0.7708333333333334,0.8516473201536715,Circle
1185.5,142.5269113779068,4,0.717391304347826,0.733360770392805,Rectangle
378.0,95.5979790687561,3,1.1481481481481481,0.5197616602341952,Triangle
731.5,117.69848430156708,4,0.8787878787878788,0.6635634466088586,Square
1477.5,169.01219260692596,4,0.7959183673469388,0.649981927972571,Rectangle
362.5,90.6690468788147,3,0.78125,0.5541148307550748,Triangle
1247.0,138.2253955602646,8,0.68,0.8201638716483709,Circle
655.5,110.52691125869751,4,1.032258064516129,0.6742896490324057,Square
975.5,133.69848430156708,4,0.918918918918919,0.6857789812542913,Square
687.0,109.79898953437805,4,1.1071428571428572,0.7160938012229001,Square
638.5,127.29646277427673,4,0.6122448979591837,0.49515149395359853,Rectangle
907.0,131.5979790687561,4,1.0,0.6581406430751274,Square
488.0,111.740114569664,4,0.9166666666666666,0.49114696125229457,Square
1202.0,146.28427076339722,4,0.7333333333333333,0.7058608090335489,Rectangle
773.5,119.21320307254791,4,1.032258064516129,0.6839454554214202,Square
371.0,81.79898953437805,4,1.0909090909090908,0.6967675171373431,Square
876.5,126.87005722522736,4,1.0625,0.6842952304054908,Square
394.5,101.01219236850739,3,1.0,0.4858579096056725,Triangle
508.5,96.04163014888763,4,1.125,0.6927583601494758,Square
1324.5,140.46803557872772,8,0.7916666666666666,0.8435421899320795,Circle
1197.0,146.42640614509583,4,0.7391304347826086,0.7015606274806724,Rectangle
374.0,96.42640602588654,3,1.1481481481481481,0.5054631573842293,Triangle
720.0,118.76955199241638,4,0.8787878787878788,0.6414046791998453,Square
1269.0,141.0538228750229,9,0.7659574468085106,0.8014967471181262,Circle
1468.5,166.5269113779068,4,0.7959183673469388,0.6654492816759089,Rectangle
103.5,101.78174531459808,4,0.9411764705882353,0.12554818144649024,Square
749.5,119.21320307254791,4,0.9393939393939394,0.6627241355376269,Square
649.0,114.08326017856598,4,1.096774193548387,0.6266293228193373,Square
971.0,133.4558436870575,4,0.9444444444444444,0.6850998991366812,Square
680.5,111.69848430156708,4,1.1071428571428572,0.6853989481672891,Square
632.0,127.53910422325134,3,0.6122448979591837,0.4882477128517709,Triangle
896.0,128.76955199241638,4,1.0277777777777777,0.6790339746615289,Square
1199.5,144.87005722522736,4,0.7333333333333333,0.7182123239225028,Rectangle
389.5,81.55634891986847,4,1.0909090909090908,0.7358711481836983,Square
880.0,129.11269783973694,4,1.0625,0.6633681626306684,Square
407.0,103.2548336982727,3,1.0333333333333334,0.4797152117373638,Triangle
1205.0,146.42640614509583,4,0.7608695652173914,0.7062494203126234,Rectangle
222.5,74.18376564979553,3,1.0434782608695652,0.5080683362208996,Triangle
732.0,117.4558436870575,4,0.8235294117647058,0.6667633003003455,Square
1275.5,137.982754945755,8,0.7659574468085106,0.841861605870241,Circle
1463.0,168.7695518732071,4,0.8163265306122449,0.6454550390685169,Square
746.5,118.04163014888763,4,0.9090909090909091,0.6732390200558577,Square
634.5,110.18376541137695,4,1.064516129032258,0.6567593596997191,Square
961.5,132.87005722522736,4,0.8918918918918919,0.6843919750356634,Square
666.0,107.79898953437805,4,1.1481481481481481,0.7202026470698536,Square
882.5,126.5269113779068,4,1.0,0.692721655744614,Square
500.0,113.740114569664,4,0.9166666666666666,0.48568260092359244,Square
1195.5,145.69848430156708,4,0.7555555555555555,0.7077002952650494,Rectangle
873.5,126.87005722522736,4,1.0625,0.6819530904269209,Square
374.0,97.25483322143555,4,1.1481481481481481,0.49688865310020836,Square
156.5,55.55634891986847,4,1.1428571428571428,0.6371721898933957,Square
263.5,74.1837660074234,4,0.6428571428571429,0.6016899114760368,Rectangle
667.5,108.38477599620819,4,1.0344827586206897,0.7140433277485055,Square
216.0,73.59797883033752,3,1.0434782608695652,0.5011085809314458,Triangle
1275.0,137.39696884155273,8,0.782608695652174,0.8487225580196475,Circle
1462.5,166.5269113779068,4,0.7959183673469388,0.6627303877773353,Rectangle
375.0,92.91168689727783,3,0.9032258064516129,0.5458840957929553,Triangle
752.0,119.4558436870575,4,0.9117647058823529,0.6622361812159804,Square
638.0,109.11269772052765,4,1.032258064516129,0.6734106117164553,Square
957.5,131.2132030725479,4,0.8918918918918919,0.6988654523256883,Square
669.0,109.79898953437805,4,1.1071428571428572,0.6973315182214268,Square
878.0,128.76955199241638,4,1.0,0.6653926671348463,Square
489.5,113.49747359752655,4,0.9166666666666666,0.4775184665995093,Square
2564.5,198.75230646133423,8,0.6575342465753424,0.8158084756262207,Circle
1205.0,145.4558436870575,4,0.7333333333333333,0.7157058441833217,Rectangle
766.0,119.4558436870575,4,1.0,0.6745650462918097,Square
881.0,126.62741661071777,4,1.0625,0.6904468920261808,Square
399.0,101.25483465194702,3,1.0333333333333334,0.48904770152602084,Triangle
1183.5,146.18376553058624,4,0.7391304347826086,0.6959528810281109,Rectangle
159.0,53.31370830535889,4,1.0714285714285714,0.7029577208922936,Square
261.5,74.1837660074234,4,0.6428571428571429,0.5971230051270725,Rectangle
663.5,107.21320307254791,4,1.0344827586206897,0.7253610795540851,Square
302.0,88.42640614509583,4,0.9285714285714286,0.48534756791471917,Square
1274.5,138.81118202209473,8,0.8043478260869565,0.8311909367189239,Circle
1458.5,167.35533845424652,4,0.78,0.6543907571901644,Rectangle
741.0,119.4558436870575,4,0.8823529411764706,0.6525492157992573,Square
636.0,110.42640602588654,4,1.064516129032258,0.6554221348748747,Square
673.5,107.55634891986847,4,1.1071428571428572,0.7316028040940336,Square
869.0,127.94112491607666,4,0.972972972972973,0.6671282179114449,Square
486.0,113.74011397361755,4,0.9444444444444444,0.4720834930455674,Square
2566.0,197.3380936384201,8,0.6438356164383562,0.8280273066950778,Circle
1205.5,145.69848430156708,4,0.7333333333333333,0.7136199966056187,Rectangle
761.0,118.62741661071777,4,0.96875,0.6795546292913904,Square
377.0,81.79898953437805,4,1.0,0.7080359945034456,Square
876.5,126.87005722522736,4,1.0625,0.6842952304054908,Square
397.5,102.66904628276825,3,1.0333333333333334,0.47387952172629255,Triangle
501.5,92.72792184352875,4,1.0833333333333333,0.7329253580194128,Square
1188.0,142.28427076339722,4,0.717391304347826,0.7374159380354711,Rectangle
157.0,53.31370830535889,4,1.0,0.6941154854093716,Square
664.5,106.38477599620819,4,1.0344827586206897,0.737812285273899,Square
302.0,88.42640614509583,4,0.9285714285714286,0.48534756791471917,Square
1267.5,136.81118214130402,8,0.8043478260869565,0.8509707665668953,Circle
1453.5,167.35533845424652,4,0.76,0.6521473881219774,Rectangle
368.5,93.49747383594513,3,0.9032258064516129,0.5297215024244557,Triangle
628.5,110.18376529216766,4,1.064516129032258,0.6505488707083423,Square
669.0,106.97056245803833,4,1.0714285714285714,0.7346955731976322,Square
874.5,128.18376553058624,4,0.972972972972973,0.6688113386353893,Square
482.0,113.74011433124542,4,0.8918918918918919,0.46819802925318826,Square
2586.5,198.7523069381714,8,0.6575342465753424,0.8228070236234626,Circle
1200.0,144.62741661071777,4,0.7333333333333333,0.7209246123631513,Rectangle
760.5,115.55634891986847,4,0.967741935483871,0.7156842490831838,Square
372.0,81.79898953437805,4,1.0434782608695652,0.69864559669836,Square
875.0,125.79898953437805,4,1.0625,0.6948060823823964,Square
396.0,101.25483429431915,3,0.967741935483871,0.48537065456722517,Triangle
1185.0,143.11269783973694,4,0.717391304347826,0.727062720032057,Rectangle
387.5,97.8406195640564,3,1.1851851851851851,0.5086782664382191,Triangle
155.0,53.31370830535889,4,1.0714285714285714,0.6852732499264497,Square
177.0,66.76955235004425,4,0.8260869565217391,0.4989145863922926,Square
663.5,108.04163014888763,4,1.0344827586206897,0.7142800735764221,Square
213.0,72.7695517539978,4,1.0,0.5054638115634866,Square
301.0,88.42640602588654,3,0.9285714285714286,0.48374045806696275,Triangle
1273.5,137.982754945755,9,0.7659574468085106,0.8405415563118399,Circle
1452.5,169.8406195640564,4,0.78,0.632765619386071,Rectangle
367.5,92.66904640197754,3,0.8709677419354839,0.5377715458570597,Triangle
740.5,118.87005722522736,4,0.8823529411764706,0.6585518639685138,Square
871.0,127.11269783973694,4,1.0,0.677407727389189,Square
484.0,113.74011433124542,4,0.8918918918918919,0.4701407596650272,Square
2582.0,198.16652059555054,8,0.6575342465753424,0.8262387015150974,Circle
1194.0,145.4558436870575,4,0.717391304347826,0.7091724298380798,Rectangle
762.0,114.48528122901917,4,0.967741935483871,0.7305762078509757,Square
375.5,84.04163014888763,4,1.0434782608695652,0.668083690576414,Square
873.0,125.79898953437805,4,1.03125,0.6932179541940938,Square
397.5,101.84062051773071,3,0.967741935483871,0.48162045468959985,Triangle
1186.0,143.11269783973694,4,0.717391304347826,0.7276762750700587,Rectangle
386.5,97.84061968326569,3,1.1071428571428572,0.5073655470949304,Triangle
661.5,106.38477599620819,4,1.0344827586206897,0.7344813043020078,Square
213.0,72.7695517539978,4,1.0,0.5054638115634866,Square
727.0,115.4558436870575,4,0.8484848484848485,0.6853500305380488,Square
302.0,88.42640602588654,3,0.9285714285714286,0.48534756922333144,Triangle
1268.0,137.39696836471558,8,0.782608695652174,0.8440629106185844,Circle
1440.5,168.18376541137695,4,0.78,0.6399631738371097,Rectangle
360.5,92.66904652118683,4,0.8709677419354839,0.5275282769597025,Square
1242.5,138.46803605556488,8,0.7,0.8143426791268543,Circle
870.0,127.94112491607666,4,1.0,0.6678959143647377,Square
482.5,113.15432786941528,4,0.8918918918918919,0.4735489119961798,Square
2570.0,198.16652023792267,8,0.6575342465753424,0.8223987105182227,Circle
1199.5,147.35533833503723,4,0.7391304347826086,0.6941900243195885,Rectangle
765.0,115.31370830535889,4,1.0,0.7229519309197708,Square
375.0,81.79898953437805,4,1.0434782608695652,0.7042798353814114,Square
872.5,124.38477599620819,4,1.03125,0.7086647696149042,Square
397.5,99.84062004089355,4,0.9354838709677419,0.5011092945819485,Square
511.0,93.79898953437805,4,1.125,0.7298513982329679,Square
1180.5,142.5269113779068,4,0.717391304347826,0.7302677262325654,Rectangle
390.5,97.01219260692596,3,1.1071428571428572,0.5214086858487487,Triangle
258.0,74.7695517539978,4,0.6428571428571429,0.5799359293968228,Rectangle
653.5,98.18376541137695,8,0.7878787878787878,0.8518754229825766,Circle
661.5,108.04163014888763,4,1.0,0.7121270062860635,Square
212.0,72.76955199241638,4,1.0,0.5030907387290263,Square
1030.5,123.98275530338287,8,0.7272727272727273,0.8424328490701508,Circle
729.0,116.62741661071777,4,0.8484848484848485,0.6734976439602567,Square
303.0,88.4264063835144,4,0.9285714285714286,0.48695467644086393,Square
1267.0,139.0538226366043,8,0.7659574468085106,0.8234184889504017,Circle
1439.5,167.35533845424652,4,0.7755102040816326,0.6458659547310536,Rectangle
361.5,91.49747407436371,3,0.8709677419354839,0.5426251962235168,Triangle
1242.5,138.4680359363556,8,0.7,0.8143426805290149,Circle
874.0,127.94112491607666,4,1.0,0.6709667001779089,Square
477.5,113.15432786941528,4,0.8918918918918919,0.46864166938482044,Square
2568.0,197.33809280395508,8,0.6438356164383562,0.828672697418611,Circle
1192.5,146.5269113779068,4,0.717391304347826,0.6979647043952774,Rectangle
764.0,117.79898953437805,4,1.0,0.6918629787119176,Square
396.5,99.84062004089355,3,0.9354838709677419,0.49984864226853487,Triangle
1182.5,142.5269113779068,4,0.717391304347826,0.7315049438966613,Rectangle
384.0,96.42640614509583,3,1.1071428571428572,0.5189782137851028,Triangle
156.5,55.55634891986847,4,1.0714285714285714,0.6371721898933957,Square
660.5,99.8406195640564,8,0.7941176470588235,0.8326608609633026,Circle
661.0,106.97056245803833,4,1.0344827586206897,0.7259099759097682,Square
917.5,117.49747383594513,8,0.8205128205128205,0.8351392168425633,Circle
1029.0,123.39696896076202,9,0.7272727272727273,0.8492122583333531,Circle
1267.0,138.2253955602646,8,0.7659574468085106,0.833318063655562,Circle
1449.5,166.5269113779068,4,0.7959183673469388,0.6568394509970922,Rectangle
362.5,90.6690468788147,4,0.8387096774193549,0.5541148307550748,Square
738.5,117.21320307254791,4,0.9090909090909091,0.6754719136462164,Square
1236.5,138.46803617477417,8,0.7,0.8104102382346752,Circle
629.0,108.76955187320709,4,1.032258064516129,0.6681067060358236,Square
679.0,107.79898953437805,4,1.0714285714285714,0.7342606566973433,Square
336.5,100.32590055465698,4,0.7027027027027027,0.4201155909937782,Rectangle
875.5,126.5269113779068,4,1.0,0.6872269797217105,Square
482.5,111.15432834625244,4,0.8648648648648649,0.49074335101874295,Square
2563.0,198.16652071475983,8,0.6575342465753424,0.8201587100834247,Circle
1190.5,145.69848430156708,4,0.7333333333333333,0.7047404445947648,Rectangle
781.0,117.79898953437805,4,1.0,0.7072578355680729,Square
373.0,81.79898953437805,4,1.0434782608695652,0.7005236762593772,Square
877.5,127.69848430156708,4,1.0303030303030303,0.6762160961226686,Square
387.5,98.66904771327972,3,1.0,0.5001723702720433,Triangle
1182.5,142.5269113779068,4,0.7391304347826086,0.7315049438966613,Rectangle
374.5,96.66904675960541,3,1.1071428571428572,0.5036012667659594,Triangle
663.0,100.42640602588654,8,0.7941176470588235,0.8260903534907132,Circle
664.5,108.87005722522736,4,1.0344827586206897,0.7045112733034338,Square
925.5,118.32590079307556,8,0.8205128205128205,0.8306664087074456,Circle
218.0,72.76955223083496,4,1.0,0.5173291524729631,Square
1024.0,123.39696848392487,8,0.7272727272727273,0.8450858690515178,Circle
728.5,116.04163014888763,4,0.8484848484848485,0.6798479273777902,Square
1269.0,137.3969682455063,8,0.7659574468085106,0.844728576840411,Circle
1463.0,169.25483322143555,4,0.7959183673469388,0.6417590943367185,Rectangle
362.5,91.49747383594513,3,0.8125,0.5441262369464211,Triangle
748.5,119.69848430156708,4,0.9393939393939394,0.6564843335061711,Square
1237.5,137.63960886001587,8,0.68,0.8208583343993534,Circle
632.5,109.35533845424652,4,1.064516129032258,0.6646460311278216,Square
675.0,108.97056245803833,4,1.1071428571428572,0.7143240162696551,Square
623.0,127.5391036272049,3,0.6122448979591837,0.48129482270533547,Triangle
877.0,127.5979790687561,4,1.0,0.6768958717868686,Square
2571.5,198.7523068189621,8,0.6575342465753424,0.8180352846649355,Circle
1187.5,144.04163014888763,4,0.7333333333333333,0.7192293918594188,Rectangle
787.0,121.94112491607666,4,1.0,0.6650957951733626,Square
376.5,83.21320307254791,4,1.0,0.683266873994514,Square
873.0,126.62741661071777,4,1.0625,0.684177226718338,Square
392.5,101.01219189167023,3,0.9666666666666667,0.483394756199372,Triangle
1313.5,140.4680358171463,8,0.7916666666666666,0.8365365516908722,Circle
376.0,97.25483322143555,3,1.1071428571428572,0.49954581167293677,Triangle
365.0,92.91168701648712,4,0.5405405405405406,0.5313271852083833,Rectangle
662.0,99.25483298301697,8,0.7941176470588235,0.8444316985812952,Circle
924.5,116.66904664039612,8,0.7948717948717948,0.8535038439848094,Circle
1032.0,123.74011409282684,8,0.7441860465116279,0.8469709933406823,Circle
727.0,117.11269783973694,4,0.8484848484848485,0.666095199359256,Square
1265.0,137.39696848392487,8,0.7659574468085106,0.8420659148893613,Circle
1441.5,167.35533833503723,4,0.7959183673469388,0.6467633032797235,Rectangle
359.0,90.91168689727783,4,0.8125,0.5458393988341607,Square
103.5,109.43859839439392,3,0.9473684210526315,0.10859483485815041,Triangle
1237.5,139.2964630126953,8,0.7,0.8014471586220752,Circle
639.5,108.5269113779068,4,1.032258064516129,0.6823002431933431,Square
943.5,132.04163014888763,4,0.9166666666666666,0.6800330399824328,Square
662.5,106.38477599620819,4,1.1071428571428572,0.7355916312926383,Square
630.0,125.53910338878632,3,0.6122448979591837,0.5023337621870794,Triangle
334.0,99.74011445045471,4,0.7027027027027027,0.42190687896140494,Rectangle
867.0,127.94112491607666,4,1.0,0.6655928250048593,Square
2575.5,198.75230705738068,8,0.6575342465753424,0.8193077466847701,Circle
1194.0,146.28427076339722,4,0.7333333333333333,0.7011629001547898,Rectangle
762.0,118.62741661071777,4,0.96875,0.6804476051511689,Square
873.0,127.4558436870575,4,1.0625,0.6753122122541649,Square
390.5,100.66904711723328,3,0.9666666666666667,0.48421583367295773,Triangle
1318.5,140.4680368900299,8,0.7916666666666666,0.8397209185805629,Circle
1196.5,145.35533845424652,4,0.7391304347826086,0.7116403974721613,Rectangle
378.0,97.5979790687561,4,1.1851851851851851,0.4986777759970779,Square
660.0,99.25483298301697,9,0.7941176470588235,0.8418805454133758,Circle
655.0,106.62741661071777,4,1.0344827586206897,0.7239580301642331,Square
921.5,116.6690468788147,8,0.7948717948717948,0.8507342228420642,Circle
1027.0,122.56854116916656,8,0.7441860465116279,0.8590575784449341,Circle
722.0,118.28427076339722,4,0.8235294117647058,0.6484747465781029,Square
1261.0,137.39696848392487,8,0.7659574468085106,0.8394032558699484,Circle
1429.0,168.7695518732071,4,0.7959183673469388,0.630454716902878,Rectangle
360.5,90.32590043544769,3,0.8125,0.5552525143189618,Triangle
133.0,179.88225030899048,4,0.42424242424242425,0.05165173107078945,Rectangle
105.5,115.09545314311981,4,0.9230769230769231,0.10007969874802601,Square
1235.0,137.88224983215332,8,0.7142857142857143,0.8163193652199711,Circle
641.0,110.42640602588654,4,1.064516129032258,0.660574824614457,Square
664.5,107.55634891986847,4,1.0714285714285714,0.7218263746406611,Square
628.5,128.12488996982574,4,0.6122448979591837,0.48111415563082016,Rectangle
264.0,87.59797930717468,4,0.5142857142857142,0.4323401956575189,Rectangle
331.0,99.74011385440826,4,0.7027027027027027,0.41811730121357665,Rectangle
867.5,127.35533845424652,4,1.0,0.6721172453728872,Square
2566.5,198.7523068189621,8,0.6575342465753424,0.8164447046830865,Circle
1190.0,145.4558436870575,4,0.717391304347826,0.7067966428034463,Rectangle
760.5,117.55634891986847,4,1.032258064516129,0.6915393604260609,Square
375.0,83.4558436870575,4,1.0,0.6765931987474542,Square
391.0,99.25483357906342,3,0.9666666666666667,0.49875043833802163,Triangle
496.5,93.55634891986847,4,1.125,0.7128244489300547,Square
1316.5,140.4680358171463,8,0.7916666666666666,0.8384471795211521,Circle
1187.0,143.94112491607666,4,0.7333333333333333,0.7199308733147273,Rectangle
377.0,97.25483310222626,3,1.1071428571428572,0.500874392187186,Triangle
370.5,93.154327750206,4,0.5405405405405406,0.5365275213608458,Rectangle
660.0,99.25483274459839,8,0.7941176470588235,0.8418805494579137,Circle
653.0,106.62741661071777,4,1.0344827586206897,0.7217474712935027,Square
923.5,116.66904675960541,8,0.7948717948717948,0.8525806363539497,Circle
206.5,72.18376541137695,3,1.0,0.4980246673946244,Triangle
1027.0,122.56854116916656,8,0.7441860465116279,0.8590575784449341,Circle
724.0,116.62741661071777,4,0.8787878787878788,0.6688783185558653,Square
1256.0,136.56854164600372,8,0.782608695652174,0.8462489831113476,Circle
1439.0,165.94112491607666,4,0.7755102040816326,0.6566933194966458,Rectangle
359.5,90.32590138912201,3,0.8125,0.5537122737380676,Triangle
1229.5,138.46803617477417,8,0.7142857142857143,0.8058223921629868,Circle
639.5,111.01219248771667,4,1.064516129032258,0.6520922710615734,Square
628.0,125.8822500705719,3,0.625,0.4980128096555363,Triangle
661.0,107.79898953437805,4,1.1071428571428572,0.7147957202900499,Square
873.5,126.5269113779068,4,1.0,0.6856570722865952,Square
469.0,112.56854140758514,4,0.8648648648648649,0.46510245201804506,Square
2562.0,197.3380937576294,8,0.6438356164383562,0.8267365382656912,Circle
1196.5,145.69848430156708,4,0.717391304347826,0.7082922653991064,Rectangle
766.0,119.4558436870575,4,1.0,0.6745650462918097,Square
370.0,80.14213538169861,4,1.0454545454545454,0.7239186546379756,Square
869.0,122.97056245803833,4,1.0,0.7221498436050752,Square
389.0,100.91168808937073,4,0.9354838709677419,0.48003900046552256,Square
1185.5,141.69848430156708,4,0.717391304347826,0.7419608887806303,Rectangle
377.0,97.25483310222626,3,1.1071428571428572,0.500874392187186,Triangle
157.0,53.31370830535889,4,1.0714285714285714,0.6941154854093716,Square
250.0,75.5979791879654,4,0.6785714285714286,0.5497047625809973,Rectangle
373.5,91.497474193573,4,0.5405405405405406,0.5606376494090649,Rectangle
661.5,98.66904640197754,8,0.7941176470588235,0.8538426625271203,Circle
656.0,105.79898953437805,4,1.0344827586206897,0.7364625437888911,Square
922.0,116.08326005935669,8,0.7948717948717948,0.8598082196414207,Circle
1028.0,122.56854140758514,8,0.7441860465116279,0.859894047912134,Circle
728.0,117.4558436870575,4,0.8787878787878788,0.6631197849981578,Square
1258.0,136.568541765213,8,0.782608695652174,0.8475965118595152,Circle
1442.0,166.28427076339722,4,0.7755102040816326,0.6553492157341164,Rectangle
358.0,89.74011445045471,4,0.8125,0.5586240801086698,Square
106.5,110.26702761650085,3,0.9473684210526315,0.11006978957502012,Triangle
744.0,119.4558436870575,4,0.9411764705882353,0.6551911154583635,Square
1227.0,137.88224971294403,8,0.7,0.8110314679002905,Circle
633.5,110.18376553058624,4,1.064516129032258,0.65572427654767,Square
629.5,126.95331740379333,3,0.625,0.4908146200822973,Triangle
664.0,108.62741661071777,4,1.1071428571428572,0.7071296391297772,Square
261.5,89.01219296455383,4,0.5428571428571428,0.41474633382747833,Rectangle
330.5,98.32590091228485,4,0.7222222222222222,0.42958139026170505,Rectangle
870.5,126.5269113779068,4,1.0,0.6833022111339224,Square
468.5,111.98275470733643,4,0.8648648648648649,0.4694800756677354,Square
2559.5,197.58073461055756,8,0.6575342465753424,0.82390247271424,Circle
1187.5,144.87005722522736,4,0.717391304347826,0.7110272068845119,Rectangle
773.0,119.4558436870575,4,1.0,0.6807294788297245,Square
372.5,83.21320307254791,4,1.0434782608695652,0.6760077305789016,Square
866.5,123.55634891986847,4,1.0,0.7132607044493133,Square
392.5,100.66904747486115,3,0.9354838709677419,0.48669580887655084,Triangle
1320.5,140.4680358171463,8,0.7916666666666666,0.8409946832948585,Circle
1187.0,142.28427076339722,4,0.717391304347826,0.7367952175489092,Rectangle
375.5,97.01219248771667,4,1.1071428571428572,0.5013801844235055,Square
109.5,132.04163014888763,3,10.5,0.07892275344788172,Triangle
370.0,93.25483310222626,4,0.5405405405405406,0.534649161132887,Rectangle
657.5,98.66904675960541,8,0.7941176470588235,0.848679586609161,Circle
655.5,107.21320307254791,4,1.0,0.7166152036890773,Square
923.0,116.08326017856598,8,0.7948717948717948,0.860740764749548,Circle
1031.5,123.15432798862457,8,0.7441860465116279,0.8546331585021267,Circle
721.5,115.21320307254791,4,0.8484848484848485,0.683033017834867,Square
1251.5,135.982754945755,9,0.782608695652174,0.8504975108743852,Circle
1433.0,165.11269783973694,4,0.7755102040816326,0.6605338936973804,Rectangle
354.5,89.49747347831726,4,0.78125,0.5561661501108018,Rectangle
1233.5,138.46803617477417,8,0.7,0.8084440184896658,Circle
632.0,108.76955199241638,4,1.1,0.6712932230351343,Square
668.5,108.87005722522736,4,1.1481481481481481,0.7087521237070662,Square
632.0,127.05382215976715,3,0.625,0.4919845598920683,Triangle
331.5,98.32590138912201,4,0.7222222222222222,0.4308811784887766,Rectangle
875.5,128.18376553058624,4,0.972972972972973,0.6695761314754526,Square
475.5,111.9827550649643,4,0.8648648648648649,0.47649471623083234,Square
2557.0,197.33809340000153,8,0.6666666666666666,0.825123081970133,Circle
1192.0,144.62741661071777,4,0.7333333333333333,0.7161184482807303,Rectangle
770.0,118.62741661071777,4,1.0,0.6875914120293964,Square
371.5,82.38477599620819,4,1.0434782608695652,0.6878199238426412,Square
869.5,125.21320307254791,4,1.0,0.69691401716065,Square
391.5,100.66904807090759,3,0.9354838709677419,0.48545581380594904,Triangle
1323.5,140.468035697937,8,0.7916666666666666,0.8429053125558146,Circle
1184.0,142.28427076339722,4,0.717391304347826,0.7349330560892237,Rectangle
376.5,97.8406195640564,4,1.1071428571428572,0.49423836726190834,Square
111.0,124.97056245803833,3,10.0,0.08931355863712317,Triangle
657.0,99.25483298301697,8,0.7941176470588235,0.838053815661497,Circle
660.0,109.11269783973694,4,1.0333333333333334,0.6966316657706978,Square
915.5,116.32590043544769,8,0.8205128205128205,0.8501887751940254,Circle
210.0,71.59797894954681,4,1.0,0.514787072367669,Square
1031.5,123.15432810783386,8,0.7441860465116279,0.8546331568476139,Circle
728.0,116.62741661071777,4,0.8484848484848485,0.6725737788793784,Square
303.5,91.84061980247498,4,0.9285714285714286,0.4521670874000234,Square
1252.0,135.74011385440826,8,0.7608695652173914,0.8538818348461813,Circle
1453.5,164.5269112586975,4,0.7959183673469388,0.6747626124409412,Rectangle
735.5,118.04163014888763,4,0.9090909090909091,0.6633185522452556,Square
1236.0,138.71067667007446,9,0.7,0.8072509301046915,Circle
631.0,109.5979790687561,4,1.064516129032258,0.6601370850751662,Square
665.0,108.62741661071777,4,1.0714285714285714,0.708194593405575,Square
629.5,125.29646408557892,3,0.6122448979591837,0.5038809831316854,Triangle
333.5,98.32590103149414,4,0.7222222222222222,0.43348076642932437,Rectangle
873.0,128.76955199241638,4,0.972972972972973,0.6616034150441013,Square
477.0,109.74011480808258,3,0.8888888888888888,0.49773413112167103,Triangle
2565.0,197.33809328079224,8,0.6666666666666666,0.8277046178374726,Circle
1186.5,144.87005722522736,4,0.7333333333333333,0.7104284471313461,Rectangle
768.0,119.4558436870575,4,0.96875,0.676326312731214,Square
367.5,81.55634891986847,4,1.0,0.6943071808921928,Square
876.5,126.87005722522736,4,1.0303030303030303,0.6842952304054908,Square
400.5,100.66904711723328,3,0.9354838709677419,0.49661572698084394,Triangle
1317.5,140.46803617477417,9,0.7916666666666666,0.8390840511920074,Circle
1186.0,142.28427076339722,4,0.717391304347826,0.7361744970623474,Rectangle
378.5,97.01219248771667,3,1.1071428571428572,0.5053858849648385,Triangle
111.0,125.79898953437805,3,10.0,0.08814111445079544,Triangle
658.0,98.42640614509583,8,0.7647058823529411,0.8535176408846876,Circle
667.0,105.79898953437805,4,1.0344827586206897,0.7488117632731561,Square
924.0,117.74011445045471,9,0.8,0.8375927855440779,Circle
212.0,72.7695517539978,4,1.0,0.5030907420256299,Square
1031.5,123.9827550649643,8,0.7272727272727273,0.8432503514390235,Circle
304.0,89.25483310222626,3,0.9285714285714286,0.47953461627545607,Triangle
1255.0,135.74011385440826,9,0.7608695652173914,0.8559278775814357,Circle
1453.5,167.35533845424652,4,0.7959183673469388,0.6521473881219774,Rectangle
353.5,88.66904699802399,4,0.8064516129032258,0.5650087852252595,Square
735.5,118.04163014888763,4,0.9090909090909091,0.6633185522452556,Square
1234.0,138.71067678928375,8,0.7,0.8059446974409318,Circle
632.5,110.18376553058624,4,1.064516129032258,0.6546891948167345,Square
965.5,132.04163014888763,4,0.868421052631579,0.6958896662459343,Square
672.0,106.97056245803833,4,1.1071428571428572,0.7379901721805813,Square
629.5,124.46803569793701,3,0.5918367346938775,0.510610718377711,Triangle
861.5,116.32590079307556,8,0.6511627906976745,0.8000410981169818,Circle
334.5,99.154327750206,4,0.7027027027027027,0.4275457928698723,Rectangle
871.0,128.76955199241638,4,0.972972972972973,0.6600877142078032,Square
482.0,109.74011409282684,4,0.8888888888888888,0.5029514765785148,Square
2561.0,196.5096663236618,8,0.6527777777777778,0.8333963730428687,Circle
1186.5,144.04163014888763,4,0.7333333333333333,0.7186237250031162,Rectangle
768.5,117.55634891986847,4,1.032258064516129,0.6988139362096356,Square
638.0,99.5979790687561,8,0.6216216216216216,0.8082198082800498,Circle
374.0,81.79898953437805,4,1.0,0.7024017558203943,Square
879.5,126.04163014888763,4,1.0303030303030303,0.695693082286625,Square
402.5,100.18376505374908,3,0.9354838709677419,0.5039425747475935,Triangle
1316.0,139.88224947452545,8,0.7916666666666666,0.8451631205402083,Circle
1189.0,143.11269783973694,4,0.717391304347826,0.7295169401840639,Rectangle
381.5,97.01219248771667,3,1.1071428571428572,0.5093915855061715,Triangle
110.5,126.87005722522736,3,10.0,0.08626882254398943,Triangle
656.0,99.25483334064484,8,0.7428571428571429,0.8367782330474989,Circle
663.5,108.04163014888763,4,1.0344827586206897,0.7142800735764221,Square
929.5,119.15432798862457,8,0.8,0.8226964339619979,Circle
1034.5,123.98275470733643,8,0.7272727272727273,0.8457028537045159,Circle
303.5,89.84061968326569,3,0.9285714285714286,0.472523140517141,Triangle
1258.0,137.3969690799713,9,0.7659574468085106,0.8374062543398276,Circle
1457.5,165.69848430156708,4,0.7959183673469388,0.6670852773778541,Rectangle
354.5,88.66904699802399,4,0.8064516129032258,0.5666071127647936,Square
1239.0,138.71067690849304,8,0.7,0.8092102742406491,Circle
632.5,110.18376541137695,4,1.064516129032258,0.6546891962333685,Square
666.0,108.62741661071777,4,1.1071428571428572,0.7092595476813729,Square
632.0,127.5391036272049,4,0.6122448979591837,0.48824771741536444,Rectangle
263.5,89.84062004089355,4,0.5428571428571428,0.41024661131794354,Rectangle
337.5,100.32590067386627,4,0.7027027027027027,0.4213640761469448,Rectangle
869.5,128.18376553058624,4,0.972972972972973,0.6649873744350725,Square
2565.0,197.33809351921082,8,0.6666666666666666,0.8277046158374517,Circle
1189.0,145.4558436870575,4,0.7333333333333333,0.706202696044788,Rectangle
772.0,117.79898953437805,4,0.96875,0.6991076172324612,Square
375.0,81.79898953437805,4,1.0,0.7042798353814114,Square
881.0,128.28427076339722,4,1.0625,0.6727271462066808,Square
397.0,99.59797966480255,3,0.9354838709677419,0.5029204702927151,Triangle
503.5,92.72792184352875,4,1.0833333333333333,0.7358482906535879,Square
1316.0,139.05382239818573,8,0.7708333333333334,0.8552634058205413,Circle
1198.0,145.5979790687561,4,0.717391304347826,0.7101596424904928,Rectangle
381.0,97.5979790687561,3,1.1071428571428572,0.5026355361240388,Triangle
661.0,99.25483310222626,8,0.7941176470588235,0.8431561199720026,Circle
661.0,107.79898953437805,4,1.0344827586206897,0.7147957202900499,Square
930.0,117.74011445045471,8,0.8205128205128205,0.8430316997359225,Circle
1033.0,124.56854140758514,8,0.7272727272727273,0.8365529345766852,Circle
718.0,116.28427076339722,4,0.8235294117647058,0.6672558051935487,Square
1256.0,137.39696860313416,9,0.7659574468085106,0.83607493064488,Circle
1455.5,165.69848430156708,4,0.78,0.6661698944929444,Rectangle
354.0,88.91168749332428,4,0.78125,0.5627239766827257,Rectangle
738.0,115.79898953437805,4,0.9090909090909091,0.6916027100064962,Square
1233.0,137.88224983215332,8,0.7142857142857143,0.8149973905394529,Circle
232.0,87.25483310222626,4,0.5,0.3829295352093625,Rectangle
662.5,108.38477599620819,4,1.1071428571428572,0.7086946885893408,Square
626.5,126.12489008903503,4,0.6122448979591837,0.49491354256571785,Rectangle
335.0,99.74011504650116,4,0.7027027027027027,0.42317006815206776,Rectangle
871.5,128.18376553058624,4,0.972972972972973,0.6665169601151992,Square
2565.0,198.16652047634125,8,0.6438356164383562,0.8207987110518995,Circle
1191.0,145.4558436870575,4,0.7333333333333333,0.7073905895621048,Rectangle
772.0,117.79898953437805,4,0.96875,0.6991076172324612,Square
537.5,118.81118190288544,4,0.5869565217391305,0.47849091937086025,Rectangle
380.5,81.55634891986847,4,1.0,0.7188677070189915,Square
885.0,126.62741661071777,4,1.0625,0.6935817246801022,Square
393.0,99.59797835350037,4,0.9354838709677419,0.49785327463344703,Square
505.5,92.72792184352875,4,1.0833333333333333,0.7387712232877631,Square
1322.0,139.8822500705719,8,0.7916666666666666,0.8490164406020867,Circle
1204.0,144.76955199241638,4,0.7391304347826086,0.7219080590370679,Rectangle
382.5,98.66904675960541,3,1.1071428571428572,0.49371854278023436,Triangle
663.5,99.01219260692596,9,0.7647058823529411,0.8504982713551661,Circle
664.0,108.62741661071777,4,1.0,0.7071296391297772,Square
933.5,118.32590103149414,8,0.8205128205128205,0.8378466660221886,Circle
210.5,70.52691149711609,4,1.0,0.5318047753607316,Square
1035.0,124.56854128837585,8,0.7272727272727273,0.8381725933630525,Circle
1254.0,136.56854140758514,9,0.782608695652174,0.8449014558334869,Circle
1454.5,167.35533845424652,4,0.76,0.6525960619356148,Rectangle
360.5,90.32590055465698,3,0.8125,0.5552525128533522,Triangle
740.5,116.04163014888763,4,0.8823529411764706,0.6910465205535395,Square
1238.0,137.0538228750229,8,0.7142857142857143,0.8282247431187999,Circle
636.0,108.76955199241638,4,1.032258064516129,0.6755419143201667,Square
666.5,109.21320307254791,4,1.1071428571428572,0.7021982271692084,Square
626.5,126.12489080429077,4,0.6122448979591837,0.4949135369523968,Rectangle
334.0,99.74011480808258,4,0.7027027027027027,0.4219068759358288,Rectangle
874.0,128.76955199241638,4,0.972972972972973,0.6623612654622503,Square
478.5,112.32590115070343,4,0.8888888888888888,0.47657579739634265,Square
2572.0,198.16652083396912,8,0.6575342465753424,0.8230387045636536,Circle
1193.5,146.04163014888763,4,0.7333333333333333,0.7032001316522329,Rectangle
779.0,117.79898953437805,4,0.96875,0.7054466759379369,Square
380.5,81.55634891986847,4,1.0,0.7188677070189915,Square
883.0,127.4558436870575,4,1.0625,0.6830477473315322,Square
399.0,100.08325970172882,3,0.967741935483871,0.5005643038202056,Triangle
504.5,92.72792184352875,4,1.0833333333333333,0.7373097569706756,Square
1321.0,139.8822501897812,8,0.7916666666666666,0.848374217945355,Circle
1196.0,143.94112491607666,4,0.7391304347826086,0.7253894898773494,Rectangle
383.0,96.42640614509583,3,1.1071428571428572,0.5176267080200374,Triangle
157.5,53.55634891986847,4,1.0,0.6900308338243714,Square
666.0,99.5979790687561,8,0.7647058823529411,0.8436902700854438,Circle
661.5,108.87005722522736,4,1.0344827586206897,0.7013306355007095,Square
934.5,117.49747395515442,8,0.775,0.8506131842569591,Circle
210.0,71.94112467765808,4,0.9565217391304348,0.5098879079746415,Square
1033.5,123.15432798862457,8,0.7441860465116279,0.8562902271565176,Circle
1263.5,135.98275566101074,8,0.782608695652174,0.8586524919577867,Circle
1454.5,165.69848430156708,4,0.7755102040816326,0.6657122030504897,Rectangle
361.0,88.91168689727783,4,0.78125,0.573851294650085,Rectangle
742.5,118.87005722522736,4,0.8823529411764706,0.6603305320683613,Square
1235.5,136.8111822605133,8,0.6938775510204082,0.8294866905413701,Circle
635.5,108.18376553058624,4,1.0,0.682340628806351,Square
242.5,89.49747359752655,4,0.4864864864864865,0.380452160909955,Rectangle
673.5,108.38477599620819,4,1.1071428571428572,0.7204616947395034,Square
633.5,126.46803665161133,3,0.6122448979591837,0.49773127483299856,Triangle
334.5,99.15432834625244,4,0.7027027027027027,0.42754578772965995,Rectangle
875.0,129.5979790687561,4,0.972972972972973,0.6546685204758693,Square
480.0,110.91168785095215,4,0.8888888888888888,0.49033904011657936,Square
2578.5,198.75230753421783,8,0.6575342465753424,0.8202620907357218,Circle
1200.0,144.62741661071777,4,0.7333333333333333,0.7209246123631513,Rectangle
778.0,118.62741661071777,4,0.96875,0.6947352189076239,Square
380.5,81.55634891986847,4,1.0,0.7188677070189915,Square
879.5,126.04163014888763,4,1.0625,0.695693082286625,Square
400.0,100.08326160907745,3,0.967741935483871,0.5018188318206303,Triangle
502.5,92.72792184352875,4,1.0833333333333333,0.7343868243365005,Square
1320.5,140.4680359363556,8,0.7916666666666666,0.840994681867425,Circle
1197.5,144.5269113779068,4,0.7391304347826086,0.7204236191991223,Rectangle
383.0,96.42640614509583,3,1.1071428571428572,0.5176267080200374,Triangle
104.5,120.04163014888763,3,9.5,0.09113021304337789,Triangle
159.0,53.31370830535889,4,1.0,0.7029577208922936,Square
664.5,99.8406195640564,8,0.7941176470588235,0.8377034702651243,Circle
663.5,106.38477599620819,4,1.0344827586206897,0.7367019582832686,Square
938.0,116.91168701648712,8,0.775,0.8623763696021335,Circle
1034.0,123.74011397361755,8,0.7441860465116279,0.8486124116295231,Circle
312.5,89.01219248771667,4,0.9285714285714286,0.49563376944438314,Square
1266.0,136.56854116916656,8,0.782608695652174,0.852986640207276,Circle
1455.0,166.28427076339722,4,0.7755102040816326,0.6612573570687512,Rectangle
361.5,89.49747335910797,4,0.78125,0.5671482758833761,Rectangle
743.5,118.04163014888763,4,0.8823529411764706,0.6705334379256934,Square
1234.5,137.63960945606232,8,0.68,0.8188683677086129,Circle
634.5,109.01219260692596,4,1.032258064516129,0.6709518283773349,Square
672.5,108.38477599620819,4,1.1071428571428572,0.7193919669076704,Square
337.5,101.1543276309967,4,0.7027027027027027,0.4144906190220959,Rectangle
875.0,128.76955199241638,4,0.972972972972973,0.6631191158803993,Square
481.0,110.91168749332428,4,0.8888888888888888,0.49136058295221247,Square
2582.0,198.1665210723877,8,0.6575342465753424,0.8262386975388323,Circle
1201.5,146.04163014888763,4,0.7333333333333333,0.7079136641643551,Rectangle
778.0,118.62741661071777,4,0.96875,0.6947352189076239,Square
380.5,81.55634891986847,4,1.0,0.7188677070189915,Square
878.5,126.87005722522736,4,1.0303030303030303,0.6858566570578707,Square
399.5,100.66904807090759,3,0.9354838709677419,0.49537572826430815,Triangle
502.5,92.72792184352875,4,1.0833333333333333,0.7343868243365005,Square
1319.0,139.8822501897812,8,0.7916666666666666,0.8470897755260585,Circle
1193.5,143.69848430156708,4,0.7391304347826086,0.7263198488701135,Rectangle
384.0,96.42640614509583,3,1.1071428571428572,0.5189782137851028,Triangle
105.5,120.04163014888763,3,9.5,0.09200227249833844,Triangle
160.0,54.97056245803833,4,1.0,0.6653796056552135,Square
669.5,100.66904652118683,8,0.7714285714285715,0.830172866793644,Circle
664.5,106.38477599620819,4,1.0344827586206897,0.737812285273899,Square
932.5,117.49747371673584,8,0.775,0.8487927207475929,Circle
213.0,71.94112527370453,4,0.9565217391304348,0.5171720123759629,Square
977.5,128.87005722522736,4,0.918918918918919,0.7396437424132695,Square
1036.0,123.74011421203613,8,0.7045454545454546,0.8502538250099618,Circle
723.0,116.62741661071777,4,0.8484848484848485,0.6679544534749872,Square
1270.5,137.98275458812714,8,0.7659574468085106,0.8385614863210564,Circle
1455.0,165.11269783973694,4,0.7959183673469388,0.6706746792251839,Rectangle
362.0,90.91168761253357,4,0.78125,0.5504007221971917,Rectangle
742.5,118.04163014888763,4,0.8823529411764706,0.6696315772156387,Square
1240.0,137.0538228750229,9,0.68,0.8295627475503325,Circle
630.0,107.94112491607666,4,1.032258064516129,0.6794797743818779,Square
674.5,108.38477599620819,4,1.1071428571428572,0.7215314225713363,Square
334.5,101.15432786941528,4,0.7027027027027027,0.4108062560275986,Rectangle
869.5,128.18376553058624,4,0.972972972972973,0.6649873744350725,Square
482.5,111.49747395515442,4,0.8888888888888888,0.4877273670529563,Square
2584.5,198.75230622291565,8,0.6575342465753424,0.8221707975490263,Circle
1202.5,145.2132030725479,4,0.7333333333333333,0.7166097931536843,Rectangle
781.0,118.62741661071777,4,0.96875,0.6974141464869592,Square
382.5,81.55634891986847,4,1.0,0.7226462495000374,Square
878.5,127.69848430156708,4,1.0625,0.6769867127564267,Square
399.0,101.25483453273773,4,0.9354838709677419,0.4890477026775516,Square
505.5,92.72792184352875,4,1.0833333333333333,0.7387712232877631,Square
1323.5,141.29646348953247,8,0.7916666666666666,0.8330503009429155,Circle
1196.5,143.69848430156708,4,0.7391304347826086,0.7281455376397912,Rectangle
385.0,96.42640614509583,3,1.1071428571428572,0.5203297195501683,Triangle
107.5,116.38477599620819,3,9.166666666666666,0.09973003654501625,Triangle
159.0,53.31370830535889,4,0.9333333333333333,0.7029577208922936,Square
667.0,100.42640590667725,8,0.7941176470588235,0.8310743093309497,Circle
660.5,107.21320307254791,4,1.0,0.7220813761047071,Square
926.5,117.49747383594513,8,0.8205128205128205,0.8433313181521908,Circle
212.0,70.76955223083496,4,0.9565217391304348,0.5319279727970907,Square
1033.0,123.74011433124542,8,0.7045454545454546,0.8477916984005657,Circle
1266.5,137.982754945755,8,0.7659574468085106,0.8359213828574364,Circle
1459.0,165.11269783973694,4,0.7959183673469388,0.6725184584120573,Rectangle
360.0,88.91168701648712,4,0.78125,0.5722616773408993,Rectangle
749.5,118.87005722522736,4,0.8823529411764706,0.6665558704178273,Square
1241.0,137.05382299423218,8,0.68,0.8302317483218292,Circle
634.0,108.76955199241638,4,1.0,0.6734175686776506,Square
673.0,109.4558436870575,4,1.1071428571428572,0.705906242539957,Square
633.0,125.88224995136261,3,0.6122448979591837,0.5019778807468425,Triangle
336.5,100.32590055465698,4,0.7027027027027027,0.4201155909937782,Rectangle
874.5,128.18376553058624,4,0.972972972972973,0.6688113386353893,Square
484.5,112.32590103149414,4,0.8648648648648649,0.48255167048825376,Square
2589.5,198.75230646133423,8,0.6575342465753424,0.8237613755640859,Circle
1203.0,145.4558436870575,4,0.7333333333333333,0.7145179506660051,Rectangle
779.0,118.62741661071777,4,0.96875,0.6956281947674023,Square
381.5,82.38477599620819,4,1.0,0.7063345920483652,Square
888.5,126.87005722522736,4,1.0625,0.6936637903197701,Square
396.5,100.66904675960541,3,0.967741935483871,0.49165577315091424,Triangle
507.0,92.14213538169861,4,1.0833333333333333,0.7504146048506808,Square
1326.0,142.7106763124466,8,0.7916666666666666,0.8181641757852481,Circle
1201.5,146.18376553058624,4,0.7391304347826086,0.7065377157205537,Rectangle
384.0,96.42640614509583,3,1.1071428571428572,0.5189782137851028,Triangle
115.0,128.62741661071777,3,10.166666666666666,0.08734551501702653,Triangle
669.0,100.42640590667725,8,0.7941176470588235,0.8335662862704729,Circle
662.5,108.38477599620819,4,1.0,0.7086946885893408,Square
934.5,117.49747359752655,8,0.8205128205128205,0.8506131894349934,Circle
215.0,72.76955199241638,3,1.0,0.5102099472959465,Triangle
627.5,134.12489020824432,4,0.5686274509803921,0.43833367359772796,Rectangle
1039.0,126.22539556026459,8,0.7272727272727273,0.819467871185243,Circle
298.5,89.01219236850739,4,0.8928571428571429,0.4734293778413523,Square
1273.5,137.9827550649643,7,0.7659574468085106,0.8405415548594792,Circle
1456.0,169.5979790687561,4,0.7959183673469388,0.6361065876040581,Rectangle
1242.5,139.29646337032318,8,0.7,0.8046853248280655,Circle
672.0,107.79898953437805,4,1.1071428571428572,0.7266909592056181,Square
636.5,126.12488973140717,4,0.6122448979591837,0.5028132029202216,Rectangle
874.5,128.18376553058624,4,1.0277777777777777,0.6688113386353893,Square
483.0,112.56854164600372,3,0.8648648648648649,0.4789861052731943,Triangle
2587.0,198.1665199995041,8,0.6575342465753424,0.8278387039805593,Circle
1198.5,144.87005722522736,4,0.7333333333333333,0.717613564169337,Rectangle
770.0,117.79898953437805,4,0.96875,0.6972964576023253,Square
376.0,83.79898953437805,4,1.0434782608695652,0.6728529258594126,Square
886.5,126.04163014888763,4,1.0625,0.7012301505936248,Square
397.0,101.25483393669128,3,0.967741935483871,0.4865963414756306,Triangle
1329.0,141.0538227558136,8,0.7916666666666666,0.8393925758238325,Circle
1203.5,144.5269113779068,4,0.717391304347826,0.7240332573746503,Rectangle
385.5,98.66904675960541,3,1.1071428571428572,0.49759084507654994,Triangle
112.5,130.87005722522736,3,10.166666666666666,0.08254329511221276,Triangle
672.5,99.84061968326569,8,0.7941176470588235,0.8477886868442551,Circle
651.0,106.62741661071777,4,1.0,0.7195369124227722,Square
934.5,118.32590079307556,8,0.8205128205128205,0.8387442019849896,Circle
217.5,72.18376576900482,4,1.0,0.5245538212348868,Square
733.5,117.69848430156708,4,0.8235294117647058,0.6653777007349251,Square
299.5,89.01219260692596,3,0.8928571428571429,0.47501540336317116,Triangle
1264.5,137.15432786941528,8,0.7446808510638298,0.8447139478701989,Circle
1453.0,165.94112479686737,4,0.7959183673469388,0.6630822756077506,Rectangle
365.5,89.49747395515442,4,0.8387096774193549,0.5734237678402945,Square
751.5,118.04163014888763,4,0.8823529411764706,0.6777483236061312,Square
1248.5,139.2964630126953,8,0.7,0.8085711333653826,Circle
670.5,108.38477599620819,4,1.1071428571428572,0.7172525112440045,Square
632.5,126.12488996982574,3,0.6122448979591837,0.49965333801205764,Triangle
879.0,127.94112491607666,4,1.0,0.6748051824443729,Square
480.5,111.98275518417358,3,0.8648648648648649,0.48150517489264627,Triangle
2588.0,199.82337474822998,8,0.6575342465753424,0.8144821246279105,Circle
1197.5,147.35533845424652,4,0.7391304347826086,0.6930325575470523,Rectangle
765.5,117.55634891986847,4,1.0,0.6960859702907951,Square
375.5,82.38477599620819,4,1.0434782608695652,0.6952257911249308,Square
888.0,126.62741661071777,4,1.0625,0.6959328491705432,Square
395.5,99.84062063694,3,1.0,0.4985879840020011,Triangle
1331.0,140.22539567947388,8,0.7708333333333334,0.8506180050552418,Circle
1198.5,143.69848430156708,4,0.717391304347826,0.7293626634862429,Rectangle
380.5,97.84061968326569,3,1.1071428571428572,0.49948923847249943,Triangle
119.0,128.62741661071777,3,10.166666666666666,0.09038361988718396,Triangle
674.0,100.42640614509583,8,0.7941176470588235,0.8397962246318228,Circle
655.0,108.28427076339722,4,1.0,0.7019730057594377,Square
219.0,72.76955199241638,4,1.0,0.5197022253851735,Square
1273.0,138.22539615631104,8,0.7659574468085106,0.8372643140369275,Circle
1459.0,165.11269783973694,4,0.7959183673469388,0.6725184584120573,Rectangle
363.5,88.66904628276825,4,0.8064516129032258,0.5809920699938343,Square
109.0,104.02438509464264,3,0.9722222222222222,0.1265802786524403,Triangle
754.5,118.04163014888763,4,0.8823529411764706,0.6804539057362955,Square
1240.5,138.46803617477417,8,0.68,0.8130318645613543,Circle
637.5,110.18376541137695,4,1.032258064516129,0.6598646048992449,Square
629.5,124.46803641319275,3,0.625,0.5106107125092607,Triangle
670.5,108.38477599620819,4,1.1071428571428572,0.7172525112440045,Square
882.5,128.5269113779068,4,1.0,0.6713305883916554,Square
480.5,111.9827550649643,3,0.8648648648648649,0.4815051759178022,Triangle
2587.5,199.58073377609253,8,0.6575342465753424,0.8163060071462739,Circle
1198.5,146.5269113779068,4,0.717391304347826,0.7014764764928636,Rectangle
765.0,116.97056245803833,4,1.0,0.7026161736944949,Square
374.5,82.38477599620819,4,1.0434782608695652,0.6933743243043584,Square
887.0,126.62741661071777,4,1.0625,0.6951491410070629,Square
395.0,99.59798038005829,3,0.9666666666666667,0.5003868587213843,Triangle
1330.0,141.88224959373474,8,0.7916666666666666,0.8302432883973117,Circle
1195.5,143.69848430156708,4,0.717391304347826,0.7275369747165652,Rectangle
379.5,98.66904675960541,3,1.1071428571428572,0.48984624048391884,Triangle
114.5,126.38477599620819,3,10.0,0.09007947049082053,Triangle
671.0,100.42640578746796,8,0.7941176470588235,0.8360582651948504,Circle
665.5,108.87005722522736,4,1.0,0.7055714859043418,Square
1276.0,137.39696836471558,8,0.7659574468085106,0.8493882286666511,Circle
1464.0,167.5979790687561,4,0.78,0.654957901235492,Rectangle
361.0,91.74011409282684,4,0.8387096774193549,0.5390120994626024,Square
753.0,118.62741661071777,4,0.8823529411764706,0.672410822413163,Square
1242.0,138.2253955602646,8,0.68,0.8168753236465731,Circle
637.5,109.35533833503723,4,1.032258064516129,0.6699001514114955,Square
638.0,125.88225054740906,3,0.6458333333333334,0.5059429461036903,Triangle
673.5,108.38477599620819,4,1.0714285714285714,0.7204616947395034,Square
332.5,99.15432810783386,4,0.7222222222222222,0.42498946219360295,Rectangle
882.5,127.69848430156708,4,1.0,0.6800691792914588,Square
482.5,111.9827550649643,3,0.8648648648648649,0.48350935979259013,Triangle
2586.5,198.75230717658997,8,0.6575342465753424,0.8228070216494228,Circle
1204.5,149.35533833503723,4,0.717391304347826,0.67853955302441,Rectangle
767.0,117.79898953437805,4,1.032258064516129,0.6945797181571214,Square
377.5,82.38477599620819,4,1.0434782608695652,0.6989287247660755,Square
885.0,126.62741661071777,4,1.0625,0.6935817246801022,Square
393.0,99.59797942638397,3,0.9666666666666667,0.4978532639075545,Triangle
516.0,94.62741661071777,4,1.125,0.7241451030866973,Square
1328.0,141.0538226366043,8,0.7916666666666666,0.8387609801190463,Circle
1193.5,142.87005722522736,4,0.717391304347826,0.7347673502946785,Rectangle
379.5,97.8406195640564,3,1.1071428571428572,0.4981765215827204,Triangle
113.5,124.04163014888763,3,9.833333333333334,0.09269809204636598,Triangle
160.0,51.65685415267944,4,0.9333333333333333,0.7534838315264537,Square
669.5,102.32590079307556,8,0.8,0.8035063112886918,Circle
669.0,106.97056245803833,4,1.0344827586206897,0.7346955731976322,Square
952.0,119.740114569664,8,0.825,0.8343868936999451,Circle
306.0,91.25483310222626,3,0.896551724137931,0.46176343513345064,Triangle
1280.5,137.63960933685303,8,0.7659574468085106,0.8493810827599761,Circle
1465.0,168.28427076339722,4,0.78,0.6500704702465314,Rectangle
365.0,90.0832599401474,4,0.8387096774193549,0.565216121131494,Square
111.0,104.3675308227539,3,0.9444444444444444,0.12805661720038597,Triangle
753.0,118.62741661071777,4,0.8823529411764706,0.672410822413163,Square
1243.0,139.0538228750229,8,0.7,0.8078209773130052,Circle
637.0,109.59797894954681,4,1.064516129032258,0.6664141428013457,Square
636.5,127.78174555301666,3,0.6326530612244898,0.48985848955233424,Triangle
672.5,110.04163014888763,4,1.0344827586206897,0.697891842444113,Square
882.0,127.11269783973694,4,1.0,0.6859628192391098,Square
481.5,111.98275470733643,3,0.8648648648648649,0.48250727093706425,Triangle
2590.5,198.75230658054352,8,0.6575342465753424,0.8240794905730544,Circle
1208.5,147.6984841823578,4,0.717391304347826,0.6961525885679452,Rectangle
767.0,116.14213538169861,4,1.032258064516129,0.7145384681820709,Square
379.5,82.38477599620819,4,1.0434782608695652,0.7026316584072204,Square
885.0,126.62741661071777,4,1.0625,0.6935817246801022,Square
395.0,101.25483417510986,3,0.90625,0.4841449722360824,Triangle
1329.5,140.46803617477417,8,0.7916666666666666,0.8467265624742116,Circle
1194.5,142.87005722522736,4,0.717391304347826,0.735382991141176,Rectangle
383.0,97.25483322143555,3,1.1071428571428572,0.508845866677486,Triangle
123.5,131.69848430156708,3,10.333333333333334,0.08947779393999779,Triangle
159.0,51.65685415267944,4,1.0,0.7487745575794134,Square
667.5,100.66904699802399,8,0.8235294117647058,0.8276928802616652,Circle
664.0,106.97056245803833,4,1.0344827586206897,0.7292045748927173,Square
950.0,118.08326053619385,8,0.8205128205128205,0.8561636722126296,Circle
306.0,89.25483298301697,3,0.896551724137931,0.48268945056663415,Triangle
1277.0,139.05382323265076,9,0.7659574468085106,0.8299174438636344,Circle
1467.0,168.28427076339722,4,0.78,0.650957938465298,Rectangle
368.5,90.32590019702911,4,0.8387096774193549,0.5675743484235557,Square
113.0,101.19595789909363,3,0.9714285714285714,0.13866344192435612,Triangle
753.0,117.79898953437805,4,0.8823529411764706,0.68190160074617,Square
1243.5,139.29646396636963,8,0.7,0.8053329520003102,Circle
640.5,110.18376541137695,4,1.064516129032258,0.6629698500987707,Square
630.5,127.78174543380737,4,0.6326530612244898,0.4852408142011282,Rectangle
671.5,109.21320307254791,4,1.0344827586206897,0.7074660308238911,Square
883.5,127.35533845424652,4,1.0,0.6845136441348079,Square
483.0,112.56854128837585,3,0.8648648648648649,0.4789861083166516,Triangle
2592.5,197.5807341337204,9,0.6575342465753424,0.8345251692992627,Circle
1214.5,146.04163002967834,4,0.717391304347826,0.7155731556647544,Rectangle
767.0,115.31370830535889,4,1.0,0.7248420013274043,Square
379.5,81.55634891986847,4,1.0,0.7169784357784685,Square
881.0,126.62741661071777,4,1.0625,0.6904468920261808,Square
396.0,100.42640745639801,3,0.9354838709677419,0.4934114187975062,Triangle
506.0,94.62741661071777,4,1.125,0.7101112832594358,Square
1334.5,140.4680359363556,8,0.7916666666666666,0.8499109450602641,Circle
1189.5,143.69848430156708,4,0.717391304347826,0.7238855971772099,Rectangle
379.5,97.8406195640564,3,1.1071428571428572,0.4981765215827204,Triangle
103.0,118.62741649150848,3,9.5,0.09197651374203432,Triangle
671.0,100.08326041698456,8,0.8235294117647058,0.8418011104325126,Circle
666.0,106.97056245803833,4,1.0344827586206897,0.7314009742146832,Square
944.5,117.49747359752655,9,0.8205128205128205,0.859715524260408,Circle
215.0,71.94112491607666,4,0.9565217391304348,0.5220280927996672,Square
306.0,89.25483298301697,3,0.896551724137931,0.48268945056663415,Triangle
1269.0,136.56854140758514,9,0.782608695652174,0.8550079325779065,Circle
1467.5,168.5269113779068,4,0.78,0.6493060522679577,Rectangle
365.0,90.0832599401474,3,0.78125,0.565216121131494,Triangle
751.0,118.62741661071777,4,0.8823529411764706,0.670624870693606,Square
1250.0,137.88224935531616,8,0.7,0.8262341810385763,Circle
636.5,109.35533833503723,4,1.032258064516129,0.6688493276445755,Square
672.0,107.79898953437805,4,1.0714285714285714,0.7266909592056181,Square
632.5,127.2964631319046,3,0.6122448979591837,0.49049854058877185,Triangle
334.0,100.56854140758514,4,0.6842105263157895,0.4149846454941216,Rectangle
882.0,127.11269783973694,4,1.0,0.6859628192391098,Square
483.0,112.56854164600372,3,0.8648648648648649,0.4789861052731943,Triangle
2588.0,198.16652143001556,9,0.6575342465753424,0.8281586915230702,Circle
1216.5,146.04163002967834,4,0.717391304347826,0.7167515387947087,Rectangle
770.0,117.79898953437805,4,1.0,0.6972964576023253,Square
378.5,81.55634891986847,4,1.0,0.7150891645379456,Square
880.0,125.79898953437805,4,1.0625,0.698776402853153,Square
397.0,100.4264065027237,4,0.9354838709677419,0.49465741662359436,Square
1332.5,141.63960909843445,8,0.7916666666666666,0.8346562364108898,Circle
1191.5,142.87005722522736,4,0.717391304347826,0.7335360686016836,Rectangle
382.0,98.9116872549057,3,1.0689655172413792,0.4906570083572065,Triangle
103.5,120.38477599620819,3,9.666666666666666,0.08974434161653534,Triangle
672.0,100.08326041698456,8,0.8235294117647058,0.8430556575419502,Circle
668.5,107.21320307254791,4,1.0,0.7308272519697149,Square
935.0,118.91168713569641,9,0.8205128205128205,0.8309452181339692,Circle
305.5,89.01219284534454,3,0.9285714285714286,0.484531569115385,Triangle
1262.0,135.74011397361755,9,0.7608695652173914,0.860701975785263,Circle
1463.5,169.01219248771667,4,0.78,0.6438230476681861,Rectangle
362.0,88.9116872549057,3,0.78125,0.575440905795568,Triangle
113.5,102.61017155647278,4,0.9444444444444444,0.1354643127744859,Square
749.0,118.62741661071777,4,0.8823529411764706,0.6688389189740492,Square
1249.5,138.4680359363556,8,0.7,0.8189305266165023,Circle
672.5,108.38477599620819,4,1.0714285714285714,0.7193919669076704,Square
635.0,126.71067786216736,3,0.6122448979591837,0.4970008835315781,Triangle
885.0,127.11269783973694,4,1.0,0.68829602610727,Square
482.0,112.56854128837585,4,0.8648648648648649,0.4779944186513998,Square
2596.5,198.40916216373444,8,0.6486486486486487,0.8288477150911492,Circle
1219.5,146.87005722522736,4,0.717391304347826,0.7104362946481908,Rectangle
773.0,117.79898953437805,4,1.0,0.7000131970475291,Square
377.5,81.55634891986847,4,1.0,0.7131998932974225,Square
880.0,125.79898953437805,4,1.0625,0.698776402853153,Square
399.0,101.25483357906342,4,0.9354838709677419,0.4890477118897979,Square
501.5,94.04163014888763,4,1.08,0.7125912805888354,Square
1329.5,140.46803677082062,8,0.7916666666666666,0.846726555288401,Circle
1189.5,143.69848430156708,4,0.7391304347826086,0.7238855971772099,Rectangle
381.0,96.42640614509583,3,1.1071428571428572,0.5149236964899067,Triangle
121.0,134.76955199241638,3,10.5,0.08371661601354118,Triangle
669.5,99.84061968326569,8,0.7941176470588235,0.8440067298769203,Circle
663.5,107.21320307254791,4,1.0,0.7253610795540851,Square
935.5,118.32590055465698,8,0.8205128205128205,0.8396417379550244,Circle
307.5,89.01219248771667,3,0.9285714285714286,0.487703629133273,Triangle
1268.5,137.63960886001587,8,0.7659574468085106,0.8414212502509736,Circle
1463.5,168.18376541137695,4,0.7959183673469388,0.650181259917119,Rectangle
358.0,88.91168761253357,3,0.78125,0.5690824381700832,Triangle
751.0,119.4558436870575,4,0.9117647058823529,0.6613555479962783,Square
1253.0,138.71067690849304,8,0.6862745098039216,0.8183538931586225,Circle
639.5,108.5269113779068,4,1.032258064516129,0.6823002431933431,Square
671.5,108.38477599620819,4,1.1071428571428572,0.7183222390758374,Square
636.0,126.71067810058594,3,0.6122448979591837,0.49778356021506354,Triangle
334.5,99.49747347831726,4,0.7222222222222222,0.42460184825456226,Rectangle
885.0,127.11269783973694,4,1.0,0.68829602610727,Square
487.5,111.98275434970856,4,0.8648648648648649,0.48851982572010305,Square
2597.5,199.58073508739471,8,0.6486486486486487,0.8194608022028126,Circle
775.0,118.62741661071777,4,1.0,0.6920562913282886,Square
541.5,117.98275434970856,4,0.6,0.48884509687313193,Rectangle
383.5,82.38477599620819,4,1.0,0.71003752568951,Square
400.0,101.25483357906342,4,0.9354838709677419,0.49027339537824355,Square
500.5,93.21320307254791,4,1.04,0.7238675065624829,Square
1335.0,141.05382299423218,8,0.7916666666666666,0.8431821557085234,Circle
1191.5,144.5269113779068,4,0.7391304347826086,0.7168139810235943,Rectangle
381.0,96.42640614509583,3,1.1071428571428572,0.5149236964899067,Triangle
672.5,99.84061992168427,8,0.7941176470588235,0.8477886827952303,Circle
667.0,107.79898953437805,4,1.0,0.7212840324258143,Square
934.5,117.49747359752655,8,0.8205128205128205,0.8506131894349934,Circle
214.0,71.94112527370453,4,0.9565217391304348,0.5196000499927514,Square
1046.0,124.56854176521301,8,0.7272727272727273,0.8470807013967897,Circle
307.5,89.01219248771667,3,0.9285714285714286,0.487703629133273,Triangle
1272.0,137.396968126297,8,0.7659574468085106,0.8467255725811849,Circle
1460.0,168.7695518732071,4,0.7959183673469388,0.6441314812303722,Rectangle
364.5,89.49747335910797,4,0.78125,0.5718549005795037,Rectangle
756.0,119.4558436870575,4,0.9117647058823529,0.6657587140947888,Square
1250.5,139.29646253585815,8,0.7,0.8098664070451697,Circle
636.5,109.35533845424652,4,1.032258064516129,0.6688493261863375,Square
677.5,108.38477599620819,4,1.1071428571428572,0.7247406060668352,Square
637.5,127.2964643239975,3,0.6122448979591837,0.494375990148292,Triangle
334.5,100.32590103149414,4,0.7222222222222222,0.41761861471496736,Rectangle
885.5,129.35533845424652,4,1.0,0.6650123585934988,Square
484.0,110.56854248046875,4,0.8648648648648649,0.497498821362975,Square
2596.5,199.5807340145111,8,0.6486486486486487,0.8191453304314245,Circle
1215.0,147.11269783973694,4,0.717391304347826,0.7054818127186953,Rectangle
781.0,119.4558436870575,4,1.0,0.6877745445873413,Square
384.5,82.38477599620819,4,1.0,0.7118889925100823,Square
883.0,125.79898953437805,4,1.0303030303030303,0.7011585951356069,Square
400.0,100.42640709877014,4,0.9354838709677419,0.49839537607239903,Square
1333.0,141.0538228750229,8,0.7916666666666666,0.8419189628908293,Circle
1194.5,143.69848430156708,4,0.7391304347826086,0.7269284117933393,Rectangle
383.0,97.25483322143555,3,1.0689655172413792,0.508845866677486,Triangle
672.0,99.25483298301697,8,0.7941176470588235,0.8571874644208919,Circle
668.0,107.79898953437805,4,1.0,0.7223654177817751,Square
939.0,116.91168689727783,8,0.8205128205128205,0.8632957491554096,Circle
210.0,71.94112527370453,4,0.9565217391304348,0.5098878995255973,Square
1038.5,123.15432822704315,8,0.7045454545454546,0.8604328954610133,Circle
312.5,89.84061968326569,3,0.896551724137931,0.48653535885208093,Triangle
1274.0,138.2253955602646,8,0.7659574468085106,0.837922030858079,Circle
1457.0,167.94112479686737,4,0.7959183673469388,0.6491653049637328,Rectangle
362.5,90.32590091228485,4,0.78125,0.5583329662010807,Rectangle
755.5,118.87005722522736,4,0.9117647058823529,0.6718918747173696,Square
1244.5,137.6396086215973,8,0.68,0.8255015763224812,Circle
637.5,111.01219248771667,4,1.0,0.6500528894476202,Square
681.5,108.38477599620819,4,1.1071428571428572,0.7290195173941671,Square
636.5,127.29646444320679,4,0.6122448979591837,0.49360049747455587,Rectangle
886.5,129.35533845424652,4,1.0,0.6657633606924186,Square
485.5,111.15432906150818,3,0.8648648648648649,0.49379459865977654,Triangle
2597.5,198.7523068189621,8,0.6575342465753424,0.8263063005705501,Circle
1212.5,146.87005722522736,4,0.717391304347826,0.706358349537459,Rectangle
785.0,117.79898953437805,4,1.0,0.7108801548283447,Square
888.0,125.79898953437805,4,1.0303030303030303,0.7051289156063635,Square
400.0,100.42640709877014,4,0.9354838709677419,0.49839537607239903,Square
508.5,94.38477599620819,4,1.04,0.7172935446655797,Square
1332.0,140.22539520263672,8,0.7708333333333334,0.8512570927417612,Circle
1199.5,144.5269113779068,4,0.7391304347826086,0.7216268319242982,Rectangle
385.0,97.25483322143555,3,1.0689655172413792,0.5115030252502145,Triangle
111.5,151.29646337032318,3,4.142857142857143,0.06121067642583672,Triangle
671.0,99.25483298301697,8,0.7941176470588235,0.8559118878369321,Circle
666.0,107.79898953437805,4,1.0,0.7202026470698536,Square
936.5,118.32590055465698,8,0.8205128205128205,0.8405392705450352,Circle
212.5,72.52691173553467,4,0.9565217391304348,0.5076570573463812,Square
629.0,134.36753141880035,4,0.5686274509803921,0.4377960436923179,Rectangle
1040.5,123.15432810783386,8,0.7045454545454546,0.8620899657779372,Circle
310.0,89.25483322143555,4,0.896551724137931,0.48899911397467244,Square
1273.0,137.39696836471558,8,0.7659574468085106,0.8473912343986261,Circle
1456.0,168.7695518732071,4,0.7959183673469388,0.6423667374461794,Rectangle
359.0,88.91168773174286,4,0.78125,0.5706720523888923,Rectangle
756.5,118.87005722522736,4,0.9117647058823529,0.6727812087672933,Square
1247.5,138.46803557872772,8,0.7,0.8176197176720582,Circle
633.5,110.18376541137695,4,1.032258064516129,0.6557242779665438,Square
677.5,109.21320307254791,4,1.1071428571428572,0.7137873952095104,Square
635.0,126.71067774295807,4,0.6122448979591837,0.49700088446673407,Rectangle
339.0,99.74011445045471,4,0.7027027027027027,0.42822285020334205,Rectangle
888.5,129.35533845424652,4,1.0,0.6672653648902581,Square
484.5,110.32590198516846,3,0.8888888888888888,0.5002057409158928,Triangle
2596.5,198.75230705738068,8,0.6575342465753424,0.8259881825925086,Circle
1214.5,147.69848430156708,4,0.717391304347826,0.6996088683913768,Rectangle
788.5,117.55634891986847,4,1.0,0.717000375668572,Square
887.5,126.38477599620819,4,1.0303030303030303,0.6982142363371461,Square
402.0,100.4264065027237,4,0.9354838709677419,0.5008873588984507,Square
508.5,94.38477599620819,4,1.04,0.7172935446655797,Square
1334.0,140.2253955602646,8,0.7708333333333334,0.852535252196101,Circle
1202.5,145.35533845424652,4,0.7391304347826086,0.7152090079066226,Rectangle
384.0,97.25483322143555,3,1.0689655172413792,0.5101744459638503,Triangle
161.0,54.14213538169861,4,1.0,0.6901841461207295,Square
671.0,99.25483298301697,8,0.7941176470588235,0.8559118878369321,Circle
669.5,108.87005722522736,4,1.0,0.7098123363079745,Square
934.5,117.49747407436371,8,0.8205128205128205,0.8506131825309476,Circle
213.5,72.52691173553467,4,0.9565217391304348,0.5100460317338937,Square
1041.5,123.15432810783386,8,0.7045454545454546,0.8629185001035286,Circle
313.0,89.25483310222626,4,0.896551724137931,0.493731364783611,Square
1274.0,138.2253955602646,9,0.7659574468085106,0.837922030858079,Circle
1454.0,168.7695518732071,4,0.7959183673469388,0.6414843655540831,Rectangle
359.0,88.91168737411499,4,0.78125,0.5706720569797,Rectangle
755.5,119.69848430156708,4,0.9117647058823529,0.6626237995509849,Square
1249.5,138.46803545951843,8,0.7,0.8189305322567428,Circle
633.0,110.76955187320709,4,1.032258064516129,0.6482951559174859,Square
969.5,131.2132030725479,4,0.8918918918918919,0.7076240794044437,Square
676.5,109.21320307254791,4,1.1071428571428572,0.7127338344785737,Square
638.5,128.95331692695618,4,0.6326530612244898,0.4825093468333946,Rectangle
338.0,99.74011445045471,4,0.7027027027027027,0.42695965595495466,Rectangle
885.5,129.35533845424652,4,1.0,0.6650123585934988,Square
484.5,111.15432751178741,4,0.9166666666666666,0.4927775277482137,Square
2589.5,199.58073377609253,8,0.6575342465753424,0.8169369683112179,Circle
1210.5,147.69848430156708,4,0.717391304347826,0.6973046810932577,Rectangle
787.5,117.55634891986847,4,1.0,0.7160910536956252,Square
886.0,126.62741661071777,4,1.0303030303030303,0.6943654328435824,Square
400.5,101.01219272613525,3,0.9354838709677419,0.49324738002339685,Triangle
510.5,94.38477599620819,4,1.04,0.7201147582139202,Square
1335.0,140.2253955602646,8,0.7708333333333334,0.8531743340942991,Circle
1204.5,145.35533845424652,4,0.7391304347826086,0.7163985447181097,Rectangle
381.0,96.42640614509583,3,1.1071428571428572,0.5149236964899067,Triangle
672.5,99.84061932563782,8,0.7941176470588235,0.8477886929177924,Circle
672.0,110.28427076339722,4,1.0,0.6943077059490453,Square
934.5,118.32590055465698,8,0.8205128205128205,0.8387442053650137,Circle
213.5,72.52691173553467,4,0.9565217391304348,0.5100460317338937,Square
1039.5,123.15432810783386,8,0.7045454545454546,0.8612614314523457,Circle
313.0,89.2548336982727,4,0.896551724137931,0.4937313581893054,Square
1275.0,137.39696848392487,8,0.7659574468085106,0.8487225624378939,Circle
457.5,84.52691125869751,8,0.6451612903225806,0.8046573144734357,Circle
1456.0,168.7695518732071,4,0.7959183673469388,0.6423667374461794,Rectangle
359.5,89.49747371673584,4,0.78125,0.5640105215784366,Rectangle
758.0,119.4558436870575,4,0.8823529411764706,0.6675199805341929,Square
1247.0,138.2253955602646,9,0.68,0.8201638716483709,Circle
630.5,110.18376541137695,4,1.0,0.6526190327670179,Square
967.5,132.04163014888763,4,0.8918918918918919,0.6973311777244343,Square
679.5,109.21320307254791,4,1.1071428571428572,0.7158945166713835,Square
637.0,126.71067583560944,4,0.6122448979591837,0.4985662565927863,Rectangle
335.5,100.32590043544769,4,0.7027027027027027,0.4188671058346776,Rectangle
884.0,129.5979790687561,4,1.0,0.6614022538293355,Square
2588.5,198.7523066997528,8,0.6575342465753424,0.8234432575910052,Circle
1210.5,147.69848430156708,4,0.717391304347826,0.6973046810932577,Rectangle
785.0,118.62741661071777,4,0.96875,0.7009860499260729,Square
884.5,127.21320307254791,4,1.0303030303030303,0.6868206207988128,Square
401.5,100.18376517295837,3,0.9354838709677419,0.5026905423096755,Triangle
509.5,93.55634891986847,4,1.04,0.7314885331920702,Square
1337.0,140.22539615631104,8,0.7708333333333334,0.8544524906267702,Circle
1200.5,145.35533845424652,4,0.7391304347826086,0.7140194710951355,Rectangle
160.0,53.31370830535889,4,1.0,0.7073788386337545,Square
670.5,99.8406195640564,8,0.7941176470588235,0.8452673842178569,Circle
671.5,107.21320307254791,4,1.0,0.7341069554190929,Square
933.5,117.49747359752655,8,0.8205128205128205,0.8497029559524519,Circle
215.0,71.94112491607666,4,0.9565217391304348,0.5220280927996672,Square
1040.0,124.22539579868317,8,0.7272727272727273,0.8468810693759028,Circle
314.0,89.2548336982727,4,0.896551724137931,0.49530877466914347,Square
1274.0,138.22539520263672,9,0.7659574468085106,0.8379220351939577,Circle
1456.0,167.94112479686737,4,0.7959183673469388,0.6487197556809848,Rectangle
359.0,88.08325970172882,4,0.8064516129032258,0.5814569369720142,Square
1249.5,139.63960909843445,9,0.7,0.8052465553524344,Circle
634.0,110.76955187320709,4,1.0,0.6493193188810207,Square
971.5,132.87005722522736,4,0.8918918918918919,0.6915099362944847,Square
676.5,109.21320307254791,4,1.1071428571428572,0.7127338344785737,Square
637.5,127.29646241664886,3,0.6122448979591837,0.4943760049632736,Triangle
337.5,100.32590091228485,4,0.7027027027027027,0.42136407414425114,Rectangle
881.0,129.5979790687561,4,1.0,0.6591576760448468,Square
484.5,113.15432798862457,4,0.8918918918918919,0.4755118080388101,Square
2592.5,198.409161567688,8,0.6575342465753424,0.8275708508701209,Circle
1211.5,146.04163014888763,4,0.7333333333333333,0.7138055798045079,Rectangle
785.0,118.62741661071777,4,0.96875,0.7009860499260729,Square
888.5,126.04163014888763,4,1.0303030303030303,0.7028121701099104,Square
401.5,101.01219236850739,3,0.9354838709677419,0.49447896250108364,Triangle
510.5,93.55634891986847,4,1.04,0.732924231981456,Square
1337.0,140.22539603710175,8,0.7708333333333334,0.8544524920795551,Circle
1200.5,145.35533845424652,4,0.723404255319149,0.7140194710951355,Rectangle
159.5,53.899494767189026,4,1.0,0.6899238571029528,Square
671.5,101.49747383594513,8,0.8,0.8191160100233943,Circle
667.5,106.38477599620819,4,1.0344827586206897,0.7411432662457902,Square
934.5,117.49747371673584,8,0.775,0.8506131877089819,Circle
216.5,72.52691125869751,4,0.9565217391304348,0.5172129616973921,Square
1040.0,123.74011468887329,8,0.7441860465116279,0.8535366517328877,Circle
738.0,118.28427076339722,4,0.8529411764705882,0.6628453780812188,Square
1275.5,138.81118214130402,8,0.7659574468085106,0.8318431055033676,Circle
459.0,83.94112491607666,8,0.59375,0.8186023358468066,Circle
1461.0,168.76955199241638,4,0.78,0.6445726662658409,Rectangle
362.0,88.08326041698456,4,0.8064516129032258,0.5863158990681326,Square
758.0,117.79898953437805,4,0.9393939393939394,0.6864294998215098,Square
678.0,109.4558436870575,4,1.0689655172413792,0.7111507168530324,Square
636.5,126.46803689002991,3,0.6122448979591837,0.5000883271297762,Triangle
337.5,100.3259003162384,4,0.7027027027027027,0.42136407915098545,Rectangle
886.0,129.5979790687561,4,1.0,0.6628986390189946,Square
484.5,112.32590103149414,3,0.8648648648648649,0.48255167048825376,Triangle
2598.0,198.16652059555054,8,0.6575342465753424,0.8313586934687153,Circle
1212.0,145.4558436870575,4,0.7333333333333333,0.7198634714939303,Rectangle
783.5,119.21320307254791,4,0.96875,0.6927876720396674,Square
383.0,81.79898953437805,4,1.0,0.7193044718695482,Square
884.0,126.62741661071777,4,1.0625,0.6927980165166219,Square
397.0,100.42640578746796,3,0.9354838709677419,0.4946574236696806,Triangle
506.0,92.14213538169861,4,1.0833333333333333,0.7489344971488057,Square
1337.5,140.81118190288544,8,0.7708333333333334,0.8476749848423437,Circle
1205.5,145.35533845424652,4,0.723404255319149,0.7169933131238533,Rectangle
380.5,97.01219260692596,4,1.1071428571428572,0.5080563507437871,Square
266.5,75.01219284534454,4,0.6206896551724138,0.5951731825883975,Rectangle
667.5,99.8406195640564,8,0.7941176470588235,0.8414854272414906,Circle
669.0,106.97056245803833,4,1.0344827586206897,0.7346955731976322,Square
934.0,118.08326029777527,8,0.775,0.8417440769218161,Circle
1037.0,123.74011433124542,8,0.7441860465116279,0.8510745316954373,Circle
727.5,115.21320307254791,4,0.8484848484848485,0.6887131260912899,Square
312.0,90.42640602588654,3,0.896551724137931,0.47948377679263116,Triangle
1274.5,139.63960874080658,8,0.7872340425531915,0.8213579352168687,Circle
461.5,84.5269113779068,8,0.59375,0.8116925673924675,Circle
1481.5,167.69848430156708,4,0.78,0.6619927681922814,Rectangle
361.5,89.49747347831726,4,0.8387096774193549,0.5671482743725101,Square
754.5,120.04163014888763,4,0.9117647058823529,0.6579688587677379,Square
1254.0,139.88224971294403,8,0.7,0.8053454023895195,Circle
633.5,126.46803689002991,3,0.6122448979591837,0.49773127295634445,Triangle
883.5,129.01219260692596,4,1.0,0.6670446500338293,Square
483.5,112.3259015083313,3,0.8648648648648649,0.4815556877196701,Triangle
2599.0,198.16652047634125,8,0.6575342465753424,0.8316786939664277,Circle
1222.5,147.6984841823578,4,0.717391304347826,0.7042172441243798,Rectangle
776.5,120.04163014888763,4,0.96875,0.6771541667768701,Square
646.5,100.18376541137695,8,0.5789473684210527,0.8094381919212387,Circle
386.5,81.55634891986847,4,1.0,0.7302033344621293,Square
874.0,125.79898953437805,4,1.03125,0.6940120182882451,Square
395.5,101.84062016010284,3,0.90625,0.4791972104843733,Triangle
504.0,92.14213538169861,4,1.0833333333333333,0.7459742817450555,Square
1339.0,141.05382299423218,8,0.7916666666666666,0.8457085441900472,Circle
381.5,97.01219260692596,3,1.1071428571428572,0.5093915842542833,Triangle
130.5,142.87005722522736,3,11.166666666666666,0.08034113046791416,Triangle
157.0,51.65685415267944,4,1.0,0.7393560096853327,Square
263.5,75.01219260692596,4,0.6206896551724138,0.5884733005964994,Rectangle
665.0,99.25483298301697,8,0.7941176470588235,0.8482584283331742,Circle
665.5,106.38477599620819,4,1.0344827586206897,0.7389226122645293,Square
935.5,118.66904675960541,8,0.775,0.8347929030372608,Circle
218.0,73.5979790687561,4,0.9583333333333334,0.5057484719226137,Square
1034.0,123.74011421203613,8,0.7441860465116279,0.8486124083593635,Circle
729.5,114.38477599620819,4,0.8484848484848485,0.7006460988127772,Square
307.5,89.8406195640564,3,0.9285714285714286,0.4787507943809541,Triangle
1273.5,137.9827550649643,8,0.7659574468085106,0.8405415548594792,Circle
464.5,85.35533845424652,8,0.625,0.8011875736895933,Circle
1476.0,167.11269783973694,4,0.78,0.6641670417584671,Rectangle
361.5,89.49747383594513,4,0.8387096774193549,0.5671482698399123,Square
105.5,104.6101713180542,3,0.9444444444444444,0.12114751130528245,Triangle
752.0,118.62741661071777,4,0.8823529411764706,0.6715178465533845,Square
1248.5,138.46803665161133,9,0.7,0.8182751115789861,Circle
677.0,110.28427076339722,4,1.0689655172413792,0.6994736859040233,Square
637.0,127.53910386562347,3,0.6,0.4921104348588346,Triangle
335.0,99.74011504650116,4,0.7027027027027027,0.42317006815206776,Rectangle
886.5,127.35533845424652,4,0.972972972972973,0.686837968902668,Square
488.0,113.74011468887329,3,0.8648648648648649,0.4740262175077869,Triangle
2599.0,198.16652023792267,8,0.6575342465753424,0.8316786959676502,Circle
1227.5,146.87005710601807,4,0.717391304347826,0.715096804507008,Rectangle
382.5,81.55634891986847,4,1.0,0.7226462495000374,Square
883.0,127.4558436870575,4,1.0625,0.6830477473315322,Square
396.5,101.49747514724731,4,0.90625,0.4836626799438018,Square
1337.0,141.88224959373474,8,0.7916666666666666,0.8346129899151922,Circle
1205.0,143.4558436870575,4,0.717391304347826,0.7358010834710327,Rectangle
382.0,98.42640614509583,3,1.1071428571428572,0.49550720185098884,Triangle
122.0,127.79898953437805,3,10.166666666666666,0.09386741426865225,Triangle
161.0,52.485281229019165,4,1.0714285714285714,0.734447374833132,Square
263.5,75.01219296455383,4,0.6206896551724138,0.5884732949852929,Rectangle
673.0,100.42640626430511,8,0.7941176470588235,0.8385502341772066,Circle
664.5,106.38477599620819,4,1.0344827586206897,0.737812285273899,Square
943.5,118.32590055465698,8,0.8,0.8468219986751101,Circle
1037.0,123.740114569664,8,0.7441860465116279,0.8510745284157898,Circle
306.0,89.25483310222626,3,0.9285714285714286,0.4826894492772683,Triangle
1276.0,137.39696860313416,8,0.7659574468085106,0.8493882257188431,Circle
1470.0,170.42640602588654,4,0.8,0.6359945989354052,Square
361.5,89.49747383594513,4,0.8387096774193549,0.5671482698399123,Square
1246.0,139.05382239818573,8,0.7,0.8097706714683849,Circle
639.5,109.35533833503723,4,1.032258064516129,0.6720017989453355,Square
678.0,108.62741661071777,4,1.1071428571428572,0.722038998990947,Square
639.0,125.53910279273987,4,0.6,0.5095099636279512,Rectangle
886.0,128.76955199241638,4,0.972972972972973,0.6714554704800386,Square
489.0,112.56854116916656,4,0.8648648648648649,0.4849362473352509,Square
2596.0,198.16652047634125,8,0.6575342465753424,0.8307186954739693,Circle
1221.5,146.04163014888763,4,0.717391304347826,0.7196974954446607,Rectangle
772.0,118.62741661071777,4,1.0,0.6893773637489532,Square
382.0,80.97056245803833,4,1.0,0.7321817754215435,Square
879.0,129.94112491607666,4,1.0625,0.6541924004055828,Square
508.5,93.55634891986847,4,1.125,0.7300528344026843,Square
1344.0,141.88224935531616,8,0.7916666666666666,0.8389826942527218,Circle
1201.0,143.4558436870575,4,0.717391304347826,0.7333585902478923,Rectangle
384.0,97.25483310222626,3,1.1071428571428572,0.5101744472145342,Triangle
126.5,133.2132030725479,3,10.666666666666666,0.08957892528108154,Triangle
163.0,53.31370830535889,4,1.0714285714285714,0.7206421918581374,Square
253.5,75.35533893108368,4,0.5862068965517241,0.560996010268459,Rectangle
669.5,99.8406195640564,8,0.7941176470588235,0.8440067318924015,Circle
660.5,110.04163014888763,4,1.0689655172413792,0.6854387538057051,Square
947.5,118.32590067386627,9,0.8,0.8504121273216309,Circle
1034.5,123.154327750206,8,0.7441860465116279,0.8571187648023627,Circle
740.0,116.62741661071777,4,0.8787878787878788,0.6836601598499176,Square
1271.0,136.5685418844223,8,0.782608695652174,0.8563554568304641,Circle
467.0,85.59797894954681,8,0.625,0.8009395200702296,Circle
1475.0,168.76955199241638,4,0.78,0.6507492695017901,Rectangle
751.0,119.4558436870575,4,0.8823529411764706,0.6613555479962783,Square
1247.0,138.22539579868317,8,0.68,0.8201638688190456,Circle
643.5,111.35533845424652,4,1.064516129032258,0.652133230205453,Square
238.5,87.8406194448471,4,0.5277777777777778,0.3884252625340405,Rectangle
682.0,108.62741661071777,4,1.1071428571428572,0.7262988160941385,Square
641.5,126.12489128112793,4,0.6,0.5067630192407538,Rectangle
891.0,127.11269783973694,4,1.0,0.6929624398435906,Square
489.5,113.15432751178741,4,0.8918918918918919,0.4804190546888425,Square
2596.0,199.33809316158295,8,0.6575342465753424,0.8209826006115453,Circle
1221.0,148.28427076339722,4,0.7391304347826086,0.6978070558652617,Rectangle
770.5,117.55634891986847,4,1.0,0.7006325801555291,Square
381.0,81.79898953437805,4,1.0434782608695652,0.715548312747514,Square
875.0,127.4558436870575,4,1.0625,0.6768593192696384,Square
398.0,103.25483357906342,4,0.9354838709677419,0.4691072597354454,Square
515.5,95.21320307254791,4,1.125,0.714569018462095,Square
1343.0,141.8822499513626,8,0.7916666666666666,0.8383584441327636,Circle
1211.0,143.94112491607666,4,0.7391304347826086,0.7344871841483863,Rectangle
382.5,97.8406195640564,3,1.1071428571428572,0.5021146759035324,Triangle
127.0,136.62741661071777,3,10.833333333333334,0.08549443994193313,Triangle
674.5,99.8406194448471,8,0.7941176470588235,0.8503099955502118,Circle
950.5,118.32590067386627,8,0.8,0.8531047250862375,Circle
740.5,116.04163014888763,4,0.8484848484848485,0.6910465205535395,Square
1276.0,137.39696860313416,8,0.782608695652174,0.8493882257188431,Circle
1468.0,169.11269772052765,4,0.8163265306122449,0.6450353031971789,Square
362.5,89.49747323989868,4,0.8387096774193549,0.5687171522971307,Square
756.0,119.4558436870575,4,0.9117647058823529,0.6657587140947888,Square
1244.5,137.63960874080658,8,0.68,0.8255015748925519,Circle
639.0,109.94112491607666,4,1.032258064516129,0.6643399500213772,Square
241.5,85.84061980247498,4,0.5428571428571428,0.41185212358078205,Rectangle
678.0,108.97056245803833,4,1.1071428571428572,0.7174987896752979,Square
643.0,125.88225030899048,3,0.6122448979591837,0.5099080181457329,Triangle
889.0,127.11269783973694,4,1.0,0.6914069685981504,Square
495.0,113.74011480808258,4,0.8918918918918919,0.4808257728985718,Square
2592.5,197.9238796234131,8,0.6438356164383562,0.8316340041637827,Circle
1227.5,148.5269112586975,4,0.7391304347826086,0.6992316300312004,Rectangle
775.0,117.79898953437805,4,1.0,0.7018243566776651,Square
380.5,82.38477599620819,4,1.0434782608695652,0.7044831252277928,Square
880.0,125.79898953437805,4,1.0625,0.698776402853153,Square
404.0,101.25483405590057,4,0.9354838709677419,0.49517612466818195,Square
515.5,93.55634891986847,4,1.125,0.740102725928385,Square
1339.5,141.63960909843445,8,0.7916666666666666,0.8390409220805904,Circle
1202.5,144.5269113779068,4,0.7391304347826086,0.7234316510120623,Rectangle
382.0,97.25483310222626,3,1.0714285714285714,0.5075172886352919,Triangle
132.0,137.79898953437805,3,11.0,0.08735579678518306,Triangle
668.0,110.28427076339722,4,1.0689655172413792,0.6901749219850629,Square
942.0,119.25483310222626,8,0.775,0.8323553760621161,Circle
219.5,74.18376588821411,3,1.1363636363636365,0.501217973409684,Triangle
738.0,118.28427076339722,4,0.8787878787878788,0.6628453780812188,Square
1272.5,137.98275458812714,8,0.782608695652174,0.8398815358863001,Circle
1467.5,166.5269113779068,4,0.7959183673469388,0.6649961326928133,Rectangle
362.5,88.6690468788147,4,0.8064516129032258,0.5793937346389735,Square
740.5,119.69848430156708,4,0.8823529411764706,0.6494678008835266,Square
636.0,109.11269783973694,4,1.032258064516129,0.671299605197218,Square
686.5,110.87005722522736,4,1.1428571428571428,0.7018137330605708,Square
638.5,127.29646241664886,4,0.625,0.495151496735765,Rectangle
901.5,127.69848430156708,4,1.0,0.6947108953328613,Square
2591.0,200.16652059555054,8,0.6486486486486487,0.8126328920739486,Circle
1259.0,146.62741661071777,4,0.7555555555555555,0.7358769985101886,Rectangle
780.5,119.21320307254791,4,1.0,0.6901350070541932,Square
394.0,85.4558436870575,4,1.0434782608695652,0.6779888527161492,Square
891.5,126.38477599620819,4,1.0625,0.7013611174023275,Square
404.0,102.42640614509583,4,0.9354838709677419,0.4839130782361495,Square
522.0,96.62741661071777,4,1.1666666666666667,0.7025538690863489,Square
1213.5,145.35533845424652,4,0.7391304347826086,0.7217514603698016,Rectangle
384.5,95.84061968326569,4,1.1071428571428572,0.5260257230000515,Square
664.0,106.97056245803833,4,1.0344827586206897,0.7292045748927173,Square
736.5,117.21320307254791,4,0.8787878787878788,0.673642605823207,Square
1463.5,167.35533833503723,4,0.7959183673469388,0.6566341271938088,Rectangle
639.0,110.7695517539978,4,1.064516129032258,0.6544401351073006,Square
1007.0,138.76955199241638,4,0.9722222222222222,0.6571294971234102,Square
898.0,130.76955199241638,4,1.0277777777777777,0.6598920996450087,Square
772.0,118.62741661071777,4,1.032258064516129,0.6893773637489532,Square
885.5,129.69848430156708,4,1.09375,0.6614981408467773,Square
401.0,104.08326065540314,3,0.967741935483871,0.4651493929341771,Triangle
528.5,96.87005722522736,4,1.1666666666666667,0.7077432614795307,Square
1192.0,142.28427076339722,4,0.717391304347826,0.7398988199817185,Rectangle
383.0,97.25483310222626,4,1.1071428571428572,0.508845867924913,Square
160.0,53.31370830535889,4,1.0714285714285714,0.7073788386337545,Square
668.5,108.87005722522736,4,1.0689655172413792,0.7087521237070662,Square
735.5,114.38477599620819,4,0.8484848484848485,0.7064087809140475,Square
323.5,91.8406195640564,4,0.9642857142857143,0.48196393256465875,Square
1457.5,169.01219248771667,4,0.7959183673469388,0.6411835271447772,Rectangle
637.0,111.59797894954681,4,1.064516129032258,0.6427419369789144,Square
106.0,121.33809328079224,4,0.7297297297297297,0.09047350116221876,Rectangle
669.0,107.79898953437805,4,1.1071428571428572,0.7234468031377358,Square
879.5,131.01219260692596,4,1.0,0.6439057121743287,Square
1203.5,149.35533845424652,4,0.7555555555555555,0.6779762148287992,Rectangle
776.5,121.69848430156708,4,0.96875,0.6588415578686861,Square
385.5,83.21320307254791,4,1.0909090909090908,0.6995999466796419,Square
877.5,125.55634891986847,4,1.0625,0.6994869760075558,Square
395.5,103.0121922492981,4,1.0,0.46835923986413713,Square
536.0,97.79898953437805,4,1.12,0.7042160490735035,Square
660.5,99.8406194448471,8,0.7941176470588235,0.83266086295169,Circle
657.5,106.38477599620819,4,1.0344827586206897,0.7300399963394861,Square
1462.5,167.35533845424652,4,0.7959183673469388,0.656185452444714,Rectangle
632.0,109.11269783973694,4,1.032258064516129,0.667077595101638,Square
670.0,109.4558436870575,4,1.1071428571428572,0.7027595579521118,Square
873.0,127.94112491607666,4,0.972972972972973,0.6701990037246162,Square
1194.0,146.28427076339722,4,0.7555555555555555,0.7011629001547898,Rectangle
771.5,117.21320307254791,4,1.032258064516129,0.7056554927258712,Square
377.0,82.14213538169861,4,1.0909090909090908,0.7021327602479484,Square
883.0,128.28427076339722,4,1.0625,0.6742543360959128,Square
388.0,100.76955223083496,4,0.9666666666666667,0.4801566322999448,Square
1194.5,144.5269113779068,4,0.7391304347826086,0.7186188001113584,Rectangle
665.5,99.8406195640564,9,0.7941176470588235,0.8389641225905796,Circle
661.0,106.97056245803833,4,1.0344827586206897,0.7259099759097682,Square
1041.0,124.56854176521301,8,0.7272727272727273,0.8430315584646827,Circle
730.5,116.04163014888763,4,0.8484848484848485,0.6817143595737484,Square
304.0,89.25483322143555,3,0.9285714285714286,0.47953461499451744,Triangle
1452.5,168.5269113779068,4,0.7959183673469388,0.6426691931306361,Rectangle
134.5,175.63960897922516,4,0.4307692307692308,0.05478822431699545,Rectangle
627.5,108.52691125869751,4,1.0,0.6694971126573799,Square
879.0,129.5979790687561,4,1.0,0.6576612908551877,Square
483.5,113.9827550649643,4,0.918918918918919,0.4676576493109517,Square
1200.0,146.28427076339722,4,0.7333333333333333,0.7046863318138591,Rectangle
769.5,121.69848430156708,4,1.0,0.6529022263746992,Square
877.0,125.79898953437805,4,1.0625,0.6963942105706991,Square
391.5,101.49747335910797,4,0.9354838709677419,0.47756354569965415,Square
518.5,97.21320307254791,4,1.2083333333333333,0.6894584821419882,Square
1203.5,147.01219260692596,4,0.7391304347826086,0.6997602180285334,Rectangle
162.5,54.72792184352875,4,1.0714285714285714,0.6817816606998099,Square
669.5,99.84061920642853,8,0.7941176470588235,0.844006737938845,Circle
658.5,107.21320307254791,4,1.0344827586206897,0.7198949071384553,Square
1042.5,123.98275518417358,8,0.7272727272727273,0.8522428402178349,Circle
1257.0,139.396968126297,8,0.7659574468085106,0.8129025496767971,Circle
1467.0,167.94112479686737,4,0.7959183673469388,0.6536207977912121,Rectangle
375.5,92.66904652118683,4,0.8709677419354839,0.5494781359178038,Square
630.0,108.76955187320709,4,1.032258064516129,0.6691688788594099,Square
671.0,106.97056245803833,4,1.1481481481481481,0.7368919725195981,Square
881.0,127.94112491607666,4,0.972972972972973,0.6763405753509586,Square
1194.0,145.4558436870575,4,0.7555555555555555,0.7091724298380798,Rectangle
766.5,119.21320307254791,4,1.032258064516129,0.6777559037886471,Square
378.5,83.21320307254791,4,1.0,0.6868964457023202,Square
887.0,126.62741661071777,4,1.03125,0.6951491410070629,Square
392.0,100.42640566825867,4,0.9354838709677419,0.48842748246564,Square
507.0,94.97056245803833,4,1.1666666666666667,0.7063822913502811,Square
1199.5,144.5269113779068,4,0.717391304347826,0.7216268319242982,Rectangle
161.5,53.899494767189026,4,1.0714285714285714,0.6985749399506387,Square
672.5,99.8406194448471,8,0.7941176470588235,0.84778869089328,Circle
657.5,107.21320307254791,4,1.0344827586206897,0.7188016726553292,Square
985.5,120.32590115070343,8,0.8717948717948718,0.8553586405432808,Circle
1048.5,123.98275470733643,8,0.7272727272727273,0.8571478415748525,Circle
722.5,116.87005722522736,4,0.8787878787878788,0.6647237592643125,Square
1263.0,138.22539496421814,8,0.7659574468085106,0.8306872324181934,Circle
1464.0,167.11269783973694,4,0.7959183673469388,0.6587673097116503,Rectangle
379.0,92.91168713569641,4,0.84375,0.5517068566499685,Square
737.5,119.69848430156708,4,0.9090909090909091,0.6468366011500349,Square
669.0,107.79898953437805,4,1.1071428571428572,0.7234468031377358,Square
880.5,128.5269113779068,4,0.972972972972973,0.6698091592961501,Square
482.5,113.1543276309967,3,0.8648648648648649,0.4735489139917351,Triangle
1198.0,145.4558436870575,4,0.7333333333333333,0.7115482168727133,Rectangle
764.0,117.79898953437805,4,1.0,0.6918629787119176,Square
378.0,81.79898953437805,4,1.0434782608695652,0.7099140740644627,Square
881.5,125.21320307254791,4,1.0625,0.7065321519575769,Square
390.0,101.254833817482,4,0.967741935483871,0.4780165582426746,Square
1197.0,142.28427076339722,4,0.717391304347826,0.7430024224145276,Rectangle
383.0,99.5979790687561,3,1.1071428571428572,0.4851852454094969,Triangle
160.0,53.31370830535889,4,1.0714285714285714,0.7073788386337545,Square
673.5,99.84061932563782,8,0.7941176470588235,0.8490493452492688,Circle
660.5,108.04163014888763,4,1.0344827586206897,0.7110504726408844,Square
988.0,122.56854140758514,8,0.85,0.8264351355420121,Circle
216.5,74.52691125869751,4,1.0,0.4898256459425695,Square
1051.0,124.56854128837585,8,0.7272727272727273,0.8511298508449934,Circle
1254.5,136.81118178367615,8,0.7659574468085106,0.8422428656720614,Circle
1464.0,167.11269783973694,4,0.7959183673469388,0.6587673097116503,Rectangle
377.5,92.32590079307556,4,0.84375,0.5565186369507653,Square
741.5,119.69848430156708,4,0.8823529411764706,0.6503448674613571,Square
632.5,109.35533845424652,4,1.0,0.6646460311278216,Square
667.0,106.97056245803833,4,1.1481481481481481,0.7324991738756662,Square
632.5,130.12489068508148,4,0.6458333333333334,0.4694070830267487,Rectangle
876.5,128.5269113779068,4,0.972972972972973,0.6667663011051398,Square
483.0,113.74011397361755,3,0.8648648648648649,0.4691693974094836,Triangle
1198.5,144.87005722522736,4,0.7333333333333333,0.717613564169337,Rectangle
770.0,117.79898953437805,4,1.0,0.6972964576023253,Square
378.0,81.79898953437805,4,1.0434782608695652,0.7099140740644627,Square
387.0,100.42640686035156,4,0.9354838709677419,0.4821975286395803,Square
509.5,95.21320307254791,4,1.125,0.7062520172772792,Square
1196.5,144.5269113779068,4,0.717391304347826,0.7198220128365344,Rectangle
376.5,97.01219248771667,3,1.1071428571428572,0.5027154179372832,Triangle
145.0,167.94112491607666,3,11.285714285714286,0.06460464590673337,Triangle
672.5,99.8406195640564,8,0.7941176470588235,0.8477886888687676,Circle
661.5,106.38477599620819,4,1.0344827586206897,0.7344813043020078,Square
984.5,121.1543276309967,8,0.8717948717948718,0.8428450120532895,Circle
1053.0,124.56854128837585,8,0.7272727272727273,0.8527495080302361,Circle
729.0,117.4558436870575,4,0.8787878787878788,0.6640306638237047,Square
299.0,89.5979791879654,4,0.8928571428571429,0.46804178087206977,Square
1259.0,138.22539520263672,8,0.7659574468085106,0.828056391137514,Circle
1461.5,167.35533833503723,4,0.7959183673469388,0.6557367795652556,Rectangle
378.0,90.91168749332428,4,0.8125,0.5747278274479548,Square
750.0,118.62741661071777,4,0.9090909090909091,0.6697318948338277,Square
629.0,108.76955187320709,4,1.032258064516129,0.6681067060358236,Square
672.0,106.97056245803833,4,1.1481481481481481,0.7379901721805813,Square
639.0,130.36753177642822,4,0.6458333333333334,0.4724673869572887,Rectangle
336.0,101.74011433124542,4,0.7297297297297297,0.40791032541965677,Rectangle
875.5,127.69848430156708,4,1.0,0.6746748628551527,Square
478.0,113.740114569664,3,0.8648648648648649,0.4643125664829544,Triangle
1196.5,144.87005710601807,4,0.717391304347826,0.7164160458420403,Rectangle
768.0,116.14213538169861,4,1.0,0.7154700698355025,Square
373.0,81.79898953437805,4,1.0434782608695652,0.7005236762593772,Square
884.0,126.62741661071777,4,1.0303030303030303,0.6927980165166219,Square
388.5,101.4974752664566,4,0.9354838709677419,0.473904037116724,Square
507.5,95.21320307254791,4,1.125,0.7034796835490073,Square
1341.0,142.22539567947388,8,0.7916666666666666,0.8330754579458248,Circle
1194.0,142.28427076339722,4,0.717391304347826,0.7411402609548421,Rectangle
378.0,96.76955199241638,4,1.0714285714285714,0.5072525080152849,Square
671.5,99.8406194448471,8,0.7941176470588235,0.8465280385648143,Circle
662.0,106.97056245803833,4,1.0344827586206897,0.7270081755707511,Square
982.5,119.49747335910797,8,0.8461538461538461,0.8646194036073162,Circle
1052.0,124.56854140758514,8,0.7272727272727273,0.8519396778070406,Circle
1260.0,137.39696836471558,8,0.7659574468085106,0.8387375925705176,Circle
1451.5,167.6984841823578,4,0.7959183673469388,0.648587583123316,Rectangle
378.5,90.32590091228485,4,0.8125,0.5829766281575424,Square
744.0,118.62741661071777,4,0.9090909090909091,0.664374039675157,Square
632.0,108.76955187320709,4,1.032258064516129,0.6712932245065827,Square
671.0,108.62741661071777,4,1.1071428571428572,0.714584319060362,Square
636.5,127.29646289348602,3,0.6122448979591837,0.4936005094928465,Triangle
339.0,101.74011433124542,4,0.7297297297297297,0.4115523818966179,Rectangle
878.0,127.94112491607666,4,1.0,0.6740374859910802,Square
482.5,111.15432751178741,4,0.9166666666666666,0.490743358387024,Square
2569.0,198.99494767189026,9,0.6575342465753424,0.8152482364159496,Circle
1200.0,147.11269783973694,4,0.717391304347826,0.6967721607098225,Rectangle
769.0,117.79898953437805,4,1.032258064516129,0.6963908777872573,Square
373.5,82.38477599620819,4,1.0,0.6915228574837861,Square
873.0,124.97056245803833,4,1.0,0.702439069281158,Square
394.0,99.59797823429108,3,0.9666666666666667,0.4991200780537758,Triangle
1344.0,141.88224983215332,8,0.7755102040816326,0.8389826886134241,Circle
160.0,53.31370830535889,4,1.0714285714285714,0.7073788386337545,Square
670.5,99.8406194448471,8,0.7941176470588235,0.8452673862363485,Circle
662.0,109.4558436870575,4,1.0689655172413792,0.6943683990511911,Square
975.0,120.08326029777527,8,0.8461538461538461,0.8496685403818447,Circle
215.0,72.7695517539978,3,1.0909090909090908,0.5102099506392,Triangle
1048.0,124.56854128837585,8,0.7272727272727273,0.8487003650671295,Circle
727.5,116.04163014888763,4,0.8484848484848485,0.678914711279811,Square
1253.5,136.8111823797226,8,0.7446808510638298,0.8415714810049633,Circle
1451.5,167.35533833503723,4,0.7959183673469388,0.6512500414224897,Rectangle
368.5,90.66904652118683,4,0.8387096774193549,0.5632863910180345,Square
116.5,112.95331764221191,4,1.0277777777777777,0.11474606640604429,Square
747.0,118.62741661071777,4,0.9090909090909091,0.6670529672544923,Square
633.0,108.76955187320709,4,1.032258064516129,0.672355397330169,Square
669.0,107.79898953437805,4,1.1071428571428572,0.7234468031377358,Square
634.0,126.71067774295807,4,0.6122448979591837,0.4962182059085188,Rectangle
883.5,126.5269113779068,4,1.0,0.6935066094621716,Square
478.5,111.49747359752655,4,0.8888888888888888,0.4836840344703738,Square
2564.5,198.7523068189621,8,0.6438356164383562,0.8158084726903468,Circle
1206.0,147.11269783973694,4,0.717391304347826,0.7002560215133716,Rectangle
766.0,117.79898953437805,4,1.0,0.6936741383420534,Square
872.5,126.87005722522736,4,1.0625,0.681172377100731,Square
388.5,99.84062039852142,4,0.9354838709677419,0.48976342025257213,Square
495.0,93.79898953437805,4,1.08,0.7069989082687264,Square
1337.0,141.88224935531616,8,0.7916666666666666,0.8346129927201553,Circle
1188.5,142.87005722522736,4,0.717391304347826,0.7316891460621914,Rectangle
161.5,52.72792184352875,4,1.0714285714285714,0.7299633925041373,Square
666.5,99.8406195640564,8,0.7941176470588235,0.8402247749160352,Circle
659.5,106.38477599620819,4,1.0344827586206897,0.732260650320747,Square
213.0,72.76955187320709,3,1.0909090909090908,0.5054638099074098,Triangle
1045.0,124.56854128837585,8,0.7272727272727273,0.8462708792892657,Circle
730.0,116.28427076339722,4,0.8235294117647058,0.6784077128012403,Square
295.5,89.49747383594513,4,0.8928571428571429,0.46360252762847604,Square
1253.5,135.98275542259216,8,0.7446808510638298,0.8518566699195194,Circle
1450.5,168.18376553058624,4,0.8163265306122449,0.6444058190453382,Square
107.0,114.02438533306122,3,1.027027027027027,0.10341848279267107,Triangle
745.5,117.21320307254791,4,0.9090909090909091,0.6818744910267492,Square
1228.5,138.46803605556488,8,0.7,0.8051669869676785,Circle
635.0,109.59797894954681,4,1.064516129032258,0.6643217907046381,Square
669.5,108.87005722522736,4,1.1071428571428572,0.7098123363079745,Square
629.5,127.29646408557892,4,0.6122448979591837,0.48817205798290764,Rectangle
881.5,126.5269113779068,4,1.0,0.6919367020270564,Square
471.0,111.740114569664,3,0.8888888888888888,0.47403733350375155,Triangle
2563.0,197.33809328079224,8,0.6438356164383562,0.8270592341198606,Circle
1204.5,146.5269113779068,4,0.717391304347826,0.70498824859045,Rectangle
764.5,118.87005722522736,4,1.0,0.6798958811666831,Square
879.5,126.04163014888763,4,1.0625,0.695693082286625,Square
391.5,99.84062051773071,4,0.9354838709677419,0.4935453759871371,Square
496.0,92.14213538169861,4,1.0833333333333333,0.7341334201300546,Square
1340.0,141.0538226366043,8,0.7916666666666666,0.8463401456020496,Circle
1192.0,144.76955199241638,4,0.7391304347826086,0.7147129621031437,Rectangle
378.0,96.42640602588654,3,1.1071428571428572,0.5108691804578573,Triangle
159.5,52.72792184352875,4,1.0714285714285714,0.7209235981697207,Square
375.5,93.8406194448471,4,0.5675675675675675,0.5358436315679801,Rectangle
662.5,99.8406195640564,8,0.7941176470588235,0.8351821656142135,Circle
659.5,106.38477599620819,4,1.0344827586206897,0.732260650320747,Square
211.5,71.35533833503723,3,1.0454545454545454,0.5219961457354667,Triangle
1047.5,123.98275482654572,8,0.7272727272727273,0.8563303407945355,Circle
722.0,116.28427076339722,4,0.8235294117647058,0.6709731077294459,Square
1254.5,135.9827550649643,8,0.7446808510638298,0.8525362569086969,Circle
1448.0,165.11269783973694,4,0.7959183673469388,0.6674480656481555,Rectangle
363.5,90.32590043544769,4,0.8387096774193549,0.5598732009845844,Square
738.5,116.38477599620819,4,0.9090909090909091,0.6851221580325069,Square
1228.0,137.8822500705719,8,0.7,0.8116924510310876,Circle
632.0,109.59797894954681,4,1.064516129032258,0.6611832625595769,Square
669.5,108.04163014888763,4,1.1071428571428572,0.7207392754474976,Square
632.5,129.78174495697021,4,0.6122448979591837,0.4718926094506699,Rectangle
333.5,98.32590138912201,4,0.7222222222222222,0.4334807632760392,Rectangle
882.5,127.35533845424652,4,1.0,0.6837388692121878,Square
472.0,112.5685418844223,4,0.8648648648648649,0.4680775170419733,Square
2565.0,198.1665198802948,8,0.6438356164383562,0.8207987159895062,Circle
1201.5,146.5269113779068,4,0.717391304347826,0.7032323625416568,Rectangle
773.5,118.04163014888763,4,0.96875,0.6975892592273354,Square
381.0,80.97056245803833,4,1.0,0.7302650692031625,Square
880.5,126.04163014888763,4,1.0625,0.6964840920447677,Square
393.5,100.66904664039612,4,0.9354838709677419,0.487935806287716,Square
502.0,92.14213538169861,4,1.0833333333333333,0.7430140663413053,Square
1337.0,141.0538227558136,8,0.7916666666666666,0.8444453528039609,Circle
1194.5,143.35533845424652,4,0.717391304347826,0.7304126351279611,Rectangle
381.5,97.01219248771667,3,1.1071428571428572,0.5093915855061715,Triangle
158.5,52.72792184352875,4,1.0714285714285714,0.7164037010025125,Square
386.0,94.08326041698456,4,0.5675675675675675,0.5479897688166208,Rectangle
661.5,99.8406195640564,8,0.7941176470588235,0.833921513288758,Circle
659.5,107.21320307254791,4,1.0344827586206897,0.7209881416215812,Square
1046.5,123.982754945755,9,0.7272727272727273,0.8555128400173627,Circle
723.0,117.11269783973694,4,0.8235294117647058,0.6624303014260552,Square
292.0,88.42640614509583,4,0.8928571428571429,0.4692764563943642,Square
1253.0,137.39696836471558,8,0.7659574468085106,0.8340779392784592,Circle
1448.5,166.5269113779068,4,0.7755102040816326,0.6563863020139966,Rectangle
353.5,90.66904652118683,4,0.8387096774193549,0.5403575012886707,Square
740.5,116.38477599620819,4,0.9090909090909091,0.6869776005728794,Square
1229.0,137.0538226366043,8,0.68,0.8222037260375104,Circle
665.0,107.79898953437805,4,1.1071428571428572,0.7191212617138929,Square
628.5,127.29646265506744,4,0.6122448979591837,0.48739657718512225,Rectangle
333.5,99.15432786941528,4,0.75,0.4262676280396121,Rectangle
883.5,128.5269113779068,4,0.972972972972973,0.6720913029394079,Square
471.0,111.74011445045471,3,0.8648648648648649,0.47403733451519947,Triangle
2558.0,197.3380926847458,8,0.6438356164383562,0.8254457798122375,Circle
1197.0,145.4558436870575,4,0.7333333333333333,0.7109542701140549,Rectangle
773.0,119.4558436870575,4,0.96875,0.6807294788297245,Square
378.0,80.97056245803833,4,1.0,0.7245149505480195,Square
878.0,126.62741661071777,4,1.0625,0.6880957675357398,Square
391.0,100.42640554904938,3,0.9666666666666667,0.4871814951465618,Triangle
1335.0,141.05382251739502,8,0.7916666666666666,0.8431821614093344,Circle
1192.0,143.94112491607666,4,0.717391304347826,0.7229634380717396,Rectangle
158.0,52.485281229019165,4,1.0714285714285714,0.7207620200225768,Square
666.5,99.8406194448471,8,0.7941176470588235,0.8402247769224851,Circle
655.0,106.62741661071777,4,1.0344827586206897,0.7239580301642331,Square
209.5,71.35533845424652,3,1.0454545454545454,0.5170600102420014,Triangle
727.0,117.11269783973694,4,0.8235294117647058,0.666095199359256,Square
294.5,88.66904664039612,4,0.8620689655172413,0.47070746418975334,Square
1257.0,137.39696848392487,8,0.7659574468085106,0.8367405968505354,Circle
1438.5,166.18376541137695,4,0.7959183673469388,0.6545495674039415,Rectangle
739.5,118.04163014888763,4,0.8823529411764706,0.6669259950854745,Square
634.5,110.18376541137695,4,1.032258064516129,0.6567593596997191,Square
665.0,108.62741661071777,4,1.0714285714285714,0.708194593405575,Square
473.0,110.91168761253357,4,0.8888888888888888,0.48318826452556013,Square
877.5,128.18376553058624,4,0.972972972972973,0.6711057171555792,Square
2565.5,198.40916121006012,8,0.6575342465753424,0.8189519867159462,Circle
1190.5,144.04163014888763,4,0.7333333333333333,0.7210463924283268,Rectangle
757.5,119.69848430156708,4,1.0,0.6643779327066461,Square
381.5,81.55634891986847,4,1.0,0.7207569782595146,Square
389.0,100.91168868541718,4,0.9354838709677419,0.4800389947947119,Square
1197.5,143.69848430156708,4,0.7021276595744681,0.728754100563017,Rectangle
160.0,53.31370830535889,4,1.0,0.7073788386337545,Square
252.5,75.01219320297241,4,0.6428571428571429,0.5639070437921571,Rectangle
661.0,98.42640590667725,8,0.8181818181818182,0.8574090628540805,Circle
652.5,107.21320307254791,4,1.0344827586206897,0.7133355002396994,Square
208.0,71.94112479686737,3,1.0454545454545454,0.5050318309868819,Triangle
297.5,88.66904664039612,4,0.8620689655172413,0.47550244684703435,Square
1255.5,137.63960909843445,8,0.7659574468085106,0.8327980891054804,Circle
1433.0,167.5979789495468,4,0.7959183673469388,0.6410892580639431,Rectangle
734.5,118.04163014888763,4,0.8823529411764706,0.6624166915352008,Square
632.5,110.18376541137695,4,1.032258064516129,0.6546891962333685,Square
661.0,106.97056245803833,4,1.0714285714285714,0.7259099759097682,Square
869.0,126.76955199241638,4,1.0,0.6795160661348815,Square
472.0,110.91168761253357,4,0.8888888888888888,0.48216672485425865,Square
1190.0,145.4558435678482,4,0.717391304347826,0.706796643961966,Rectangle
753.0,116.97056245803833,4,1.0,0.691594743518895,Square
378.5,84.04163014888763,4,0.9583333333333334,0.6734212433639752,Square
873.5,125.21320307254791,4,1.0303030303030303,0.700120062092959,Square
396.0,100.42640686035156,4,0.9354838709677419,0.49341142465445426,Square
1197.5,144.5269113779068,4,0.717391304347826,0.7204236191991223,Rectangle
253.0,75.59797871112823,4,0.6428571428571429,0.556301226749752,Rectangle
657.5,107.21320307254791,4,1.0,0.7188016726553292,Square
207.0,71.11269772052765,4,1.0,0.5143821636776889,Square
297.5,89.49747431278229,4,0.8620689655172413,0.46674027241893074,Square
1424.0,167.5979789495468,4,0.7959183673469388,0.6370628775178333,Rectangle
354.0,89.25483322143555,4,0.8064516129032258,0.5584054398291421,Square
734.5,118.04163014888763,4,0.8823529411764706,0.6624166915352008,Square
630.5,108.52691125869751,4,1.032258064516129,0.6726978956661005,Square
653.5,108.04163014888763,4,1.0714285714285714,0.7035147371246298,Square
862.0,127.94112491607666,4,0.972972972972973,0.6617543427383954,Square
470.0,111.74011504650116,4,0.8888888888888888,0.47303088077545885,Square
750.5,114.72792184352875,4,0.967741935483871,0.7165100836397471,Square
856.5,126.04163014888763,4,1.0,0.6774998578493397,Square
388.5,99.0121933221817,3,0.9666666666666667,0.49799332878319535,Triangle
1182.0,144.76955199241638,4,0.7021276595744681,0.7087170479915401,Rectangle
172.0,66.76955211162567,4,0.8260869565217391,0.48482095747069576,Square
369.0,92.08326137065887,4,0.5833333333333334,0.5468583465662553,Rectangle
659.0,101.25483298301697,8,0.7941176470588235,0.8077254283951651,Circle
658.5,108.04163014888763,4,1.0,0.7088974053505259,Square
898.0,116.08326029777527,8,0.7948717948717948,0.8374270911783035,Circle
210.5,71.35533845424652,4,0.9565217391304348,0.5195280771166649,Square
297.5,88.66904675960541,4,0.8928571428571429,0.4755024455684752,Square
1228.5,135.98275458812714,8,0.7446808510638298,0.8348671175428818,Circle
1432.5,169.01219248771667,4,0.7959183673469388,0.6301855249639062,Rectangle
105.0,129.33809435367584,4,1.0,0.07887624865369755,Square
735.5,118.04163014888763,4,0.8823529411764706,0.6633185522452556,Square
628.5,109.35533845424652,4,1.032258064516129,0.6604427360693058,Square
656.0,106.97056245803833,4,1.0714285714285714,0.7204189776048531,Square
861.0,126.76955199241638,4,0.972972972972973,0.6732604521773681,Square
474.0,112.56854164600372,3,0.8648648648648649,0.47006089834263787,Triangle
750.5,115.55634891986847,4,0.967741935483871,0.7062735423233788,Square
851.5,124.38477599620819,4,1.03125,0.6916080817502475,Square
386.0,98.42640721797943,3,0.9666666666666667,0.5006957480229023,Triangle
1172.0,144.76955199241638,4,0.7021276595744681,0.7027211338799365,Rectangle
172.5,66.18376564979553,4,0.8260869565217391,0.4948755715866611,Square
378.5,90.66904675960541,4,0.6285714285714286,0.5785723144615098,Rectangle
654.5,100.66904652118683,8,0.8235294117647058,0.8115730266115607,Circle
651.0,105.79898953437805,4,1.0344827586206897,0.7308492622051344,Square
909.0,117.74011421203613,9,0.8205128205128205,0.823995503401576,Circle
212.5,72.18376588821411,3,1.0,0.5124951110080113,Triangle
295.0,86.4264065027237,3,0.8928571428571429,0.49629393516761827,Triangle
1229.0,135.74011421203613,7,0.7608695652173914,0.838195502792525,Circle
1424.5,168.18376553058624,4,0.7959183673469388,0.6328549391451805,Rectangle
352.5,87.49747443199158,4,0.8064516129032258,0.5785993618256525,Square
657.5,106.38477599620819,4,1.0714285714285714,0.7300399963394861,Square
860.5,126.5269113779068,4,1.0,0.675452673958346,Square
470.5,111.15432786941528,4,0.8648648648648649,0.47853833914058763,Square
1187.5,145.69848430156708,4,0.7333333333333333,0.7029645341925941,Rectangle
746.5,118.04163014888763,4,1.0,0.6732390200558577,Square
369.0,80.97056245803833,4,1.0,0.7072645945825905,Square
859.5,125.21320307254791,4,1.03125,0.6888989048298778,Square
386.0,99.25483357906342,3,0.9666666666666667,0.4923725554948244,Triangle
1170.0,142.76955199241638,4,0.7021276595744681,0.7213142837392669,Rectangle
376.5,92.32590055465698,4,0.5833333333333334,0.5550444182625762,Rectangle
655.0,99.25483286380768,8,0.7941176470588235,0.8355026645005262,Circle
650.0,105.79898953437805,4,1.0344827586206897,0.729726605888383,Square
909.0,116.08326017856598,8,0.7948717948717948,0.8476851085128269,Circle
614.5,133.7817438840866,4,0.58,0.4314575227712171,Rectangle
297.0,90.08325982093811,4,0.9285714285714286,0.45991558471327165,Square
715.5,115.69848430156708,4,0.8235294117647058,0.6716827005482777,Square
1230.5,135.98275530338287,8,0.7608695652173914,0.8362262737724728,Circle
1428.0,165.11269772052765,4,0.8125,0.658229170664255,Square
356.0,88.91168761253357,4,0.78125,0.5659032066719263,Rectangle
630.0,108.76955187320709,4,1.032258064516129,0.6691688788594099,Square
610.5,125.29646253585815,3,0.6458333333333334,0.48867251439464926,Triangle
864.5,126.5269113779068,4,1.0,0.6785924888285765,Square
475.0,110.56854164600372,3,0.8378378378378378,0.4882478175915779,Triangle
2507.0,195.33809292316437,8,0.6301369863013698,0.8256392129325356,Circle
1179.5,144.04163014888763,4,0.7111111111111111,0.7143840570089975,Rectangle
750.5,118.04163014888763,4,0.96875,0.6768464628960765,Square
534.0,116.5685408115387,4,0.6,0.49384242995663713,Rectangle
372.5,83.21320307254791,4,1.0,0.6760077305789016,Square
869.5,124.04163014888763,4,1.0625,0.7101408901701781,Square
388.5,101.497474193573,3,0.9354838709677419,0.4739040471355718,Triangle
498.0,93.79898953437805,4,1.04,0.7112837501370216,Square
1177.5,142.5269113779068,4,0.7021276595744681,0.7284118997364216,Rectangle
372.5,91.84061908721924,4,0.6285714285714286,0.5549662032290378,Rectangle
657.0,99.25483322143555,8,0.7941176470588235,0.8380538116353434,Circle
916.5,116.32590079307556,8,0.8205128205128205,0.8511174305562551,Circle
716.5,118.5269113779068,4,0.8787878787878788,0.6409027332230962,Square
1236.5,137.63960909843445,9,0.782608695652174,0.8201950116916977,Circle
1444.0,166.7695518732071,4,0.8333333333333334,0.6524444388176522,Square
357.0,88.91168737411499,4,0.78125,0.5674928254644928,Rectangle
735.5,118.87005722522736,4,0.9393939393939394,0.6541051937188953,Square
623.5,108.18376541137695,4,1.032258064516129,0.6694561494860044,Square
231.5,86.18376564979553,4,0.4722222222222222,0.39166063847752886,Rectangle
656.0,109.4558436870575,4,1.1071428571428572,0.6880750298755005,Square
614.5,122.12489151954651,3,0.625,0.5177538885783466,Triangle
324.0,96.91168701648712,4,0.6944444444444444,0.43351344052235424,Rectangle
864.0,126.76955199241638,4,0.9722222222222222,0.6756063074114356,Square
469.5,112.32590055465698,4,0.8888888888888888,0.46761199425751904,Square
2510.5,195.9238796234131,8,0.6527777777777778,0.8218552727755516,Circle
1185.0,146.76955199241638,4,0.717391304347826,0.6912836372786713,Rectangle
757.5,116.38477599620819,4,1.0,0.7027488621660448,Square
364.5,80.38477599620819,4,1.0,0.7088588811577778,Square
857.5,125.21320307254791,4,1.0625,0.6872958823637234,Square
381.0,100.08326160907745,3,0.9666666666666667,0.47798243730915024,Triangle
505.5,93.55634891986847,4,1.04,0.7257457380345269,Square
1297.0,139.0538228750229,9,0.8085106382978723,0.8429153721439805,Circle
1180.0,143.94112491607666,4,0.723404255319149,0.7156852826549099,Rectangle
383.0,98.08326005935669,4,1.0689655172413792,0.5002865800380791,Square
372.0,91.25483357906342,4,0.5833333333333334,0.5613594642956505,Rectangle
656.0,100.08326041698456,8,0.7941176470588235,0.8229829037909513,Circle
918.0,116.08326005935669,8,0.7948717948717948,0.8560780321375534,Circle
1006.0,122.56854164600372,8,0.7441860465116279,0.8414916428348519,Circle
1237.5,135.98275458812714,8,0.7608695652173914,0.8409833601622435,Circle
1452.0,165.11269783973694,4,0.8125,0.6692918448350289,Square
353.5,87.49747359752655,4,0.8064516129032258,0.5802407895224793,Square
732.5,120.5269113779068,4,0.9090909090909091,0.6336499983832221,Square
1206.5,137.29646277427673,8,0.68,0.8043007863842244,Circle
235.5,85.84061968326569,4,0.5,0.40161977379984654,Rectangle
656.0,108.62741661071777,4,1.1481481481481481,0.6986100049233942,Square
615.5,124.12489056587219,3,0.6041666666666666,0.5020190113225577,Triangle
327.0,98.5685418844223,4,0.7222222222222222,0.4229421341950929,Rectangle
462.5,110.32590103149414,4,0.9142857142857143,0.47749258859270943,Square
863.0,125.94112491607666,4,1.0,0.683731397425579,Square
2522.0,195.3380936384201,8,0.6527777777777778,0.8305792101184326,Circle
1172.5,146.18376553058624,4,0.7555555555555555,0.6894843709382847,Rectangle
753.5,117.21320307254791,4,1.0,0.6891917223187869,Square
535.5,117.98275482654572,3,0.6,0.48342852679515896,Triangle
850.5,126.04163014888763,4,1.0625,0.6727537993004826,Square
377.0,98.42640566825867,4,1.0,0.4890215102299157,Square
1298.5,140.46803605556488,8,0.7916666666666666,0.8269834097321691,Circle
1179.0,145.5979790687561,4,0.717391304347826,0.6988966765411444,Rectangle
376.0,100.91168737411499,3,1.1428571428571428,0.4639965725802219,Triangle
373.5,91.1543276309967,4,0.5833333333333334,0.5648665871249341,Rectangle
649.0,97.59797942638397,8,0.7878787878787878,0.856195434524509,Circle
642.5,107.21320307254791,4,1.0344827586206897,0.7024031554084396,Square
914.5,115.49747383594513,8,0.7948717948717948,0.8614867514978944,Circle
1229.0,135.39696872234344,8,0.7608695652173914,0.8424494750931176,Circle
1456.5,170.66904664039612,4,0.8163265306122449,0.6283633233129027,Square
350.5,87.49747347831726,3,0.8064516129032258,0.5753165411083345,Triangle
1203.0,137.05382239818573,8,0.68,0.8048096711671576,Circle
623.0,107.94112467765808,4,1.0666666666666667,0.671930002079264,Square
658.0,108.62741661071777,4,1.1481481481481481,0.70073991347499,Square
614.0,124.22539556026459,3,0.6041666666666666,0.49998555633919056,Triangle
329.5,98.32590115070343,4,0.7222222222222222,0.4282815957784904,Rectangle
864.5,126.5269113779068,4,1.0,0.6785924888285765,Square
461.0,110.5685418844223,4,0.8888888888888888,0.473857353555851,Square
2533.5,197.58073449134827,8,0.6666666666666666,0.8155330795625391,Circle
1171.0,145.11269783973694,4,0.7555555555555555,0.6988048757223744,Rectangle
751.0,118.62741661071777,4,1.0,0.670624870693606,Square
531.0,117.39696836471558,3,0.5652173913043478,0.4841619118205059,Triangle
848.0,126.28427076339722,4,1.0625,0.6682011132220207,Square
378.5,97.84062004089355,3,1.0,0.4968637986327409,Triangle
499.5,93.21320307254791,4,1.125,0.7224212178380823,Square
1295.5,139.63960933685303,8,0.7708333333333334,0.8348914837109253,Circle
1173.0,143.11269783973694,4,0.717391304347826,0.7197000595760361,Rectangle
371.0,98.91168737411499,4,1.1428571428571428,0.47652814047577496,Square
377.5,89.49747347831726,4,0.5833333333333334,0.5922502726849863,Rectangle
646.0,98.42640590667725,8,0.8181818181818182,0.8379519736819,Circle
909.5,116.32590067386627,9,0.8205128205128205,0.8446168081587252,Circle
607.5,132.12489068508148,4,0.5918367346938775,0.4373074381369208,Rectangle
708.5,114.87005722522736,4,0.8181818181818182,0.674739358279151,Square
1236.5,135.15432786941528,8,0.7608695652173914,0.8506366108258194,Circle
348.5,87.49747347831726,3,0.8064516129032258,0.5720337077781871,Triangle
1192.5,135.63960897922516,8,0.6938775510204082,0.8145076984725579,Circle
617.0,107.94112479686737,4,1.0666666666666667,0.6654587646343284,Square
929.5,131.69848430156708,4,0.8918918918918919,0.6734381333378782,Square
651.0,107.79898953437805,4,1.0714285714285714,0.7039818667304425,Square
611.0,125.05382335186005,4,0.6041666666666666,0.4909724529457351,Rectangle
326.0,97.74011433124542,4,0.7222222222222222,0.4288266612035323,Rectangle
852.0,125.94112491607666,4,1.0,0.6750163969948938,Square
2522.5,197.92388033866882,8,0.6666666666666666,0.8091790782415197,Circle
531.0,116.56854140758514,4,0.5777777777777777,0.49106802926079635,Rectangle
373.5,81.21320307254791,4,1.0,0.7116184363729261,Square
859.5,127.69848430156708,4,1.0625,0.6623449967150242,Square
380.5,99.84061896800995,3,0.9666666666666667,0.4796782155631242,Triangle
504.0,94.62741661071777,4,1.0833333333333333,0.7073045192939835,Square
1180.5,145.35533845424652,4,0.717391304347826,0.7021241029802644,Rectangle
371.0,97.59797894954681,4,1.1851851851851851,0.489443003563145,Square
148.5,51.899494767189026,4,1.0714285714285714,0.6928034752109603,Square
373.5,90.66904747486115,4,0.5833333333333334,0.5709293422508681,Rectangle
641.5,97.8406195640564,8,0.8181818181818182,0.8421086656003034,Circle
643.0,105.79898953437805,4,1.0344827586206897,0.7218680116711236,Square
905.5,116.32590103149414,9,0.8205128205128205,0.8409021606214174,Circle
604.5,130.46803665161133,4,0.5918367346938775,0.44627022858397636,Rectangle
1232.5,135.15432786941528,8,0.7608695652173914,0.8478848547050727,Circle
347.5,87.49747335910797,3,0.8064516129032258,0.5703922926673539,Triangle
1191.0,135.39696848392487,8,0.673469387755102,0.8164014063218048,Circle
620.0,108.7695517539978,4,1.032258064516129,0.6585471520670557,Square
930.0,131.94112491607666,4,0.8918918918918919,0.6713244234817783,Square
658.5,106.38477599620819,4,1.1481481481481481,0.7311503233301166,Square
610.0,125.05382251739502,4,0.6041666666666666,0.49016890391791,Rectangle
326.5,97.15432810783386,4,0.7222222222222222,0.43467908511266656,Rectangle
838.5,125.35533845424652,4,0.9722222222222222,0.6705439730498423,Square
465.5,111.15432810783386,4,0.8888888888888888,0.4734529137392875,Square
2519.0,197.33809304237366,8,0.6438356164383562,0.8128607942965483,Circle
1164.5,144.5269113779068,4,0.7333333333333333,0.7005706092337185,Rectangle
748.0,119.94112491607666,4,1.0,0.653394126865946,Square
532.0,117.74011397361755,4,0.5777777777777777,0.4822503955830371,Rectangle
364.5,80.38477599620819,4,1.0,0.7088588811577778,Square
855.0,127.4558436870575,4,1.0625,0.6613882491149038,Square
375.0,99.25483322143555,3,0.9666666666666667,0.4783412166868398,Triangle
496.5,96.04163014888763,4,1.08,0.6764100802639424,Square
147.0,52.14213538169861,4,1.0714285714285714,0.6794375936895686,Square
379.5,92.32590174674988,4,0.6111111111111112,0.5594670685024817,Rectangle
635.5,97.01219236850739,8,0.7878787878787878,0.8485409000910796,Circle
638.5,105.21320307254791,4,1.0,0.7248201880299369,Square
905.5,116.32590103149414,9,0.7948717948717948,0.8409021606214174,Circle
998.0,122.56854176521301,9,0.7441860465116279,0.8347998587630203,Circle
1219.5,135.15432786941528,8,0.7608695652173914,0.838941647312646,Circle
349.0,88.0832599401474,3,0.8064516129032258,0.5652603618514855,Triangle
1186.0,134.22539603710175,9,0.673469387755102,0.8272278837717287,Circle
613.5,107.35533833503723,4,1.0,0.6689245592236526,Square
930.5,130.04163014888763,4,0.8648648648648649,0.6914510357302662,Square
651.0,107.4558436870575,4,1.1111111111111112,0.7084851892880696,Square
611.0,123.88224995136261,3,0.6041666666666666,0.5003027676961194,Triangle
842.0,125.5979790687561,4,0.9722222222222222,0.6707437778248977,Square
459.0,111.39696860313416,3,0.8888888888888888,0.4648103650953858,Triangle
2494.0,196.99494683742523,8,0.6527777777777778,0.8075996850987346,Circle
1163.0,144.28427076339722,4,0.7111111111111111,0.7020234206583283,Rectangle
748.5,114.72792184352875,4,0.967741935483871,0.7146006630304472,Square
523.5,116.32590055465698,3,0.5777777777777777,0.4861538207557186,Triangle
368.5,80.38477599620819,4,1.0,0.7166378537905107,Square
373.5,99.01219248771667,3,0.9666666666666667,0.47876579520131657,Triangle
490.0,95.4558436870575,4,1.125,0.675773104500984,Square
365.5,95.8406195640564,3,1.1481481481481481,0.5000322554871307,Triangle
150.5,53.55634891986847,4,1.0714285714285714,0.6593627967655104,Square
240.0,74.42640626430511,4,0.6428571428571429,0.5444612892600644,Rectangle
370.5,91.49747431278229,4,0.6285714285714286,0.5561345343100512,Rectangle
641.5,97.8406194448471,8,0.8181818181818182,0.8421086676523586,Circle
634.5,104.38477599620819,4,1.0,0.7317574679022402,Square
903.5,115.49747347831726,9,0.7948717948717948,0.8511244229617866,Circle
996.0,122.56854140758514,8,0.7441860465116279,0.8331269180160364,Circle
1213.0,133.74011433124542,8,0.7777777777777778,0.8522112924277117,Circle
442.5,82.52691125869751,8,0.6129032258064516,0.8164544434603703,Circle
352.0,88.08326065540314,4,0.8064516129032258,0.5701193241843396,Square
1187.0,135.05382299423218,8,0.673469387755102,0.8177994577758213,Circle
234.0,86.42640554904938,4,0.5142857142857142,0.393670452176823,Rectangle
645.0,106.62741661071777,4,1.0714285714285714,0.7129052358105807,Square
611.0,124.71067643165588,3,0.5918367346938775,0.4936780347627129,Triangle
330.0,96.9116872549057,4,0.6944444444444444,0.44154146502616587,Rectangle
260.0,85.59797859191895,4,0.5142857142857142,0.445919222608879,Rectangle
464.0,108.91168713569641,4,0.8611111111111112,0.49156264589083243,Square
852.0,126.76955199241638,4,0.972972972972973,0.6662228864751657,Square
2473.0,195.6812388896942,8,0.6388888888888888,0.8115879715916925,Circle
747.5,115.55634891986847,4,0.967741935483871,0.7034503302954372,Square
367.0,80.97056245803833,4,1.0,0.7034311821458286,Square
380.5,99.49747407436371,3,0.9666666666666667,0.48299253012010884,Triangle
493.0,96.28427076339722,4,1.04,0.6682609631514751,Square
1172.5,145.69848430156708,4,0.717391304347826,0.6940849821817403,Rectangle
371.5,95.01219260692596,3,1.0714285714285714,0.5171422268250315,Triangle
152.5,53.55634891986847,4,1.0,0.668125093068042,Square
639.5,97.84061968326569,8,0.8181818181818182,0.8394832273407712,Circle
633.5,104.38477599620819,4,1.0,0.7306041858409285,Square
907.0,116.08326005935669,8,0.7948717948717948,0.8458200165019183,Circle
999.0,121.74011433124542,8,0.7209302325581395,0.8470478445965471,Circle
707.5,115.69848430156708,4,0.8484848484848485,0.6641726214366268,Square
295.5,87.01219248771667,4,0.8928571428571429,0.49046398834478316,Square
1213.5,133.15432798862457,8,0.7777777777777778,0.8600804388651464,Circle
443.5,82.52691113948822,8,0.6129032258064516,0.8182995406119021,Circle
1412.5,166.87005722522736,4,0.7959183673469388,0.6374431973002033,Rectangle
353.0,88.08326005935669,4,0.8064516129032258,0.5717389890930649,Square
1183.0,135.39696872234344,8,0.673469387755102,0.8109175988894696,Circle
613.5,107.35533845424652,4,1.0,0.6689245577380809,Square
655.0,106.62741661071777,4,1.0714285714285714,0.7239580301642331,Square
614.5,123.29646337032318,3,0.5918367346938775,0.5079611669758106,Triangle
258.0,84.76955235004425,4,0.5294117647058824,0.45117994866401484,Rectangle
329.0,97.74011385440826,4,0.7222222222222222,0.4327729230446415,Rectangle
470.0,110.0832599401474,3,0.8611111111111112,0.4873771431368341,Triangle
841.5,126.18376553058624,4,0.9459459459459459,0.6641359931887487,Square
2467.0,194.1665209531784,8,0.6527777777777778,0.822300047588536,Circle
1164.5,144.04163014888763,4,0.7111111111111111,0.7052990541644575,Rectangle
749.0,115.79898953437805,4,0.9375,0.7019111514835578,Square
365.0,80.97056245803833,4,1.0,0.6995977697090665,Square
848.0,124.62741661071777,4,1.03125,0.6860859582431525,Square
379.5,99.84062051773071,3,0.9666666666666667,0.4784175483706732,Triangle
1277.5,137.63960921764374,8,0.7872340425531915,0.8473911246430665,Circle
1178.0,145.5979790687561,4,0.7021276595744681,0.6983038888595998,Rectangle
369.5,95.01219260692596,3,1.0714285714285714,0.5143581502337796,Triangle
243.5,177.9827550649643,3,6.909090909090909,0.09659462912875469,Triangle
152.5,52.72792184352875,4,0.9333333333333333,0.6892843179992628,Square
637.5,97.01219296455383,8,0.7878787878787878,0.8512113566654506,Circle
636.0,105.4558436870575,4,1.0,0.7186636495861166,Square
903.5,115.49747371673584,8,0.7948717948717948,0.8511244194478763,Circle
207.0,72.7695517539978,4,1.0,0.4912253943363461,Square
997.0,121.74011433124542,8,0.7209302325581395,0.8453520531158735,Circle
1211.5,133.9827550649643,8,0.7777777777777778,0.8480773701036538,Circle
441.0,82.76955187320709,8,0.59375,0.8089231153361556,Circle
1413.0,166.7695518732071,4,0.7959183673469388,0.6384376676241986,Rectangle
352.5,87.49747347831726,4,0.8064516129032258,0.578599374438482,Square
714.5,115.21320307254791,4,0.96875,0.6764062248690401,Square
1186.5,133.98275470733643,8,0.6875,0.830576809739772,Circle
615.5,108.18376541137695,4,1.032258064516129,0.660866495603265,Square
231.5,85.01219189167023,4,0.5142857142857142,0.40253016535394753,Rectangle
653.5,107.21320307254791,4,1.1071428571428572,0.7144287347228253,Square
620.0,123.53910493850708,3,0.5918367346938775,0.5104963632786466,Triangle
326.5,97.15432786941528,4,0.7222222222222222,0.4346790872460881,Rectangle
459.5,109.49747395515442,3,0.8611111111111112,0.48160077709932386,Triangle
849.5,126.18376553058624,4,0.9459459459459459,0.6704498231893546,Square
2470.0,194.16652023792267,8,0.6619718309859155,0.8233000131769621,Circle
1171.5,142.04163014888763,4,0.7111111111111111,0.7296605416140547,Rectangle
750.5,115.55634891986847,4,0.967741935483871,0.7062735423233788,Square
367.0,80.97056245803833,4,0.9565217391304348,0.7034311821458286,Square
850.0,127.11269783973694,4,1.03125,0.6610752793120672,Square
383.5,97.84062099456787,3,0.9666666666666667,0.5034273792894132,Triangle
498.0,92.97056245803833,4,1.0833333333333333,0.7240162104810115,Square
1282.5,137.63960921764374,8,0.7872340425531915,0.850707723956738,Circle
1162.5,142.5269113779068,4,0.717391304347826,0.7191327672557029,Rectangle
368.5,95.84061968326569,3,1.0714285714285714,0.5041364861521951,Triangle
154.5,53.55634891986847,4,1.0,0.6768873893705737,Square
638.5,97.01219272613525,8,0.7878787878787878,0.8525465943565642,Circle
636.5,105.21320307254791,4,1.0344827586206897,0.7225498037291384,Square
904.0,115.74011433124542,8,0.7948717948717948,0.8480285633298491,Circle
704.5,114.04163014888763,4,0.8181818181818182,0.6807129741836918,Square
295.5,89.01219248771667,3,0.8928571428571429,0.46867129238660865,Triangle
1215.5,134.81118214130402,8,0.7608695652173914,0.8404521513964922,Circle
1424.5,165.35533833503723,4,0.7755102040816326,0.6546902558480849,Rectangle
346.5,86.66904664039612,4,0.7741935483870968,0.579675658806189,Rectangle
714.0,115.4558436870575,4,0.9090909090909091,0.6730948030318662,Square
1194.5,135.63960886001587,8,0.6938775510204082,0.8158737505539816,Circle
617.5,108.18376541137695,4,1.032258064516129,0.6630139090739499,Square
934.0,130.28427076339722,4,0.9166666666666666,0.6914690840677213,Square
229.0,87.25483345985413,4,0.5,0.37797785708669823,Rectangle
650.5,105.55634891986847,4,1.1481481481481481,0.7336491941771396,Square
615.0,123.05382299423218,3,0.6041666666666666,0.5103813052936234,Triangle
327.0,98.08326029777527,4,0.6944444444444444,0.42713762631104985,Rectangle
852.0,125.11269783973694,4,0.9722222222222222,0.6839851624779079,Square
465.0,110.56854212284088,4,0.8888888888888888,0.47796891204602615,Square
2476.0,194.50966584682465,8,0.6619718309859155,0.8223905832996273,Circle
1172.5,142.87005722522736,4,0.7333333333333333,0.7218388925182326,Rectangle
747.0,118.28427076339722,4,1.0,0.6709288583017214,Square
616.5,98.18376541137695,8,0.5945945945945946,0.8036437616966465,Circle
362.5,81.21320307254791,4,1.0,0.6906604636818895,Square
855.0,127.11269783973694,4,1.0625,0.6649639574256677,Square
379.5,97.0121921300888,3,0.9333333333333333,0.5067211222145918,Triangle
498.5,91.55634891986847,4,1.0833333333333333,0.7473053570929332,Square
1274.5,137.63960897922516,8,0.7872340425531915,0.8454011679836622,Circle
1167.5,141.69848430156708,4,0.6956521739130435,0.7306953501909623,Rectangle
368.5,95.84061968326569,4,1.1481481481481481,0.5041364861521951,Square
302.5,187.2964632511139,3,6.384615384615385,0.10836176988723059,Triangle
157.5,52.72792184352875,4,1.0714285714285714,0.7118838038353043,Square
376.5,91.84062004089355,4,0.5833333333333334,0.5609255602049977,Rectangle
640.5,97.01219248771667,8,0.7878787878787878,0.8552170655745813,Circle
639.0,108.28427076339722,4,1.0,0.6848255735576804,Square
896.5,115.49747383594513,8,0.7948717948717948,0.8445302052683021,Circle
995.5,121.98275518417358,8,0.7209302325581395,0.840725560803273,Circle
708.0,114.62741661071777,4,0.8484848484848485,0.6771207337532477,Square
1217.5,136.81118190288544,8,0.782608695652174,0.8174019028846025,Circle
1419.5,166.18376553058624,4,0.7755102040816326,0.6459041429245028,Rectangle
717.5,116.04163014888763,4,0.9090909090909091,0.6695825503000198,Square
1192.0,135.88224947452545,9,0.6938775510204082,0.8112611219288235,Circle
621.5,108.18376541137695,4,1.032258064516129,0.6673087360153196,Square
228.5,87.49747383594513,4,0.5,0.37506370490335117,Rectangle
653.0,104.97056245803833,4,1.1111111111111112,0.7447113909410485,Square
617.0,123.88224983215332,3,0.625,0.5052157254706895,Triangle
324.0,98.08326065540314,4,0.6944444444444444,0.4232189294054292,Rectangle
855.0,125.11269783973694,4,0.9722222222222222,0.6863935609373372,Square
466.5,110.32590043544769,3,0.8611111111111112,0.481622259427804,Triangle
2478.0,194.50966656208038,8,0.6619718309859155,0.8230548668937653,Circle
1181.0,145.94112491607666,4,0.7333333333333333,0.6967939684209885,Rectangle
742.0,116.62741661071777,4,1.0,0.6855078900116742,Square
617.5,98.18376541137695,8,0.5945945945945946,0.8049473201097798,Circle
369.0,82.62741661071777,4,1.0,0.6791846798892696,Square
849.0,125.4558436870575,4,1.0625,0.6778533761612376,Square
379.0,97.59798002243042,3,0.9333333333333333,0.49999701960133414,Triangle
498.0,92.14213538169861,4,1.0833333333333333,0.7370936355338047,Square
1280.5,137.6396095752716,8,0.7872340425531915,0.8493810798173896,Circle
1167.5,141.69848430156708,4,0.717391304347826,0.7306953501909623,Rectangle
368.5,95.84061968326569,3,1.1111111111111112,0.5041364861521951,Triangle
157.0,52.485281229019165,4,1.0714285714285714,0.7162002350857251,Square
368.5,92.66904699802399,4,0.5833333333333334,0.5392348628546574,Rectangle
642.0,98.42640602588654,8,0.8181818181818182,0.8327634145521132,Circle
645.0,107.4558436870575,4,1.0344827586206897,0.7019553718752763,Square
895.5,114.66904664039612,8,0.8157894736842105,0.855821220097925,Circle
208.5,71.35533881187439,4,1.0454545454545454,0.5145919382091417,Square
993.5,123.63960921764374,8,0.7619047619047619,0.8166998728844117,Circle
713.5,116.5269113779068,4,0.8484848484848485,0.6603153159051959,Square
1215.5,133.98275578022003,7,0.7608695652173914,0.850877451386633,Circle
1416.5,162.87005722522736,4,0.7755102040816326,0.6710331028361324,Rectangle
348.5,87.49747443199158,3,0.8064516129032258,0.572033695308482,Triangle
721.5,117.69848430156708,4,0.9090909090909091,0.6544921759785255,Square
1197.0,135.88224947452545,8,0.6938775510204082,0.8146640628765115,Circle
620.0,107.11269783973694,4,1.0,0.6790779634462066,Square
229.0,88.08326065540314,4,0.5142857142857142,0.3709014921540164,Rectangle
656.0,105.79898953437805,4,1.1111111111111112,0.7364625437888911,Square
611.0,123.88225090503693,4,0.625,0.5003027599932257,Rectangle
857.0,126.76955199241638,4,1.0,0.6701326451986114,Square
464.5,110.32590126991272,3,0.8888888888888888,0.47955741933556084,Triangle
2472.0,193.3380937576294,8,0.6388888888888888,0.8310429428405216,Circle
1180.0,144.28427076339722,4,0.7333333333333333,0.7122851559559995,Rectangle
746.5,118.04163014888763,4,1.0,0.6732390200558577,Square
846.0,125.4558436870575,4,1.0625,0.6754581345493605,Square
379.0,98.42640626430511,3,1.0,0.49161578284456275,Triangle
1287.0,141.53910374641418,9,0.7916666666666666,0.807301070647291,Circle
1168.5,143.35533845424652,4,0.717391304347826,0.7145141600226224,Rectangle
369.5,95.01219248771667,3,1.1111111111111112,0.5143581515244828,Triangle
157.5,51.899494767189026,4,1.0714285714285714,0.7347915646176851,Square
372.5,89.497474193573,4,0.6,0.5844058888712993,Rectangle
647.5,98.66904640197754,8,0.7941176470588235,0.8357719183466521,Circle
640.0,104.97056245803833,4,1.0,0.7298855898962804,Square
896.0,114.91168749332428,8,0.7948717948717948,0.8526866606012707,Circle
212.5,71.35533881187439,4,1.0454545454545454,0.5244642056088374,Square
993.0,120.56854152679443,8,0.7209302325581395,0.8584027447711364,Circle
302.5,87.01219260692596,4,0.9259259259259259,0.5020824232411744,Square
715.0,114.62741661071777,4,0.8484848484848485,0.6838154302734069,Square
1220.0,135.396968126297,8,0.7608695652173914,0.8362802023292859,Circle
438.0,82.76955199241638,9,0.6451612903225806,0.803420234686275,Circle
1416.0,163.94112491607666,4,0.7755102040816326,0.6620599179190167,Rectangle
350.0,88.08326065540314,3,0.8064516129032258,0.5668800098423832,Triangle
728.0,117.4558436870575,4,0.9090909090909091,0.6631197849981578,Square
1190.5,136.4680358171463,8,0.6938775510204082,0.8032992882509196,Circle
617.5,107.35533833503723,4,1.0,0.6732859255429591,Square
658.0,107.79898953437805,4,1.1481481481481481,0.7115515642221677,Square
616.0,122.71067774295807,4,0.625,0.5140742690250638,Rectangle
324.0,97.740114569664,4,0.6944444444444444,0.42619582071199197,Rectangle
861.5,126.18376553058624,4,1.0,0.6799205681902637,Square
469.0,110.56854212284088,4,0.8888888888888888,0.4820804725797554,Square
2479.0,193.33809411525726,8,0.6388888888888888,0.8333962166990664,Circle
1184.0,145.11269783973694,4,0.7555555555555555,0.7065627436851335,Rectangle
744.5,118.04163014888763,4,1.0,0.6714352986357481,Square
857.0,127.11269783973694,4,1.0625,0.6665194286711078,Square
390.5,98.1837660074234,4,1.0,0.5090395541480565,Square
1291.5,141.2964632511139,8,0.7916666666666666,0.812908551037849,Circle
1162.0,143.5979790687561,4,0.717391304347826,0.7081403418540221,Rectangle
294.5,195.15432798862457,3,7.333333333333333,0.09717147358674338,Triangle
100.5,126.87005722522736,3,9.833333333333334,0.07846168928208994,Triangle
370.5,90.32590138912201,4,0.6,0.5706547911542533,Rectangle
645.5,98.66904675960541,8,0.7941176470588235,0.8331903774238988,Circle
643.5,106.04163014888763,4,1.0,0.7191270489877181,Square
897.0,114.91168689727783,9,0.7948717948717948,0.8536383286763287,Circle
999.5,121.15432822704315,8,0.7209302325581395,0.855686725503577,Circle
718.5,116.04163014888763,4,0.8484848484848485,0.6705157663979989,Square
1221.5,135.15432786941528,8,0.7608695652173914,0.8403175253730193,Circle
439.5,82.52691102027893,8,0.6129032258064516,0.8109191637833851,Circle
1419.5,166.18376541137695,4,0.7959183673469388,0.6459041438511609,Rectangle
351.0,88.08326053619385,4,0.8064516129032258,0.5684996685521428,Square
1188.0,135.3969682455063,8,0.673469387755102,0.8143449824735658,Circle
618.5,108.18376541137695,4,1.032258064516129,0.6640876158092922,Square
228.5,86.66904699802399,4,0.5142857142857142,0.38226807198872237,Rectangle
653.5,107.21320307254791,4,1.1481481481481481,0.7144287347228253,Square
615.0,123.88225030899048,3,0.6041666666666666,0.5035780693234592,Triangle
326.0,96.91168761253357,4,0.6944444444444444,0.4361894440489811,Rectangle
863.5,127.01219260692596,4,1.0,0.6726379699963181,Square
2485.5,194.75230705738068,8,0.6527777777777778,0.8234901510030915,Circle
1189.0,145.11269783973694,4,0.7333333333333333,0.7095465390554254,Rectangle
745.5,115.55634891986847,4,0.967741935483871,0.7015681889434762,Square
529.5,115.1543276309967,3,0.5777777777777777,0.5017822570838221,Triangle
854.5,125.69848430156708,4,1.0625,0.6796132684951159,Square
394.0,98.42640614509583,3,1.0,0.5110728731133235,Triangle
499.5,94.87005722522736,4,1.0833333333333333,0.6974081712024752,Square
1294.0,139.05382239818573,8,0.7708333333333334,0.8409656893098636,Circle
1166.0,141.94112491607666,4,0.717391304347826,0.7272637297149778,Rectangle
370.5,95.84061968326569,4,1.1481481481481481,0.5068726407581772,Square
368.0,89.254833817482,4,0.6,0.5804892630297875,Rectangle
638.5,97.84061980247498,8,0.7647058823529411,0.8381705071945739,Circle
646.0,107.4558436870575,4,1.0344827586206897,0.7030436747774086,Square
897.0,116.08326029777527,9,0.7948717948717948,0.8364945443061672,Circle
997.5,121.15432786941528,8,0.7209302325581395,0.8539745009793746,Circle
725.5,116.04163014888763,4,0.8484848484848485,0.6770482790838528,Square
1215.5,133.1543288230896,8,0.7777777777777778,0.8614979483620933,Circle
441.0,81.94112467765808,8,0.6129032258064516,0.8253622708230435,Circle
1428.5,166.18376553058624,4,0.7916666666666666,0.6499993435488921,Rectangle
352.0,88.08326089382172,4,0.8064516129032258,0.5701193210980088,Square
1188.0,134.22539591789246,9,0.673469387755102,0.8286228732431897,Circle
615.0,109.59797894954681,4,1.032258064516129,0.643398269737563,Square
654.0,105.79898953437805,4,1.1111111111111112,0.7342172311553885,Square
615.5,123.29646396636963,3,0.6041666666666666,0.5087877872266092,Triangle
858.0,126.76955199241638,4,0.9722222222222222,0.6709145969433007,Square
2483.5,194.75230646133423,8,0.6527777777777778,0.8228275206335199,Circle
1198.0,143.4558436870575,4,0.7333333333333333,0.7315267203305371,Rectangle
749.5,115.55634891986847,4,0.967741935483871,0.7053324716473982,Square
528.0,116.56854116916656,3,0.5777777777777777,0.488293635612677,Triangle
365.0,81.79898953437805,4,1.0909090909090908,0.6854990397712405,Square
848.5,124.04163014888763,4,1.03125,0.6929897013334056,Square
388.5,97.01219427585602,3,1.0,0.5187382009797362,Triangle
1295.0,139.0538228750229,8,0.7708333333333334,0.8416155797428332,Circle
1168.5,141.69848430156708,4,0.717391304347826,0.7313212134459439,Rectangle
377.0,96.42640602588654,3,1.1481481481481481,0.5095176746894503,Triangle
372.5,89.49747455120087,4,0.5833333333333334,0.5844058842007801,Rectangle
637.0,97.5979790687561,8,0.7878787878787878,0.8403644002913719,Circle
643.0,106.62741661071777,4,1.0,0.7106946769398503,Square
901.5,115.49747359752655,8,0.7948717948717948,0.8492403605048761,Circle
1001.5,121.15432798862457,8,0.7209302325581395,0.8573989584439033,Circle
725.0,115.4558436870575,4,0.8484848484848485,0.683464610921713,Square
1214.5,133.1543288230896,8,0.7777777777777778,0.8607891882235807,Circle
442.5,82.52691125869751,8,0.6129032258064516,0.8164544434603703,Circle
1425.0,165.5979790687561,4,0.7916666666666666,0.6530022286970693,Rectangle
350.5,88.66904640197754,4,0.8064516129032258,0.5602138101383378,Square
727.5,115.21320307254791,4,0.9090909090909091,0.6887131260912899,Square
1188.0,134.22539615631104,8,0.673469387755102,0.8286228702994981,Circle
617.0,108.76955187320709,4,1.032258064516129,0.6553606321527872,Square
234.5,86.66904711723328,4,0.5142857142857142,0.39230574457224887,Rectangle
649.5,106.38477599620819,4,1.1111111111111112,0.721157380414443,Square
617.0,123.88225018978119,3,0.6041666666666666,0.5052157225537386,Triangle
855.0,125.94112491607666,4,0.9722222222222222,0.6773932152941716,Square
466.0,109.74011409282684,3,0.8888888888888888,0.4862559918788131,Triangle
2484.5,195.58073318004608,8,0.6527777777777778,0.8162002536527906,Circle
1191.0,144.28427076339722,4,0.7333333333333333,0.7189251023250809,Rectangle
751.5,115.55634891986847,4,0.967741935483871,0.7072146129993593,Square
532.5,115.982754945755,3,0.5777777777777777,0.4974422114423628,Triangle
365.0,81.79898953437805,4,1.0909090909090908,0.6854990397712405,Square
849.0,124.62741661071777,4,1.0625,0.6868950218731562,Square
386.0,100.08326077461243,3,0.9354838709677419,0.4842551807820648,Triangle
498.5,91.55634891986847,4,1.0833333333333333,0.7473053570929332,Square
1300.0,139.05382299423218,8,0.7708333333333334,0.8448650592971144,Circle
1169.0,141.11269783973694,4,0.717391304347826,0.737721066327342,Rectangle
376.5,96.66904675960541,3,1.1481481481481481,0.506290726134536,Triangle
157.5,52.72792184352875,4,1.0714285714285714,0.7118838038353043,Square
250.0,73.59797894954681,4,0.6428571428571429,0.5799867816066189,Rectangle
375.0,89.74011409282684,3,0.5833333333333334,0.5851509265653687,Triangle
639.0,97.59797894954681,8,0.7878787878787878,0.8430029091020206,Circle
642.5,108.04163014888763,4,1.0,0.6916728670276582,Square
902.0,114.91168701648712,8,0.7948717948717948,0.8583966230417968,Circle
599.5,131.2964631319046,4,0.58,0.43701163223862455,Rectangle
1000.5,121.15432798862457,8,0.7209302325581395,0.8565428436576389,Circle
1220.5,134.81118285655975,8,0.7608695652173914,0.8439093705427604,Circle
446.5,83.35533809661865,8,0.59375,0.8075408348361658,Circle
1420.5,167.01219260692596,4,0.7755102040816326,0.639962824851861,Rectangle
349.0,88.0832599401474,4,0.8064516129032258,0.5652603618514855,Square
727.0,115.79898953437805,4,0.9090909090909091,0.6812942685294346,Square
1193.0,134.22539567947388,8,0.673469387755102,0.8321103462045029,Circle
616.0,108.76955187320709,4,1.032258064516129,0.6542984593292008,Square
236.0,87.25483310222626,4,0.5142857142857142,0.3895317685750412,Rectangle
655.5,106.38477599620819,4,1.1111111111111112,0.7278193423582254,Square
620.5,123.29646229743958,3,0.6041666666666666,0.5129209269224407,Triangle
856.5,125.69848430156708,4,0.9722222222222222,0.6812039373505756,Square
467.0,109.74011409282684,3,0.8888888888888888,0.4872994596725444,Triangle
2489.5,194.75230610370636,8,0.6527777777777778,0.8248154298934154,Circle
1187.5,145.69848430156708,4,0.7333333333333333,0.7029645341925941,Rectangle
751.5,115.55634891986847,4,0.967741935483871,0.7072146129993593,Square
532.5,115.154327750206,3,0.5777777777777777,0.5046252150026802,Triangle
366.0,80.97056245803833,4,1.0454545454545454,0.7015144759274474,Square
853.0,123.79898953437805,4,1.03125,0.6993984980690435,Square
380.5,98.66904711723328,3,0.9666666666666667,0.4911370043557528,Triangle
500.5,91.55634891986847,4,1.0833333333333333,0.7503035731695348,Square
1302.0,139.05382311344147,8,0.7708333333333334,0.8461648502452178,Circle
1170.0,141.11269783973694,4,0.717391304347826,0.7383521365295039,Rectangle
372.0,95.5979790687561,3,1.1111111111111112,0.5115114751511127,Triangle
158.5,52.72792184352875,4,1.0714285714285714,0.7164037010025125,Square
376.0,90.91168773174286,4,0.6285714285714286,0.5716869364735081,Rectangle
642.0,98.42640578746796,8,0.8181818181818182,0.8327634185865238,Circle
648.5,107.21320307254791,4,1.0,0.7089625623071955,Square
906.5,116.66904664039612,8,0.7948717948717948,0.8368861379905135,Circle
1000.5,121.15432786941528,8,0.7209302325581395,0.8565428453432223,Circle
1222.5,133.98275566101074,8,0.7608695652173914,0.8557776110005444,Circle
443.5,83.35533833503723,8,0.59375,0.8021150239665444,Circle
1423.5,166.18376553058624,4,0.7755102040816326,0.647724232090898,Rectangle
349.5,87.4974730014801,4,0.8064516129032258,0.5736751306960041,Square
728.0,114.97056245803833,4,0.9375,0.6920985371523708,Square
1199.0,136.71067714691162,8,0.68,0.8061654438697833,Circle
618.0,108.76955187320709,4,1.032258064516129,0.6564228049763735,Square
233.0,87.25483310222626,4,0.5142857142857142,0.38458009355078215,Rectangle
657.5,106.38477599620819,4,1.1111111111111112,0.7300399963394861,Square
616.0,123.88225030899048,3,0.625,0.5043968954524405,Triangle
855.5,125.69848430156708,4,0.9722222222222222,0.6804086029228457,Square
468.0,109.74011421203613,3,0.8888888888888888,0.4883429264053144,Triangle
2491.5,194.7523068189621,8,0.6527777777777778,0.8254780592426904,Circle
1185.5,145.69848430156708,4,0.7333333333333333,0.7017805939244803,Rectangle
751.5,115.55634891986847,4,0.967741935483871,0.7072146129993593,Square
537.0,115.39696836471558,3,0.5777777777777777,0.5067518592741083,Triangle
364.0,81.79898953437805,4,1.0,0.6836209602102233,Square
851.5,123.21320307254791,4,1.03125,0.7048229240803159,Square
383.0,100.42640602588654,4,0.9354838709677419,0.47721358278573633,Square
500.5,91.55634891986847,4,1.0833333333333333,0.7503035731695348,Square
1306.5,141.29646372795105,8,0.7708333333333334,0.822349992073239,Circle
1170.0,141.11269783973694,4,0.717391304347826,0.7383521365295039,Rectangle
371.0,94.76955199241638,3,1.1111111111111112,0.5190941307836489,Triangle
157.0,52.485281229019165,4,1.0714285714285714,0.7162002350857251,Square
643.5,97.8406194448471,9,0.8181818181818182,0.8447341038726309,Circle
643.0,104.97056245803833,4,1.0,0.7333069285989192,Square
899.0,116.9116872549057,8,0.7948717948717948,0.826520632313719,Circle
714.0,116.28427076339722,4,0.8484848484848485,0.6635385026576515,Square
1229.5,135.98275530338287,8,0.782608695652174,0.8355466912663595,Circle
1422.5,166.18376553058624,4,0.7755102040816326,0.6472692097992992,Rectangle
352.0,89.25483298301697,4,0.8064516129032258,0.5552506098021411,Square
1200.5,136.46803605556488,8,0.68,0.8100468644902361,Circle
618.5,108.18376541137695,4,1.032258064516129,0.6640876158092922,Square
231.0,87.25483322143555,4,0.5142857142857142,0.381278975826121,Rectangle
656.5,106.38477599620819,4,1.1111111111111112,0.7289296693488558,Square
620.5,123.29646289348602,3,0.625,0.5129209219632603,Triangle
258.0,89.25483286380768,4,0.5428571428571428,0.40697345940799995,Rectangle
857.5,127.35533845424652,4,1.0,0.6643694961466867,Square
468.0,109.74011409282684,3,0.8888888888888888,0.4883429274662758,Triangle
2490.5,193.9238793849945,8,0.6388888888888888,0.8322117227808608,Circle
1185.0,145.11269783973694,4,0.7333333333333333,0.7071595027591918,Rectangle
750.5,114.72792184352875,4,0.967741935483871,0.7165100836397471,Square
534.0,114.56854128837585,3,0.5777777777777777,0.5112347353341266,Triangle
366.0,82.62741661071777,4,1.0434782608695652,0.673662853223503,Square
855.0,122.97056245803833,4,1.03125,0.7105156689094814,Square
383.0,98.4264065027237,3,0.9666666666666667,0.4968043375126181,Triangle
497.5,91.55634891986847,4,1.0833333333333333,0.7458062490546324,Square
1307.5,139.63960921764374,8,0.7708333333333334,0.842624945438712,Circle
1170.0,141.11269783973694,4,0.717391304347826,0.7383521365295039,Rectangle
370.5,96.18376553058624,3,1.0714285714285714,0.5032624476719294,Triangle
256.5,74.18376564979553,4,0.6428571428571429,0.5857057449018462,Rectangle
644.5,97.8406195640564,8,0.8181818181818182,0.8460468199211153,Circle
642.0,104.97056245803833,4,1.0,0.7321664823647062,Square
714.5,116.04163014888763,4,0.8484848484848485,0.6667829020060825,Square
1231.0,135.39696788787842,8,0.782608695652174,0.8438204366335058,Circle
1419.0,164.7695518732071,4,0.7959183673469388,0.656807855548443,Rectangle
356.5,87.49747407436371,4,0.8064516129032258,0.5851650331263056,Square
133.0,124.99494755268097,3,0.9767441860465116,0.10697359414984149,Triangle
1201.0,137.05382227897644,8,0.68,0.8034716681240321,Circle
620.0,108.76955187320709,4,1.032258064516129,0.6585471506235463,Square
657.5,106.38477599620819,4,1.1111111111111112,0.7300399963394861,Square
619.5,126.12489092350006,3,0.625,0.48938377583788417,Triangle
256.5,87.01219260692596,4,0.5142857142857142,0.4257326993764008,Rectangle
863.5,127.35533845424652,4,1.0,0.669018145682407,Square
466.5,110.32590079307556,3,0.8888888888888888,0.4816222563053905,Triangle
2493.0,194.5096663236618,8,0.6388888888888888,0.828037041241443,Circle
1183.0,145.11269783973694,4,0.7333333333333333,0.705965984611075,Rectangle
749.5,114.72792184352875,4,0.967741935483871,0.7155553733350971,Square
369.5,82.04163014888763,4,1.0434782608695652,0.689851708987298,Square
857.0,122.97056245803833,4,1.03125,0.7121776938659946,Square
386.0,98.42640745639801,3,0.9666666666666667,0.5006957455972287,Triangle
501.5,92.38477599620819,4,1.0833333333333333,0.7383800958918398,Square
1309.5,140.46803617477417,8,0.7916666666666666,0.8339890436705378,Circle
1167.5,140.87005722522736,4,0.7333333333333333,0.7393147506110228,Rectangle
372.5,96.18376553058624,3,1.0714285714285714,0.5059791140561233,Triangle
256.5,74.18376564979553,4,0.6428571428571429,0.5857057449018462,Rectangle
648.0,98.42640626430511,9,0.7647058823529411,0.8405462461300176,Circle
643.5,105.55634891986847,4,1.0,0.7257544295972165,Square
713.5,116.04163014888763,4,0.8484848484848485,0.6658496859081033,Square
1225.0,135.39696872234344,8,0.782608695652174,0.8397075728145396,Circle
1419.0,164.7695518732071,4,0.7959183673469388,0.656807855548443,Rectangle
359.5,88.66904604434967,4,0.8064516129032258,0.5745987628225845,Square
1202.5,137.2964632511139,8,0.68,0.8016342220546732,Circle
619.0,108.76955187320709,4,1.032258064516129,0.65748497779996,Square
657.5,106.38477599620819,4,1.1111111111111112,0.7300399963394861,Square
619.0,125.05382227897644,4,0.6041666666666666,0.4974009060362669,Rectangle
863.5,128.18376553058624,4,1.0,0.6603986173946925,Square
466.5,111.15432786941528,4,0.8648648648648649,0.4744700004443871,Square
2492.0,194.50966608524323,8,0.6388888888888888,0.8277048984485493,Circle
1182.0,144.28427076339722,4,0.7333333333333333,0.7134924189321962,Rectangle
750.5,114.72792184352875,4,0.967741935483871,0.7165100836397471,Square
369.0,81.79898953437805,4,1.0434782608695652,0.6930113580153089,Square
862.0,122.14213538169861,4,1.03125,0.7260827399457667,Square
384.0,98.42640709877014,3,0.9666666666666667,0.4981014707422897,Triangle
1306.0,141.05382251739502,8,0.7916666666666666,0.82486584479445,Circle
1167.5,140.87005722522736,4,0.7333333333333333,0.7393147506110228,Rectangle
372.5,97.01219260692596,3,1.0714285714285714,0.4973744826598179,Triangle
152.0,52.14213538169861,4,0.9333333333333333,0.7025477159239076,Square
256.5,74.18376564979553,4,0.6428571428571429,0.5857057449018462,Rectangle
649.5,98.66904675960541,8,0.7941176470588235,0.8383534471523195,Circle
642.0,104.97056245803833,4,1.0,0.7321664823647062,Square
943.5,117.49747371673584,8,0.8205128205128205,0.8588052890352321,Circle
712.5,116.04163014888763,4,0.8484848484848485,0.6649164698101242,Square
1225.0,134.56854152679443,8,0.7608695652173914,0.8500781662866574,Circle
1421.0,164.76955199241638,4,0.7959183673469388,0.65773358800834,Rectangle
355.5,88.32590067386627,4,0.8387096774193549,0.5726289752117815,Square
108.0,122.50966620445251,3,1.0769230769230769,0.09042591383163204,Triangle
1197.5,136.46803617477417,8,0.68,0.808022589364723,Circle
616.0,108.76955199241638,4,1.032258064516129,0.6542984578950043,Square
657.5,106.38477599620819,4,1.1111111111111112,0.7300399963394861,Square
618.5,123.63960838317871,3,0.6041666666666666,0.5084336972294035,Triangle
324.5,98.32590079307556,4,0.7222222222222222,0.4217826368470059,Rectangle
865.5,128.18376553058624,4,1.0,0.6619282030748191,Square
467.5,110.32590079307556,3,0.8888888888888888,0.48265467271762075,Triangle
2494.5,194.75230729579926,8,0.6527777777777778,0.8264720083072455,Circle
1181.0,144.28427076339722,4,0.7333333333333333,0.7128887874440978,Rectangle
750.5,115.55634891986847,4,0.967741935483871,0.7062735423233788,Square
370.0,81.79898953437805,4,1.0434782608695652,0.6948894375763258,Square
860.0,122.14213538169861,4,1.03125,0.7243980932173542,Square
387.0,98.4264065027237,3,0.9666666666666667,0.5019928945623583,Triangle
1297.5,138.81118214130402,8,0.7872340425531915,0.846190850169047,Circle
1167.5,140.87005722522736,4,0.7333333333333333,0.7393147506110228,Rectangle
375.0,96.42640614509583,3,1.1071428571428572,0.5068146618995144,Triangle
255.5,74.18376588821411,4,0.6428571428571429,0.5834222879552358,Rectangle
650.5,97.8406195640564,8,0.7647058823529411,0.8539231285627394,Circle
646.0,104.97056245803833,4,1.0,0.7367282673015579,Square
947.0,118.08326041698456,8,0.8205128205128205,0.853459999181471,Circle
207.5,72.18376553058624,4,1.0,0.500436407472438,Square
295.0,88.42640626430511,4,0.8928571428571429,0.47409778857219065,Square
1228.0,136.22539520263672,8,0.782608695652174,0.8315571034698896,Circle
1429.0,166.76955199241638,4,0.7959183673469388,0.6456669679622719,Rectangle
356.5,89.497474193573,3,0.8387096774193549,0.5593038909600488,Triangle
106.0,120.5096663236618,3,1.0512820512820513,0.09172167168008621,Triangle
730.0,116.62741661071777,4,0.9090909090909091,0.6744215090411351,Square
1203.5,136.46803605556488,8,0.68,0.812071138204081,Circle
620.0,108.76955187320709,4,1.032258064516129,0.6585471506235463,Square
658.5,106.38477599620819,4,1.1111111111111112,0.7311503233301166,Square
618.5,123.63960838317871,3,0.6041666666666666,0.5084336972294035,Triangle
865.5,127.35533845424652,4,1.0,0.6705676955276471,Square
469.5,111.15432810783386,3,0.8888888888888888,0.4775212524180354,Triangle
1184.0,145.11269783973694,4,0.7333333333333333,0.7065627436851335,Rectangle
753.5,115.55634891986847,4,0.967741935483871,0.7090967543513204,Square
368.0,80.97056245803833,4,1.0,0.7053478883642095,Square
862.5,123.55634891986847,4,1.03125,0.7099680987738405,Square
383.0,98.76955235004425,3,0.9333333333333333,0.49335833201269014,Triangle
1302.5,138.81118214130402,8,0.7872340425531915,0.8494517012294287,Circle
1165.5,140.87005722522736,4,0.7333333333333333,0.7380482585328882,Rectangle
373.0,96.42640614509583,3,1.1071428571428572,0.5041116503693837,Triangle
157.5,51.899494767189026,4,1.0714285714285714,0.7347915646176851,Square
649.0,98.42640590667725,8,0.7647058823529411,0.8418433915163361,Circle
642.0,104.97056245803833,4,1.0,0.7321664823647062,Square
954.0,118.91168737411499,8,0.8461538461538461,0.8478307325358116,Circle
208.0,72.7695517539978,4,1.0,0.4935984638742029,Square
294.5,87.84061968326569,3,0.8928571428571429,0.4796278372968949,Triangle
1228.0,136.225395321846,8,0.782608695652174,0.8315571020145173,Circle
447.5,82.52691113948822,8,0.6129032258064516,0.8256799197831481,Circle
1432.5,164.87005722522736,4,0.7755102040816326,0.6622483993807939,Rectangle
358.0,90.08326005935669,4,0.8387096774193549,0.5543763584370761,Square
731.0,116.62741661071777,4,0.9090909090909091,0.6753453741220132,Square
1206.5,136.46803605556488,8,0.68,0.8140954119179258,Circle
619.5,108.18376541137695,4,1.032258064516129,0.6651613225446347,Square
233.5,87.49747347831726,4,0.5428571428571428,0.3832707912947107,Rectangle
658.0,106.97056245803833,4,1.1111111111111112,0.7226153769268192,Square
619.5,124.46803557872772,4,0.5918367346938775,0.5024993497075608,Rectangle
862.5,127.35533845424652,4,1.0,0.6682433707597869,Square
472.5,111.98275482654572,4,0.8648648648648649,0.47348844243482585,Square
2495.0,195.33809280395508,8,0.6388888888888888,0.8216872113206857,Circle
1185.5,144.87005722522736,4,0.7333333333333333,0.7098296873781802,Rectangle
753.5,114.72792184352875,4,0.967741935483871,0.7193742145536968,Square
366.5,80.38477599620819,4,1.0,0.7127483674741442,Square
866.5,123.55634891986847,4,1.0625,0.7132607044493133,Square
382.0,97.59797942638397,3,0.9333333333333333,0.5039547858064136,Triangle
500.5,90.72792184352875,4,1.0833333333333333,0.7640680138405785,Square
1304.5,138.81118202209473,8,0.7872340425531915,0.8507560431148186,Circle
368.5,95.84061968326569,3,1.1071428571428572,0.5041364861521951,Triangle
162.5,51.899494767189026,4,1.0714285714285714,0.7581182809547545,Square
651.0,97.59797883033752,8,0.7878787878787878,0.8588339517465519,Circle
643.0,104.97056245803833,4,1.0,0.7333069285989192,Square
953.5,118.32590091228485,8,0.8,0.8557973194020984,Circle
211.0,72.7695517539978,4,1.0,0.5007176724877731,Square
1008.0,121.74011433124542,8,0.7209302325581395,0.8546789062595792,Circle
294.5,88.66904723644257,3,0.8620689655172413,0.47070745786142304,Triangle
1230.0,135.39696884155273,8,0.782608695652174,0.8431349491780978,Circle
449.5,82.52691125869751,8,0.6129032258064516,0.8293701069727377,Circle
1435.5,163.69848430156708,4,0.7755102040816326,0.6731684360945521,Rectangle
360.5,89.49747383594513,4,0.8387096774193549,0.5655793949579209,Square
734.0,116.62741661071777,4,0.9090909090909091,0.678116969364648,Square
1203.5,136.4680359363556,8,0.68,0.8120711396228223,Circle
616.5,108.18376553058624,4,1.032258064516129,0.661940200879804,Square
237.0,87.25483357906342,4,0.5428571428571428,0.3911823226409322,Rectangle
657.5,106.38477599620819,4,1.0714285714285714,0.7300399963394861,Square
622.5,126.12489116191864,3,0.5918367346938775,0.4917536711982775,Triangle
325.5,98.32590103149414,4,0.6756756756756757,0.42308242720463296,Rectangle
858.5,125.69848430156708,4,0.9722222222222222,0.6827946062060352,Square
475.5,111.98275446891785,4,0.8648648648648649,0.4764947213032738,Square
2495.0,194.50966572761536,8,0.6388888888888888,0.8287013359643075,Circle
1181.0,144.28427076339722,4,0.7333333333333333,0.7128887874440978,Rectangle
757.5,114.72792184352875,4,1.0,0.7231930557722964,Square
371.0,82.62741661071777,4,1.0,0.6828658976664471,Square
866.5,125.21320307254791,4,1.0625,0.6945094834614184,Square
377.5,98.18376648426056,3,0.9333333333333333,0.492093290203297,Triangle
465.5,123.63960886001587,4,0.5416666666666666,0.3826610901127337,Rectangle
497.5,91.55634891986847,4,1.0833333333333333,0.7458062490546324,Square
1305.5,139.63960909843445,8,0.7708333333333334,0.8413360368248124,Circle
375.0,97.25483322143555,3,1.1071428571428572,0.4982172323865725,Triangle
158.0,51.65685415267944,4,1.0,0.744065283632373,Square
653.5,99.01219248771667,8,0.8181818181818182,0.8376799120858377,Circle
643.0,104.97056245803833,4,1.0,0.7333069285989192,Square
964.0,120.56854164600372,9,0.825,0.8333335793786838,Circle
210.0,72.7695517539978,3,1.0,0.4983446029499164,Triangle
290.0,88.42640614509583,3,0.8928571428571429,0.46606223409029324,Triangle
1233.0,135.39696884155273,8,0.782608695652174,0.8451913758834103,Circle
450.0,83.94112479686737,8,0.6451612903225806,0.8025513119332243,Circle
1431.5,164.5269113779068,4,0.7755102040816326,0.6645494862810274,Rectangle
361.5,90.32590067386627,4,0.8709677419354839,0.5567927402681524,Square
734.0,116.62741661071777,4,0.9090909090909091,0.678116969364648,Square
1205.5,136.46803605556488,8,0.68,0.8134206540133108,Circle
620.5,109.01219260692596,4,1.0,0.6561475327157388,Square
662.0,106.97056245803833,4,1.0714285714285714,0.7270081755707511,Square
624.0,125.53910326957703,3,0.5918367346938775,0.4975496320635563,Triangle
860.5,125.69848430156708,4,0.9722222222222222,0.6843852750614948,Square
469.0,112.56854140758514,3,0.8648648648648649,0.46510245201804506,Triangle
2498.0,195.33809304237366,8,0.6388888888888888,0.8226752099673591,Circle
1187.0,144.28427076339722,4,0.7333333333333333,0.7165105763726877,Rectangle
756.5,114.72792184352875,4,1.0,0.7222383454676464,Square
369.0,81.79898953437805,4,1.0,0.6930113580153089,Square
861.5,125.21320307254791,4,1.0625,0.6905019272960322,Square
377.5,98.18376505374908,3,0.9333333333333333,0.49209330454263506,Triangle
500.5,90.72792184352875,4,1.0833333333333333,0.7640680138405785,Square
1307.5,139.63960933685303,8,0.7708333333333334,0.8426249440000269,Circle
1173.0,141.11269783973694,4,0.717391304347826,0.7402453471359899,Rectangle
372.5,95.84061968326569,3,1.0714285714285714,0.5096087953641592,Triangle
649.0,98.42640614509583,8,0.8181818181818182,0.8418433874379365,Circle
646.0,105.79898953437805,4,1.0344827586206897,0.7252359806213776,Square
954.0,119.74011480808258,8,0.825,0.8361398040124397,Circle
709.0,115.4558436870575,4,0.8484848484848485,0.6683812539910269,Square
1228.5,135.15432751178741,9,0.7608695652173914,0.8451331030568894,Circle
1416.0,165.5979790687561,4,0.7959183673469388,0.648878004094772,Rectangle
360.5,90.32590067386627,4,0.8709677419354839,0.5552525113877425,Square
732.0,115.79898953437805,4,0.9090909090909091,0.6859799237462807,Square
1198.5,135.63960897922516,8,0.6938775510204082,0.8186058504145581,Circle
619.5,107.35533833503723,4,1.0666666666666667,0.6754666087026124,Square
661.0,106.97056245803833,4,1.0714285714285714,0.7259099759097682,Square
860.5,127.35533845424652,4,0.972972972972973,0.6666938209145469,Square
476.0,111.39696788787842,4,0.8648648648648649,0.4820255699925853,Square
2498.0,194.50966656208038,8,0.6388888888888888,0.8296977633174437,Circle
1187.0,144.28427076339722,4,0.7333333333333333,0.7165105763726877,Rectangle
753.0,115.31370830535889,4,0.967741935483871,0.7116115084739706,Square
530.0,116.56854128837585,3,0.5555555555555556,0.4901432317147766,Triangle
367.0,81.79898953437805,4,1.0,0.6892551988932747,Square
852.5,125.21320307254791,4,1.0625,0.6832883261983372,Square
381.0,98.42640709877014,4,0.9032258064516129,0.49421005300211557,Square
500.5,91.55634891986847,4,1.0833333333333333,0.7503035731695348,Square
1306.5,139.63960933685303,8,0.7708333333333334,0.841980488975935,Circle
1171.0,141.11269783973694,4,0.717391304347826,0.7389832067316658,Rectangle
369.5,96.66904675960541,3,1.1071428571428572,0.496877618344518,Triangle
652.0,99.25483334064484,8,0.7941176470588235,0.8316759267484288,Circle
944.5,117.49747371673584,8,0.8205128205128205,0.8597155225159266,Circle
213.5,73.35533821582794,4,1.0,0.4985908403160743,Square
302.5,89.01219248771667,3,0.9285714285714286,0.47977348882216286,Triangle
1225.5,135.15432798862457,8,0.7608695652173914,0.8430692800065522,Circle
445.5,82.52691149711609,8,0.6129032258064516,0.82198972307339,Circle
1407.5,165.35533833503723,4,0.7959183673469388,0.6468771745217126,Rectangle
358.5,89.49747395515442,4,0.8387096774193549,0.5624416436956103,Square
120.0,123.68123888969421,4,1.0512820512820513,0.09857878393313851,Square
741.0,118.28427076339722,4,0.9393939393939394,0.665539871488053,Square
1201.5,135.63960886001587,8,0.6938775510204082,0.8206549278280527,Circle
618.5,107.35533833503723,4,1.0666666666666667,0.6743762671227858,Square
939.0,130.62741661071777,4,0.8918918918918919,0.6915232404751639,Square
236.0,86.42640662193298,4,0.5428571428571428,0.3970351470388211,Rectangle
663.0,108.62741661071777,4,1.0714285714285714,0.7060646848539792,Square
622.0,124.7106773853302,3,0.5918367346938775,0.5025658476694853,Triangle
471.0,110.56854164600372,4,0.8888888888888888,0.4841362570223857,Square
857.5,127.35533845424652,4,1.0,0.6643694961466867,Square
2490.0,196.16652023792267,8,0.6527777777777778,0.8131289704835448,Circle
1168.5,144.04163014888763,4,0.7111111111111111,0.7077217215896682,Rectangle
757.0,117.79898953437805,4,1.0,0.6855239200064418,Square
852.5,126.04163014888763,4,1.0625,0.6743358188167684,Square
385.0,99.25483405590057,4,0.9354838709677419,0.49109697420755766,Square
1304.5,139.63960933685303,8,0.7708333333333334,0.8406915789277515,Circle
1173.5,142.5269113779068,4,0.7391304347826086,0.7259374644082299,Rectangle
372.0,97.25483322143555,3,1.1071428571428572,0.4942314945274799,Triangle
650.0,99.25483322143555,8,0.7941176470588235,0.8291247755905223,Circle
947.5,117.49747371673584,9,0.8205128205128205,0.8624462229580101,Circle
1216.5,135.98275458812714,8,0.7608695652173914,0.8267121273837328,Circle
445.0,83.11269772052765,8,0.6129032258064516,0.8095340431433758,Circle
1408.0,169.25483310222626,4,0.8163265306122449,0.6176328134647568,Square
358.5,89.497474193573,4,0.8387096774193549,0.5624416406989551,Square
116.5,119.92388010025024,3,1.105263157894737,0.10179453112722653,Triangle
737.5,117.21320307254791,4,0.9090909090909091,0.6745572597347117,Square
1197.5,135.6396086215973,8,0.6938775510204082,0.8179228294039678,Circle
621.0,107.94112491607666,4,1.0666666666666667,0.6697729204621369,Square
924.0,130.28427076339722,4,0.9166666666666666,0.684065774816461,Square
654.5,109.69848430156708,4,1.0714285714285714,0.6834681183962648,Square
623.5,124.95331847667694,3,0.6122448979591837,0.5018231969482039,Triangle
475.5,112.81118214130402,4,0.8888888888888888,0.469522149687561,Square
857.5,128.18376553058624,4,0.972972972972973,0.6558098603543125,Square
2479.0,195.33809304237366,8,0.6527777777777778,0.8164178725016344,Circle
1151.5,145.35533845424652,4,0.75,0.6848758192137013,Rectangle
763.5,118.04163014888763,4,1.032258064516129,0.688570652126788,Square
368.5,79.55634891986847,4,1.0454545454545454,0.7316403832410314,Square
858.5,126.87005722522736,4,1.0625,0.6702423905340716,Square
497.5,94.04163014888763,4,1.0833333333333333,0.706907601381746,Square
1298.0,139.0538226366043,8,0.7708333333333334,0.8435652712372703,Circle
1167.5,142.5269113779068,4,0.717391304347826,0.7222258114159426,Rectangle
370.5,95.84061968326569,4,1.1481481481481481,0.5068726407581772,Square
647.5,98.66904675960541,8,0.7941176470588235,0.8357719122881091,Circle
1211.0,135.3969690799713,8,0.7608695652173914,0.830110910454325,Circle
1195.0,135.05382251739502,8,0.6938775510204082,0.8233111701289314,Circle
618.0,107.94112467765808,4,1.0666666666666667,0.666537305433363,Square
652.5,106.38477599620819,4,1.1111111111111112,0.7244883613863342,Square
857.0,125.94112491607666,4,1.0,0.6789777608270234,Square
2475.0,195.33809316158295,8,0.6527777777777778,0.8151005373034587,Circle
1151.0,144.28427076339722,4,0.75,0.6947798428011487,Rectangle
753.5,118.87005722522736,4,1.032258064516129,0.6701132066175223,Square
368.5,81.21320307254791,4,1.0,0.7020920851497278,Square
846.0,127.11269783973694,4,1.0625,0.6579643368211869,Square
486.0,94.62741661071777,4,1.04,0.6820436436049127,Square
1301.0,138.225395321846,8,0.7872340425531915,0.8556801930196334,Circle
1177.0,144.76955199241638,4,0.7021276595744681,0.7057190909357384,Rectangle
239.5,184.2670258283615,3,6.416666666666667,0.08863803699628466,Triangle
647.0,98.42640626430511,8,0.8181818181818182,0.8392491068612984,Circle
630.0,105.4558436870575,4,1.0344827586206897,0.7118838038353043,Square
203.5,72.18376529216766,3,1.0,0.4907894438234983,Triangle
1212.0,135.3969682455063,8,0.7608695652173914,0.8307963962609105,Circle
1191.5,136.4680359363556,8,0.6938775510204082,0.8039740447532968,Circle
618.0,107.59797894954681,4,1.032258064516129,0.6707954549100862,Square
917.0,129.4558436870575,4,0.9166666666666666,0.6876000202771182,Square
635.5,107.21320307254791,4,1.1111111111111112,0.6947505140265577,Square
870.5,126.5269113779068,4,1.0,0.6833022111339224,Square
2463.0,193.3380936384201,8,0.6388888888888888,0.8280173020794206,Circle
1146.5,144.5269113779068,4,0.7111111111111111,0.6897416947071346,Rectangle
733.0,116.62741661071777,4,1.0,0.6771931042837697,Square
371.0,83.4558436870575,4,1.0,0.6693762046274814,Square
373.5,99.49747335910797,3,0.9666666666666667,0.4741069976176198,Triangle
1157.5,145.8406196832657,4,0.7021276595744681,0.6838704869050594,Rectangle
227.0,167.1959581375122,4,5.583333333333333,0.10204322421696188,Rectangle
638.5,97.8406195640564,8,0.7878787878787878,0.8381705112794913,Circle
633.0,104.62741661071777,4,1.0344827586206897,0.7266454688229516,Square
845.5,113.49747359752655,10,0.8157894736842105,0.8248046241264252,Circle
204.0,72.76955199241638,4,1.0,0.48410618255057253,Square
1204.5,133.9827550649643,8,0.7608695652173914,0.8431772119602567,Circle
1383.5,164.5269112586975,4,0.8125,0.6422663049962449,Square
332.0,87.25483298301697,4,0.7741935483870968,0.5479853708486662,Rectangle
708.0,120.76955187320709,4,0.9393939393939394,0.6099977204816918,Square
618.0,108.42640602588654,4,1.032258064516129,0.6605842486578317,Square
634.5,106.38477599620819,4,1.0714285714285714,0.704502475554987,Square
451.0,108.56854128837585,4,0.8611111111111112,0.4808154345447336,Square
856.0,126.76955199241638,4,0.9459459459459459,0.6693506934539223,Square
2457.0,193.33809387683868,8,0.6388888888888888,0.8260002055182795,Circle
1137.5,143.35533845424652,4,0.7111111111111111,0.6955582858585648,Rectangle
731.5,114.38477599620819,4,1.0,0.702566992846534,Square
843.0,125.4558436870575,4,1.03125,0.6730628929374834,Square
1131.5,140.5269113779068,4,0.7333333333333333,0.7200214261059237,Rectangle
154.0,50.485281229019165,4,1.1538461538461537,0.7592783649447542,Square
350.5,90.3259027004242,4,0.5833333333333334,0.539850198359414,Rectangle
632.0,105.4558436870575,4,1.0,0.7141437524189084,Square
861.0,112.91168773174286,8,0.8157894736842105,0.8486629008014628,Circle
701.0,115.11269783973694,4,0.8484848484848485,0.6647853147463465,Square
1203.5,133.98275458812714,7,0.7608695652173914,0.8424771953650018,Circle
1386.5,164.5269113779068,4,0.8125,0.6436590029539954,Square
331.0,86.08325970172882,4,0.7741935483870968,0.5613069890272571,Rectangle
613.5,109.01219248771667,4,1.032258064516129,0.6487453863038001,Square
632.5,106.04163014888763,4,1.0714285714285714,0.7068342789195519,Square
842.5,126.18376553058624,4,0.9722222222222222,0.6649252219388244,Square
455.0,107.74011409282684,4,0.8611111111111112,0.49256823166595576,Square
2444.0,194.1665199995041,8,0.6388888888888888,0.8146336992493737,Circle
1148.5,142.87005722522736,4,0.7111111111111111,0.7070635122022944,Rectangle
728.0,115.79898953437805,4,1.0,0.6822313995728038,Square
845.5,121.55634891986847,4,1.064516129032258,0.7190650521625548,Square
371.5,98.6690468788147,3,0.9666666666666667,0.4795200998683907,Triangle
1128.5,139.69848430156708,4,0.75,0.7266546201004761,Rectangle
366.0,93.25483322143555,4,1.0740740740740742,0.5288691688495951,Square
357.0,92.91168761253357,3,0.5833333333333334,0.5196816511936334,Triangle
871.0,113.25483322143555,9,0.7894736842105263,0.8533251176412728,Circle
210.0,70.76955235004425,4,1.0454545454545454,0.5269097825993476,Square
703.5,114.87005722522736,4,0.875,0.6699776126314506,Square
1396.5,169.49747371673584,4,0.7916666666666666,0.6108356065398729,Rectangle
333.5,86.66904664039612,3,0.7741935483870968,0.5579273656908054,Triangle
726.5,119.35533845424652,4,0.9393939393939394,0.6408579635149295,Square
613.5,106.5269113779068,4,1.0,0.6793690539866082,Square
654.5,109.69848430156708,4,1.1071428571428572,0.6834681183962648,Square
852.0,128.42640614509583,4,1.0,0.6491436299741092,Square
1154.5,147.01219260692596,4,0.7333333333333333,0.6712697729239233,Rectangle
735.5,117.69848430156708,4,0.967741935483871,0.6671919548609917,Square
847.5,123.21320307254791,4,1.064516129032258,0.7015119532097096,Square
382.5,96.1837671995163,3,0.9333333333333333,0.5195624279467456,Triangle
1134.5,139.69848430156708,4,0.7272727272727273,0.7305180917182013,Rectangle
368.5,93.01219248771667,4,1.0357142857142858,0.5352634547236447,Square
882.0,114.08326053619385,8,0.8157894736842105,0.8515979341471985,Circle
335.0,86.91168749332428,4,0.8064516129032258,0.5573118870889363,Square
388.5,99.01219379901886,4,0.9666666666666667,0.4979933239865796,Square
150.0,198.16652154922485,4,0.6779661016949152,0.04799992410317005,Rectangle
135.0,138.6518007516861,3,1.1136363636363635,0.0882455072291547,Triangle
384.5,93.98275578022003,3,0.6571428571428571,0.5470283790338047,Triangle
104.0,148.0243865251541,4,1.0,0.059645359919347295,Square
139.0,142.65180134773254,3,1.1363636363636365,0.08583613300466733,Triangle
473.5,92.38477599620819,4,1.2272727272727273,0.6971544873475298,Square
1377.5,165.01219260692596,4,0.7916666666666666,0.6357251624704067,Rectangle
697.5,116.04163014888763,4,0.9375,0.6509182283404373,Square
272.5,157.49747383594513,4,0.15492957746478872,0.13804770337487332,Rectangle
340.0,193.0538227558136,3,0.1686746987951807,0.11463888928404337,Triangle
507.5,265.23758816719055,3,0.1743119266055046,0.09065166188257916,Triangle
106.5,88.04163014888763,3,4.1,0.17265665445384645,Triangle
708.5,334.69343197345734,3,0.16546762589928057,0.07947953890563836,Triangle
111.0,98.28427076339722,4,4.6,0.14439920540729895,Rectangle
956.5,429.66399443149567,3,0.15,0.06510838384157978,Triangle
113.5,169.37972378730774,4,0.8,0.04971447814002938,Square
1246.5,526.5756813287735,3,0.1493212669683258,0.05649116747179112,Triangle
106.0,84.28427076339722,4,3.4545454545454546,0.18750923503918007,Rectangle
105.0,80.62741661071777,4,3.7,0.20297085145553687,Rectangle
331.0,229.76449918746948,3,1.2033898305084745,0.07879016392263162,Triangle
109.0,87.11269772052765,4,3.25,0.18049843280724678,Rectangle
1407.5,167.01219260692596,4,0.8125,0.6341060724948921,Square
1447.0,597.8477597236633,3,0.16929133858267717,0.05087415194859056,Triangle
1424.0,170.9116872549057,4,0.7959183673469388,0.6125990657452981,Rectangle
475.5,115.982754945755,4,0.9444444444444444,0.4441948761330395,Square
407.0,229.76449859142303,3,1.2222222222222223,0.09688095735011537,Triangle
669.0,100.42640602588654,8,0.8484848484848485,0.8335662842915342,Circle
627.5,105.21320307254791,4,1.0714285714285714,0.7123330743755448,Square
700.5,116.87005722522736,4,0.8787878787878788,0.6444830357988248,Square
1427.0,171.25483322143555,4,0.7916666666666666,0.6114319979070417,Rectangle
723.5,117.21320307254791,4,0.9393939393939394,0.661752104973646,Square
624.0,111.59797894954681,4,1.032258064516129,0.6296247545915896,Square
872.0,131.5979790687561,4,1.0277777777777777,0.6327438156135734,Square
374.5,80.38477599620819,4,1.0,0.7283063127396099,Square
858.0,126.62741661071777,4,1.1290322580645162,0.672421604266133,Square
380.5,101.84061908721924,4,1.0,0.4610228632896754,Square
105.0,138.42640614509583,4,1.0285714285714285,0.06885908943840809,Square
1420.5,170.66904664039612,4,0.8125,0.6128322010065076,Square
624.5,110.18376541137695,4,1.064516129032258,0.6464085423679663,Square
654.0,108.62741661071777,4,1.1851851851851851,0.6964800963717986,Square
875.5,129.35533833503723,4,1.0277777777777777,0.6575023388161623,Square
1194.0,147.11269783973694,4,0.7777777777777778,0.6932882999062734,Rectangle
758.0,118.62741661071777,4,1.0666666666666667,0.6768757017120551,Square
479.5,280.63455522060394,4,1.0375,0.07650964450703465,Square
408.5,97.49747395515442,3,0.5789473684210527,0.5400266559550044,Triangle
602.0,142.02438533306122,4,0.6415094339622641,0.3750425289786043,Rectangle
1427.0,170.911687374115,4,0.7959183673469388,0.6138896528083407,Rectangle
375.0,92.08326053619385,4,0.8709677419354839,0.5557503622739771,Square
649.5,111.35533845424652,4,1.1851851851851851,0.6582137265243849,Square
1195.0,151.25483322143555,4,0.7777777777777778,0.6563859058873397,Rectangle
382.0,102.08326065540314,4,1.0689655172413792,0.4606426649055221,Square
419.5,97.15432929992676,3,0.6052631578947368,0.5584927158649676,Triangle
960.0,118.08326017856598,8,0.8205128205128205,0.865175926634372,Circle
699.5,118.18376553058624,4,0.9090909090909091,0.6293350739808783,Square
1431.0,170.911687374115,4,0.7959183673469388,0.6156104366984833,Rectangle
375.0,90.91168737411499,4,0.8387096774193549,0.5701664969793606,Square
1758.5,224.3502860069275,4,0.7195121951219512,0.4390348361631445,Rectangle
879.0,129.94112491607666,4,1.0277777777777777,0.6541924004055828,Square
378.5,86.04163014888763,4,1.1363636363636365,0.6424783357823215,Square
421.0,96.91168773174286,4,0.6052631578947368,0.5632998634749912,Rectangle
673.5,101.49747359752655,9,0.8235294117647058,0.821555674374586,Circle
631.5,108.87005722522736,4,1.1071428571428572,0.6695242574734664,Square
101.0,143.4558436870575,4,0.875,0.06167295388429403,Square
705.5,114.87005722522736,4,0.8787878787878788,0.6718823108905307,Square
1285.0,140.2253955602646,8,0.8043478260869565,0.8212202391844002,Circle
1437.5,168.18376541137695,4,0.7755102040816326,0.6386303800005866,Rectangle
376.5,92.32590055465698,3,0.8709677419354839,0.5550444182625762,Triangle
725.0,118.28427076339722,4,0.9090909090909091,0.6511692399849371,Square
653.5,128.46803605556488,4,0.6122448979591837,0.4975827157183173,Rectangle
373.5,84.87005722522736,4,1.1363636363636365,0.6516156107606028,Square
400.0,103.25483345985413,3,1.0333333333333334,0.4714645837373151,Triangle
512.0,95.79898953437805,4,1.125,0.7010644875562385,Square
677.5,99.84061932563782,8,0.7941176470588235,0.8540919545751738,Circle
635.0,107.4558436870575,4,1.1071428571428572,0.6910723428539542,Square
965.5,118.66904664039612,9,0.8205128205128205,0.8615633880297158,Circle
698.5,116.87005722522736,4,0.8787878787878788,0.642642970029235,Square
298.0,89.59797883033752,4,0.9629629629629629,0.466476427469263,Square
1296.5,138.8111823797226,9,0.8043478260869565,0.845538677052419,Circle
1442.0,166.7695518732071,4,0.7755102040816326,0.6515407761600102,Rectangle
375.5,90.66904699802399,4,0.8387096774193549,0.5739865335211043,Square
1783.5,225.17871165275574,3,0.7108433734939759,0.4420061556781609,Triangle
731.5,118.87005722522736,4,0.9393939393939394,0.6505478575192004,Square
660.0,109.4558436870575,4,1.1851851851851851,0.6922706093259609,Square
657.0,129.5391045808792,4,0.6326530612244898,0.49200945882957114,Rectangle
874.5,130.18376553058624,4,1.0277777777777777,0.6484194289218004,Square
1188.0,146.76955199241638,4,0.7777777777777778,0.6930337224363389,Rectangle
764.5,122.5269113779068,4,1.096774193548387,0.6399180812856327,Square
376.5,83.21320307254791,4,1.0434782608695652,0.683266873994514,Square
879.5,127.69848430156708,4,1.0625,0.6777573293901847,Square
396.5,102.66904783248901,3,1.0333333333333334,0.4726873577162999,Triangle
1203.0,146.42640614509583,4,0.7391304347826086,0.7050772221046356,Rectangle
680.5,100.66904664039612,8,0.8235294117647058,0.8438127475954023,Circle
630.0,106.62741661071777,4,1.1071428571428572,0.6963260442801021,Square
961.5,119.49747359752655,8,0.8205128205128205,0.8461389854973309,Circle
205.0,71.94112467765808,4,1.0454545454545454,0.4977477196895309,Square
104.0,140.28427064418793,4,0.9210526315789473,0.06640874091122181,Square
710.5,114.87005722522736,4,0.8787878787878788,0.6766440565382312,Square
1301.0,137.39696896076202,8,0.8043478260869565,0.8660298400529529,Circle
1438.0,165.11269783973694,4,0.7755102040816326,0.6628386176809722,Rectangle
377.0,91.25483286380768,4,0.8387096774193549,0.5689046273037991,Square
736.5,118.87005722522736,4,0.9117647058823529,0.654994527768819,Square
631.0,110.76955199241638,4,1.032258064516129,0.6462468285994453,Square
663.5,108.87005722522736,4,1.1851851851851851,0.7034510607025257,Square
871.5,127.35533845424652,4,1.0,0.6752163450633674,Square
1191.0,146.76955199241638,4,0.7777777777777778,0.6947838075940064,Rectangle
769.0,119.4558436870575,4,1.0666666666666667,0.677206945950916,Square
890.0,128.28427076339722,4,1.0625,0.6795995007082246,Square
397.0,101.25483286380768,3,1.0333333333333334,0.48659635178745914,Triangle
506.0,92.97056245803833,4,1.125,0.7356469929786985,Square
1200.5,147.01219260692596,4,0.7391304347826086,0.698015905062945,Rectangle
387.0,98.42640614509583,4,1.1851851851851851,0.501992898210295,Square
684.5,99.84061932563782,8,0.8484848484848485,0.8629165208955077,Circle
631.5,106.87005722522736,4,1.1071428571428572,0.6948181187930245,Square
963.0,118.08326017856598,8,0.8205128205128205,0.8678796014051045,Circle
202.0,72.76955199241638,4,1.0909090909090908,0.47936004350595907,Square
705.0,117.94112491607666,4,0.8787878787878788,0.6368958947206316,Square
1301.5,139.63960886001587,8,0.8043478260869565,0.8387582195838088,Circle
1432.0,166.76955199241638,4,0.7916666666666666,0.6470224619467972,Rectangle
368.0,91.25483345985413,3,0.8387096774193549,0.5553233424745299,Triangle
723.5,117.21320307254791,4,0.96875,0.661752104973646,Square
631.0,111.5979790687561,4,1.032258064516129,0.6366878514399255,Square
662.0,107.79898953437805,4,1.1851851851851851,0.7158771056460106,Square
652.0,128.71067714691162,3,0.6122448979591837,0.49457061542069247,Triangle
872.0,127.11269783973694,4,1.0,0.678185463011909,Square
485.5,112.32590126991272,4,0.9166666666666666,0.48354764711559334,Square
1189.0,145.4558436870575,4,0.7555555555555555,0.706202696044788,Rectangle
762.0,116.97056245803833,4,1.0666666666666667,0.6998608161505949,Square
379.0,83.79898953437805,4,1.0434782608695652,0.6782214332465887,Square
876.0,129.94112491607666,4,1.0625,0.6519596618376458,Square
395.0,101.25483345985413,3,1.0333333333333334,0.4841449790760022,Triangle
503.5,95.21320307254791,4,1.1666666666666667,0.6979350160924632,Square
1360.0,143.0538226366043,8,0.8125,0.8351218327073291,Circle
1196.0,144.28427076339722,4,0.717391304347826,0.7219432597655724,Rectangle
386.0,98.42640614509583,3,1.1071428571428572,0.5006957589384338,Triangle
126.0,164.3675309419632,3,4.466666666666667,0.05860684551229737,Triangle
148.0,52.485281229019165,4,1.0714285714285714,0.6751441706540593,Square
395.0,96.08326089382172,4,0.5945945945945946,0.5376646602497624,Rectangle
674.0,98.42640602588654,8,0.8181818181818182,0.8742718713522185,Circle
631.0,104.62741661071777,4,1.0714285714285714,0.7243495905644272,Square
957.0,119.74011421203613,8,0.8461538461538461,0.8387691828158169,Circle
202.0,71.94112467765808,3,1.0454545454545454,0.4904636067184646,Triangle
711.0,116.28427076339722,4,0.8787878787878788,0.6607505257557286,Square
295.0,87.59797883033752,4,0.9259259259259259,0.4831074208617154,Square
1303.5,137.9827550649643,8,0.8043478260869565,0.8603422982012808,Circle
1417.5,167.01219260692596,4,0.7755102040816326,0.6386112666156374,Rectangle
375.0,90.08326077461243,4,0.8064516129032258,0.5807014835547962,Square
1746.5,225.86500453948975,4,0.6867469879518072,0.4302100589905361,Rectangle
729.0,116.62741661071777,4,0.9090909090909091,0.6734976439602567,Square
628.5,109.35533833503723,4,1.032258064516129,0.6604427375092156,Square
946.0,132.28427076339722,4,0.9444444444444444,0.6793359305230932,Square
658.0,108.62741661071777,4,1.1851851851851851,0.70073991347499,Square
873.5,128.5269113779068,4,0.9459459459459459,0.664484157461882,Square
1193.5,148.18376553058624,4,0.7555555555555555,0.6830162467773688,Rectangle
774.5,119.21320307254791,4,1.064516129032258,0.6848296770832448,Square
379.5,82.38477599620819,4,1.0434782608695652,0.7026316584072204,Square
885.0,127.4558436870575,4,1.03125,0.6845948543470057,Square
391.0,100.42640626430511,3,1.0,0.4871814882069655,Triangle
1207.5,145.35533845424652,4,0.7391304347826086,0.7181828499353404,Rectangle
130.5,143.63960909843445,3,4.384615384615385,0.0794825783028856,Triangle
394.5,95.49747395515442,4,0.5945945945945946,0.5435920586868138,Rectangle
681.0,100.42640614509583,8,0.8484848484848485,0.8485181438787408,Circle
632.0,106.62741661071777,4,1.0714285714285714,0.6985366031508327,Square
953.0,119.74011433124542,8,0.825,0.8352633538473007,Circle
639.0,132.7106772661209,4,0.62,0.45593086252451104,Rectangle
1311.0,138.56854116916656,8,0.8043478260869565,0.8579920546343514,Circle
1415.5,166.18376553058624,4,0.7708333333333334,0.6440840537581076,Rectangle
376.5,89.49747407436371,3,0.78125,0.5906813899226693,Triangle
1744.0,224.1076453924179,4,0.6867469879518072,0.4363580570107606,Rectangle
727.5,117.21320307254791,4,0.9393939393939394,0.6654107206196648,Square
1279.0,139.0538226366043,8,0.7346938775510204,0.8312172433840284,Circle
634.5,108.52691125869751,4,1.0,0.6769656063443945,Square
659.5,106.38477599620819,4,1.1481481481481481,0.732260650320747,Square
655.5,127.29646360874176,4,0.625,0.5083348473473145,Rectangle
873.5,130.18376553058624,4,0.972972972972973,0.6476779544461893,Square
483.5,112.32590067386627,4,0.9166666666666666,0.48155569487458944,Square
1192.5,145.69848430156708,4,0.7777777777777778,0.7059243848628788,Rectangle
766.0,117.79898953437805,4,1.032258064516129,0.6936741383420534,Square
379.0,80.97056245803833,4,1.0,0.7264316567664005,Square
885.0,128.28427076339722,4,1.0625,0.6757815259851447,Square
388.0,101.25483274459839,3,1.0,0.47556520135538677,Triangle
1368.0,143.05382251739502,8,0.8125,0.8400343154762269,Circle
1202.0,144.76955199241638,4,0.7391304347826086,0.7207088762147472,Rectangle
383.0,98.42640614509583,3,1.1071428571428572,0.49680434112285005,Triangle
131.5,138.32590079307556,3,4.142857142857143,0.08636317552402432,Triangle
400.5,95.15432786941528,4,0.5945945945945946,0.5558470339702329,Rectangle
681.5,99.8406194448471,8,0.8484848484848485,0.8591345618494728,Circle
630.0,105.4558436870575,4,1.0714285714285714,0.7118838038353043,Square
954.0,119.74011433124542,8,0.825,0.8361398106719042,Circle
709.5,114.87005722522736,4,0.8484848484848485,0.6756917074086912,Square
1308.5,137.98275470733643,8,0.8043478260869565,0.8636424265684103,Circle
1427.5,165.35533845424652,4,0.7551020408163265,0.6560690339597228,Rectangle
371.5,90.66904640197754,3,0.78125,0.567872170457154,Triangle
1748.5,223.52185881137848,3,0.6785714285714286,0.4397800252722034,Triangle
731.0,116.62741661071777,4,0.9393939393939394,0.6753453741220132,Square
1286.0,139.88224983215332,8,0.72,0.8258964798306976,Circle
658.5,106.38477599620819,4,1.1481481481481481,0.7311503233301166,Square
655.5,128.46803617477417,4,0.625,0.49910553871161417,Rectangle
351.5,101.1543276309967,4,0.7297297297297297,0.43168430395930873,Rectangle
875.0,128.76955199241638,4,0.972972972972973,0.6631191158803993,Square
470.5,111.49747407436371,4,0.8888888888888888,0.475597358979732,Square
1191.0,145.4558436870575,4,0.7555555555555555,0.7073905895621048,Rectangle
762.0,119.4558436870575,4,1.032258064516129,0.6710425134130014,Square
380.0,80.97056245803833,4,1.0,0.7283483629847816,Square
881.0,124.97056245803833,4,1.03125,0.7088760825162659,Square
398.0,102.08326077461243,3,0.967741935483871,0.47993659739322375,Triangle
1367.5,142.46803653240204,8,0.8125,0.8466468971270993,Circle
1201.5,144.5269113779068,4,0.717391304347826,0.7228300446494743,Rectangle
377.5,99.49747383594513,3,1.1071428571428572,0.47918444413705086,Triangle
398.0,95.74011540412903,4,0.5945945945945946,0.5456385458177473,Rectangle
678.5,100.18376553058624,8,0.8181818181818182,0.8495031893450243,Circle
634.5,106.04163014888763,4,1.0714285714285714,0.7090693280228548,Square
956.5,119.154327750206,8,0.825,0.8465940206925652,Circle
636.5,132.46803641319275,4,0.62,0.4558123358119051,Rectangle
1069.5,125.98275518417358,9,0.75,0.8467758219009673,Circle
1306.0,139.39696848392487,8,0.8043478260869565,0.844590870668649,Circle
467.0,84.76955199241638,8,0.6451612903225806,0.8166706891624665,Circle
1419.0,165.94112491607666,4,0.7551020408163265,0.6475662406989162,Rectangle
375.5,90.66904711723328,3,0.78125,0.5739865320117793,Triangle
1741.5,223.521857380867,4,0.6987951807228916,0.43801940166689846,Rectangle
733.0,119.11269783973694,4,0.9117647058823529,0.6492287088785159,Square
1290.0,139.88224983215332,8,0.72,0.828465364682426,Circle
631.0,109.11269772052765,4,1.0,0.6660220940330459,Square
656.5,106.38477599620819,4,1.1481481481481481,0.7289296693488558,Square
912.5,119.15432751178741,8,0.6976744186046512,0.8076498138771137,Circle
349.0,100.91168761253357,4,0.7027027027027027,0.43067766772688365,Rectangle
877.5,129.35533845424652,4,0.972972972972973,0.6590043418021402,Square
476.5,111.49747407436371,4,0.8888888888888888,0.48166236249488276,Square
2699.0,200.994948387146,8,0.684931506849315,0.8395420698848794,Circle
1192.5,144.04163014888763,4,0.7333333333333333,0.7222577261409322,Rectangle
764.0,117.79898953437805,4,1.032258064516129,0.6918629787119176,Square
379.5,81.55634891986847,4,1.0,0.7169784357784685,Square
880.0,125.79898953437805,4,1.03125,0.698776402853153,Square
397.5,101.49747550487518,3,0.967741935483871,0.4848825067410543,Triangle
515.0,93.79898953437805,4,1.125,0.7355645207240284,Square
1367.5,142.46803629398346,8,0.8125,0.8466468999608066,Circle
1198.5,142.87005722522736,4,0.717391304347826,0.7378455545271657,Rectangle
384.0,96.42640614509583,3,1.0714285714285714,0.5189782137851028,Triangle
398.5,95.49747443199158,4,0.5945945945945946,0.5491037597552111,Rectangle
686.5,99.01219272613525,8,0.8181818181818182,0.8799805001950053,Circle
632.0,106.62741661071777,4,1.1071428571428572,0.6985366031508327,Square
956.5,119.15432786941528,8,0.8,0.8465940189985961,Circle
637.0,131.88224983215332,4,0.62,0.46023177718120245,Rectangle
1062.0,124.56854152679443,9,0.7272727272727273,0.8600379620716799,Circle
1310.5,137.982754945755,8,0.8043478260869565,0.8649624731422585,Circle
468.5,85.35533833503723,8,0.6451612903225806,0.8080869307255922,Circle
1438.5,167.35533845424652,4,0.7755102040816326,0.6454172809174161,Rectangle
372.0,90.08326053619385,3,0.78125,0.5760558747355907,Triangle
1738.0,222.9360716342926,4,0.6987951807228916,0.43943935428355274,Rectangle
1293.0,139.88224983215332,8,0.72,0.8303920283212224,Circle
633.0,108.76955187320709,4,1.032258064516129,0.672355397330169,Square
956.0,130.62741661071777,4,0.8918918918918919,0.7040428305583137,Square
659.5,107.21320307254791,4,1.1851851851851851,0.7209881416215812,Square
351.5,101.49747407436371,4,0.7027027027027027,0.4287703293679413,Rectangle
878.5,130.18376553058624,4,0.972972972972973,0.6513853268242442,Square
475.0,112.56854140758514,4,0.9166666666666666,0.471052589996954,Square
2699.5,201.58073377609253,8,0.6944444444444444,0.8348244352203605,Circle
1199.5,145.69848430156708,4,0.7555555555555555,0.7100681758012771,Rectangle
769.0,116.97056245803833,4,1.032258064516129,0.7062899837530282,Square
575.0,120.22539556026459,4,0.6086956521739131,0.49990246635255303,Rectangle
667.5,102.18376541137695,8,0.6052631578947368,0.8033361855153859,Circle
379.0,80.97056245803833,4,1.0,0.7264316567664005,Square
880.0,129.94112491607666,4,1.0625,0.6549366465948953,Square
391.5,100.6690468788147,3,0.967741935483871,0.4854558253031957,Triangle
1365.5,142.46803605556488,8,0.8125,0.8454086623516699,Circle
1204.0,143.94112491607666,4,0.7391304347826086,0.7302415934885691,Rectangle
381.0,97.25483322143555,3,1.0714285714285714,0.5061887081047577,Triangle
121.5,136.46803617477417,3,4.153846153846154,0.08198308526748548,Triangle
393.5,95.15432858467102,4,0.5945945945945946,0.5461318466393303,Rectangle
689.5,99.8406194448471,8,0.8484848484848485,0.8692197804771995,Circle
641.0,106.62741661071777,4,1.0714285714285714,0.7084841180691198,Square
965.0,118.91168713569641,8,0.8,0.8576065620313158,Circle
203.5,72.18376564979553,3,1.0454545454545454,0.4907894389603555,Triangle
635.5,130.46803605556488,4,0.62,0.4691558856185731,Rectangle
1071.0,125.39696872234344,8,0.75,0.8559043988532564,Circle
712.5,114.04163014888763,4,0.8484848484848485,0.6884428589153732,Square
293.0,89.25483322143555,4,0.9629629629629629,0.4621830335309,Square
1313.5,140.4680359363556,9,0.8260869565217391,0.8365365502710056,Circle
470.0,84.76955187320709,8,0.6451612903225806,0.8219169699912525,Circle
1467.0,168.42640602588654,4,0.8125,0.6498597135605337,Square
371.5,89.49747407436371,3,0.78125,0.5828370155545064,Triangle
1730.0,224.10764503479004,4,0.6987951807228916,0.432855184081383,Rectangle
734.5,118.04163014888763,4,0.9696969696969697,0.6624166915352008,Square
1293.0,139.0538226366043,8,0.7,0.8403157902232593,Circle
639.0,109.11269783973694,4,1.032258064516129,0.6744661127689029,Square
661.0,107.79898953437805,4,1.1481481481481481,0.7147957202900499,Square
654.0,125.88224959373474,4,0.6122448979591837,0.5186311783156082,Rectangle
915.0,118.91168713569641,8,0.6744186046511628,0.8131709888690714,Circle
349.5,101.49747359752655,4,0.7027027027027027,0.42633067289371607,Rectangle
873.5,129.35533845424652,4,0.972972972972973,0.6560003334064609,Square
2698.0,200.99494755268097,8,0.6944444444444444,0.8392310201397477,Circle
1204.0,146.28427076339722,4,0.7555555555555555,0.7070352862532386,Rectangle
776.0,117.79898953437805,4,1.032258064516129,0.702729936492733,Square
669.0,102.42640578746796,8,0.631578947368421,0.8013313158432767,Circle
378.0,81.79898953437805,4,1.0434782608695652,0.7099140740644627,Square
884.0,126.62741661071777,4,1.0625,0.6927980165166219,Square
385.5,99.01219367980957,3,0.9666666666666667,0.494147816883141,Triangle
1366.5,142.46803629398346,8,0.8125,0.8460277797414569,Circle
1205.0,143.94112491607666,4,0.7391304347826086,0.7308481064399716,Rectangle
376.5,97.84061968326569,4,1.0714285714285714,0.49423836605754545,Square
135.5,141.15432798862457,3,4.142857142857143,0.08545958149707301,Triangle
391.5,95.49747371673584,4,0.5945945945945946,0.5394582814664639,Rectangle
689.0,100.42640602588654,8,0.8484848484848485,0.858486053627604,Circle
641.0,110.28427076339722,4,1.1071428571428572,0.6622786302281816,Square
963.0,118.08326029777527,8,0.8205128205128205,0.8678795996527933,Circle
638.5,130.46803653240204,4,0.62,0.47137062278176595,Rectangle
1070.0,125.39696860313416,8,0.7674418604651163,0.8551052367079723,Circle
713.5,116.87005722522736,4,0.8787878787878788,0.6564434633011585,Square
1313.0,138.2253955602646,8,0.8043478260869565,0.8635727052721018,Circle
470.5,84.52691102027893,8,0.6451612903225806,0.8275218985693512,Circle
1488.0,171.25483298301697,4,0.8333333333333334,0.6375688965794882,Square
369.5,89.49747431278229,4,0.78125,0.5796992627186384,Rectangle
1729.5,222.6934323310852,4,0.6867469879518072,0.4382436301171168,Rectangle
1286.5,140.46803617477417,8,0.72,0.8193408970463131,Circle
633.5,110.18376529216766,4,1.032258064516129,0.6557242793854174,Square
937.5,135.35533845424652,4,0.9444444444444444,0.643028707565897,Square
666.5,108.04163014888763,4,1.1481481481481481,0.7175096745119598,Square
654.0,125.88225066661835,4,0.625,0.5186311694751103,Rectangle
277.5,88.18376541137695,4,0.5428571428571428,0.44843094383337617,Rectangle
862.0,127.94112491607666,4,1.0,0.6617543427383954,Square
2695.0,201.33809292316437,8,0.6712328767123288,0.8354428225012072,Circle
1208.0,149.5979790687561,4,0.7777777777777778,0.6783055101200359,Rectangle
771.5,120.87005722522736,4,1.064516129032258,0.6636029973598955,Square
570.0,120.2253954410553,3,0.6086956521739131,0.49555548936700444,Triangle
668.0,102.42640602588654,8,0.631578947368421,0.8001335074608615,Circle
389.5,82.38477599620819,4,1.0434782608695652,0.7211463266129442,Square
887.0,125.79898953437805,4,1.0625,0.7043348515122122,Square
407.5,101.49747455120087,3,0.967741935483871,0.49708081813861527,Triangle
515.5,94.38477599620819,4,1.125,0.7271677920847716,Square
1365.5,141.6396096944809,8,0.7916666666666666,0.8553268902264363,Circle
380.5,97.8406195640564,3,1.1071428571428572,0.4994892396896577,Triangle
401.5,93.4974752664566,4,0.5526315789473685,0.5771592312491537,Rectangle
963.5,119.49747395515442,8,0.8461538461538461,0.8478990199136199,Circle
646.0,131.0538226366043,4,0.62,0.4726536278754343,Rectangle
370.5,89.497474193573,4,0.78125,0.581268139132393,Rectangle
1730.5,221.52185928821564,4,0.6867469879518072,0.443147488032497,Rectangle
1289.0,139.8822499513626,8,0.72,0.8278231420585327,Circle
646.5,125.63960886001587,3,0.625,0.5146657193084115,Triangle
275.0,89.59797894954681,4,0.5428571428571428,0.43047321212313383,Rectangle
347.5,101.15432798862457,4,0.7297297297297297,0.42677181953100046,Rectangle
874.5,130.18376553058624,4,1.0277777777777777,0.6484194289218004,Square
571.5,118.81118190288544,3,0.6222222222222222,0.508758251945017,Triangle
665.5,100.66904675960541,8,0.8235294117647058,0.8252129055029847,Circle
697.5,114.04163014888763,4,0.875,0.6739493250434706,Square
371.0,90.91168713569641,3,0.8125,0.5640847239702383,Triangle
1735.0,223.27921903133392,4,0.6867469879518072,0.4373334883559395,Rectangle
136.5,57.69848430156708,4,1.0,0.515244905065836,Square
630.0,110.76955187320709,4,1.032258064516129,0.6452226670268817,Square
942.0,133.4558436870575,4,0.9444444444444444,0.6646386251150914,Square
654.0,108.28427076339722,4,1.1071428571428572,0.7009012912468279,Square
658.0,126.71067667007446,3,0.625,0.5150025000269365,Triangle
277.0,88.42640614509583,4,0.5428571428571428,0.4451697891138318,Rectangle
346.0,102.5685418844223,4,0.7297297297297297,0.41329257169106404,Rectangle
872.5,130.18376553058624,4,1.0277777777777777,0.6469364799705783,Square
1177.5,148.5269113779068,4,0.7954545454545454,0.6707496888310281,Rectangle
568.5,119.1543276309967,3,0.6222222222222222,0.5031768967347043,Triangle
380.5,98.66904783248901,3,0.9666666666666667,0.49113699723521065,Triangle
115.0,128.911687374115,3,4.333333333333333,0.08696071826296067,Triangle
672.5,99.84061980247498,9,0.7941176470588235,0.8477886848197427,Circle
628.0,103.79898953437805,4,1.0714285714285714,0.7324588929839781,Square
371.0,88.08326065540314,4,0.8064516129032258,0.6008928104329262,Square
1785.0,224.93607330322266,4,0.7108433734939759,0.44333280188871704,Rectangle
720.5,116.87005722522736,4,0.9393939393939394,0.6628836934947228,Square
938.0,132.28427076339722,4,0.9166666666666666,0.6735910177913967,Square
649.0,107.79898953437805,4,1.1481481481481481,0.701819096018521,Square
647.0,125.88224959373474,3,0.625,0.5130800800767562,Triangle
869.5,128.18376553058624,4,1.0,0.6649873744350725,Square
1182.0,147.11269783973694,4,0.7727272727272727,0.6863205782991751,Rectangle
385.5,99.8406195640564,4,0.9666666666666667,0.4859814714630631,Square
345.0,94.42640614509583,4,1.1111111111111112,0.48623032076799655,Square
122.5,142.81118214130402,3,4.833333333333333,0.07547819824847453,Triangle
668.5,99.8406194448471,8,0.7941176470588235,0.8427460815794167,Circle
640.5,104.38477599620819,4,1.0714285714285714,0.73867716027011,Square
710.5,114.87005722522736,4,0.8484848484848485,0.6766440565382312,Square
1432.5,165.69848430156708,4,0.7755102040816326,0.6556429913164844,Rectangle
370.5,91.49747359752655,4,0.8387096774193549,0.5561345430049015,Square
624.0,108.7695517539978,4,1.032258064516129,0.6627958433707142,Square
251.5,88.66904640197754,4,0.5,0.401979381597124,Rectangle
650.5,106.38477599620819,4,1.1481481481481481,0.7222677074050734,Square
340.0,98.91168701648712,4,0.7222222222222222,0.4367104283918288,Rectangle
867.0,127.94112491607666,4,1.0,0.6655928250048593,Square
1190.5,144.87005722522736,4,0.7555555555555555,0.7128234861440097,Rectangle
757.0,117.79898953437805,4,1.032258064516129,0.6855239200064418,Square
571.5,120.81118202209473,3,0.6086956521739131,0.492052940790755,Triangle
374.5,83.21320307254791,4,1.0434782608695652,0.6796373022867078,Square
391.5,99.8406195640564,4,0.9354838709677419,0.49354538541579557,Square
358.0,95.25483322143555,3,1.0714285714285714,0.4958140721676416,Triangle
403.0,97.39696764945984,3,0.6216216216216216,0.5338558899306487,Triangle
672.0,100.42640614509583,8,0.7941176470588235,0.837304247704132,Circle
638.5,104.38477599620819,4,1.0714285714285714,0.7363705961474867,Square
954.5,117.49747359752655,8,0.8205128205128205,0.8688178590858225,Circle
203.0,70.76955223083496,4,0.9565217391304348,0.5093461248953274,Square
711.5,114.87005722522736,4,0.8484848484848485,0.6775964056677714,Square
1433.5,164.5269112586975,4,0.7755102040816326,0.665477953171028,Rectangle
365.5,89.8406194448471,4,0.8064516129032258,0.5690517587336872,Square
1744.5,226.35028672218323,3,0.7228915662650602,0.42787680072624973,Triangle
1246.5,137.63960897922516,8,0.7142857142857143,0.8268282117627578,Circle
625.0,108.7695517539978,4,1.032258064516129,0.6638580161966288,Square
246.5,87.01219248771667,4,0.5142857142857142,0.4091349344398953,Rectangle
657.5,107.21320307254791,4,1.1481481481481481,0.7188016726553292,Square
641.0,125.88224995136261,3,0.625,0.5083219929837695,Triangle
343.0,98.91168713569641,4,0.7222222222222222,0.44056375463922537,Rectangle
868.5,127.69848430156708,4,1.0,0.6692805464188465,Square
477.0,109.74011421203613,4,0.8888888888888888,0.4977341365284935,Square
2626.0,199.3380936384201,8,0.6575342465753424,0.8304700689104965,Circle
1190.0,144.62741661071777,4,0.7333333333333333,0.714916907260125,Rectangle
769.5,118.04163014888763,4,1.0,0.6939818163871164,Square
571.0,119.39696872234344,3,0.6086956521739131,0.5033375957613826,Triangle
380.0,83.4558436870575,4,1.0434782608695652,0.6856144413974202,Square
881.5,126.04163014888763,4,1.0625,0.6972751018029106,Square
399.5,101.49747407436371,3,0.9666666666666667,0.4873221808890257,Triangle
367.0,95.59797894954681,3,1.0714285714285714,0.504636322173759,Triangle
668.5,99.8406194448471,8,0.7941176470588235,0.8427460815794167,Circle
644.5,105.21320307254791,4,1.0714285714285714,0.7316313409323325,Square
956.0,119.740114569664,8,0.8461538461538461,0.8378927209843986,Circle
204.0,72.76955199241638,4,1.0,0.48410618255057253,Square
714.5,114.87005722522736,4,0.8484848484848485,0.6804534530563916,Square
297.5,89.0121922492981,4,0.8928571428571429,0.47184335103871144,Square
1433.5,165.6984841823578,4,0.7755102040816326,0.6561006837029827,Rectangle
367.5,89.49747371673584,4,0.8387096774193549,0.5765615206678036,Square
1746.5,228.35028672218323,4,0.7317073170731707,0.4208965166079111,Rectangle
733.0,116.62741661071777,4,0.9393939393939394,0.6771931042837697,Square
1244.0,137.3969682455063,8,0.6938775510204082,0.8280869579113249,Circle
625.0,107.94112467765808,4,1.0,0.6740870807376244,Square
660.5,107.21320307254791,4,1.1481481481481481,0.7220813761047071,Square
640.5,125.29646289348602,4,0.625,0.5126859028387226,Rectangle
869.5,128.5269113779068,4,0.972972972972973,0.6614412992708717,Square
474.5,112.81118154525757,4,0.8918918918918919,0.4685347263532809,Square
2622.0,198.16652035713196,8,0.6575342465753424,0.8390386834180747,Circle
1188.5,144.04163014888763,4,0.7333333333333333,0.7198350587157215,Rectangle
768.0,117.4558436870575,4,1.0,0.6995549380200347,Square
380.0,82.62741661071777,4,1.0434782608695652,0.6994313776637464,Square
881.0,125.79898953437805,4,1.03125,0.6995704669473043,Square
395.0,99.59797942638397,3,0.9666666666666667,0.5003868683040306,Triangle
1337.5,141.2964632511139,8,0.7916666666666666,0.8418623205676523,Circle
1183.0,142.28427076339722,4,0.7555555555555555,0.7343123356026618,Rectangle
367.5,95.84061968326569,3,1.0714285714285714,0.502768408849204,Triangle
151.5,53.55634891986847,4,1.0,0.6637439449167761,Square
671.5,99.01219236850739,8,0.8181818181818182,0.8607529645296544,Circle
637.0,105.79898953437805,4,1.0344827586206897,0.7151320737706154,Square
1282.0,137.39696884155273,8,0.8043478260869565,0.8533822112793631,Circle
1432.5,166.5269112586975,4,0.7755102040816326,0.6491359192138425,Rectangle
123.5,185.17871367931366,4,0.7454545454545455,0.04525793096262902,Rectangle
743.5,118.87005722522736,4,0.9117647058823529,0.661219866118285,Square
626.5,108.52691125869751,4,1.0,0.6684301849878065,Square
659.5,107.21320307254791,4,1.1481481481481481,0.7209881416215812,Square
862.5,126.5269113779068,4,1.0,0.6770225813934612,Square
489.5,112.32590186595917,4,0.9166666666666666,0.487531556644837,Square
1186.5,144.04163014888763,4,0.7333333333333333,0.7186237250031162,Rectangle
763.5,118.04163014888763,4,0.96875,0.688570652126788,Square
373.0,80.14213538169861,4,1.0454545454545454,0.7297882653512565,Square
882.5,125.21320307254791,4,1.0625,0.707333663190654,Square
393.5,99.35533833503723,3,0.9666666666666667,0.5009244009921441,Triangle
1186.0,142.28427076339722,4,0.7555555555555555,0.7361744970623474,Rectangle
374.5,95.8406195640564,4,1.1481481481481481,0.5123449512446797,Square
651.5,105.21320307254791,4,1.0344827586206897,0.7395776859851274,Square
717.5,115.69848430156708,4,0.8484848484848485,0.6735602203261906,Square
1431.5,163.69848430156708,4,0.7551020408163265,0.6712926619779528,Rectangle
746.5,121.35533845424652,4,0.9411764705882353,0.636974291540065,Square
632.0,108.76955187320709,4,1.032258064516129,0.6712932245065827,Square
667.0,107.79898953437805,4,1.1481481481481481,0.7212840324258143,Square
868.0,127.11269783973694,4,0.9722222222222222,0.6750745205210287,Square
490.0,114.56854128837585,4,0.9444444444444444,0.4691105249320636,Square
1190.5,144.87005722522736,4,0.7555555555555555,0.7128234861440097,Rectangle
775.0,117.79898953437805,4,1.0,0.7018243566776651,Square
374.5,80.72792184352875,4,1.0454545454545454,0.7221279266162816,Square
886.5,128.5269113779068,4,1.0625,0.6743734465826657,Square
406.0,102.42640602588654,3,0.967741935483871,0.486308688666332,Triangle
500.5,95.21320307254791,4,1.125,0.6937765155000554,Square
1183.0,143.11269783973694,4,0.7391304347826086,0.7258356099560535,Rectangle
379.5,98.66904675960541,3,1.1071428571428572,0.48984624048391884,Triangle
154.0,54.14213538169861,4,1.0,0.6601761397676544,Square
644.5,106.04163014888763,4,1.0689655172413792,0.7202445735393694,Square
732.0,116.28427076339722,4,0.8787878787878788,0.6802663640691888,Square
1243.5,136.8111822605133,8,0.782608695652174,0.8348577091770083,Circle
1438.0,167.11269783973694,4,0.7755102040816326,0.6470678902768806,Rectangle
104.0,134.1665209531784,4,0.7073170731707317,0.07260305354824911,Rectangle
753.0,118.62741661071777,4,0.9117647058823529,0.672410822413163,Square
631.0,110.76955199241638,4,1.032258064516129,0.6462468285994453,Square
956.0,130.62741661071777,4,0.8918918918918919,0.7040428305583137,Square
675.0,109.4558436870575,4,1.1851851851851851,0.7080040322651874,Square
870.5,127.69848430156708,4,1.0,0.6708217796863626,Square
510.0,114.56854116916656,3,0.9444444444444444,0.4882578943127085,Triangle
1190.0,146.76955199241638,4,0.7555555555555555,0.6942004458747838,Rectangle
775.5,120.04163014888763,4,1.032258064516129,0.6762821073219095,Square
887.0,128.28427076339722,4,1.09375,0.6773087158743768,Square
416.5,105.154327750206,3,1.032258064516129,0.4733371234630748,Triangle
516.0,96.62741661071777,4,1.12,0.6944785372577702,Square
1189.5,145.35533845424652,4,0.7391304347826086,0.7074770186319564,Rectangle
157.0,52.485281229019165,4,1.0714285714285714,0.7162002350857251,Square
638.5,98.66904652118683,8,0.8181818181818182,0.8241550093820502,Circle
651.5,107.69848430156708,4,1.0333333333333334,0.7058381070459291,Square
1231.0,135.39696836471558,8,0.7608695652173914,0.8438204306900206,Circle
1432.5,165.35533845424652,4,0.7755102040816326,0.6583669990524015,Rectangle
753.5,118.04163014888763,4,0.9117647058823529,0.6795520450262408,Square
632.5,110.18376553058624,4,1.032258064516129,0.6546891948167345,Square
677.5,110.04163014888763,4,1.2222222222222223,0.7030806293767831,Square
867.5,126.5269113779068,4,1.0,0.6809473499812495,Square
517.0,117.39696848392487,3,0.9722222222222222,0.47139681337636485,Triangle
1190.0,145.11269783973694,4,0.7555555555555555,0.7101432981294837,Rectangle
790.0,119.4558436870575,4,1.064516129032258,0.6957002435646602,Square
368.5,81.21320307254791,4,1.0,0.7020920851497278,Square
894.0,129.11269783973694,4,1.0303030303030303,0.6739217470361563,Square
417.5,103.84061992168427,3,1.0,0.48655484273333477,Triangle
1183.5,142.5269113779068,4,0.7391304347826086,0.7321235527287092,Rectangle
641.0,98.08326005935669,8,0.8181818181818182,0.8372942501420595,Circle
654.0,108.28427076339722,4,1.0689655172413792,0.7009012912468279,Square
739.0,116.62741661071777,4,0.8787878787878788,0.6827362947690394,Square
1229.0,134.56854128837585,8,0.7608695652173914,0.8528539347496403,Circle
1444.5,165.69848430156708,4,0.7755102040816326,0.6611352886259417,Rectangle
757.0,118.62741661071777,4,0.9393939393939394,0.6759827258522767,Square
734.5,305.6639940738678,4,0.27927927927927926,0.0987900253282279,Rectangle
571.0,121.39696824550629,4,0.5957446808510638,0.48688936735149785,Rectangle
681.5,110.04163014888763,4,1.1785714285714286,0.7072316589229191,Square
868.5,126.5269113779068,4,1.0,0.6817323036988071,Square
516.0,116.56854164600372,4,0.9722222222222222,0.47719604908106444,Square
2499.5,194.7523066997528,8,0.6527777777777778,0.8281286018876198,Circle
1190.5,144.87005710601807,4,0.717391304347826,0.7128234873171324,Rectangle
782.5,121.69848430156708,4,1.0,0.6639324134349605,Square
375.0,81.79898953437805,4,0.9583333333333334,0.7042798353814114,Square
903.0,127.4558436870575,4,1.0303030303030303,0.6985188174862669,Square
412.5,103.49747383594513,3,1.0,0.48392083131562247,Triangle
520.5,94.38477599620819,4,1.08,0.7342208259556229,Square
1189.0,143.94112491607666,4,0.717391304347826,0.7211438992175321,Rectangle
345.5,91.49747478961945,4,0.6,0.5186085819201319,Rectangle
641.5,97.01219236850739,8,0.7878787878787878,0.8565523011934344,Circle
688.5,107.21320307254791,4,1.0,0.7526919416322345,Square
976.0,119.740114569664,8,0.7380952380952381,0.8554218574066664,Circle
1226.0,133.74011397361755,8,0.7777777777777778,0.861344641470841,Circle
419.0,79.94112467765808,8,0.6333333333333333,0.8239168391544855,Circle
1456.5,170.6690467596054,4,0.7755102040816326,0.6283633224351015,Rectangle
324.0,85.25483310222626,4,0.8,0.5601661443512475,Square
1502.5,213.03657972812653,3,0.6625,0.4160216985205505,Triangle
755.0,119.4558436870575,4,0.9117647058823529,0.6648780808750866,Square
573.5,119.63960933685303,3,0.574468085106383,0.5034928571447878,Triangle
685.0,109.79898953437805,4,1.1428571428571428,0.7140091031116252,Square
873.0,127.94112491607666,4,1.0,0.6701990037246162,Square
510.0,115.74011421203613,3,0.9444444444444444,0.47842319489949026,Triangle
2501.0,195.33809316158295,8,0.6527777777777778,0.8236632096145252,Circle
1198.5,145.69848430156708,4,0.717391304347826,0.7094762056672202,Rectangle
788.0,119.79898953437805,4,1.0,0.6899693068161719,Square
373.5,81.55634891986847,4,1.0,0.7056428083353307,Square
910.0,125.79898953437805,4,1.0303030303030303,0.7225983256776923,Square
416.0,105.25483310222626,3,0.967741935483871,0.4718664510098521,Triangle
513.5,95.21320307254791,4,1.08,0.7117966847338231,Square
1279.5,137.63960886001587,8,0.75,0.8487177687789679,Circle
1203.0,143.94112491607666,4,0.7391304347826086,0.7296350805371666,Rectangle
341.5,86.66904652118683,4,0.5714285714285714,0.5713109322565115,Rectangle
644.5,99.49747347831726,8,0.8181818181818182,0.8181043085203747,Circle
661.5,110.04163014888763,4,1.0689655172413792,0.686476511192239,Square
313.0,91.59797894954681,4,0.9285714285714286,0.46879440401213995,Square
1232.5,134.8111822605133,8,0.8,0.85220672543334,Circle
1461.0,171.5979790687561,4,0.7755102040816326,0.6234989728408434,Rectangle
322.0,85.25483286380768,4,0.8,0.5567083317590901,Square
1489.5,207.86500585079193,3,0.65,0.43319916203497744,Triangle
767.0,120.28427076339722,4,0.9411764705882353,0.6661738007930346,Square
1176.0,134.22539520263672,8,0.673469387755102,0.8202529539725045,Circle
640.5,111.01219236850739,4,1.064516129032258,0.6531119632712251,Square
575.0,119.05382287502289,3,0.574468085106383,0.5097896547112512,Triangle
682.5,110.04163014888763,4,1.1428571428571428,0.708269416309453,Square
869.5,128.5269113779068,4,1.0285714285714285,0.6614412992708717,Square
506.5,115.98275482654572,4,0.9444444444444444,0.47315395420372586,Square
2512.5,197.58073377609253,8,0.6438356164383562,0.8087731901464825,Circle
1199.5,147.35533845424652,4,0.7391304347826086,0.6941900231964001,Rectangle
799.0,120.62741661071777,4,1.03125,0.690024624505595,Square
376.0,81.79898953437805,4,1.0434782608695652,0.7061579149424285,Square
910.5,128.04163014888763,4,1.0303030303030303,0.6978907221341302,Square
419.0,103.2548348903656,3,0.9375,0.49385913778080653,Triangle
1287.0,139.8822499513626,8,0.7872340425531915,0.8265386996348578,Circle
508.0,94.62741661071777,4,1.08,0.7129180472248882,Square
1206.5,145.35533845424652,4,0.7446808510638298,0.7175880815295967,Rectangle
342.5,87.49747455120087,4,0.5555555555555556,0.5621851940008489,Rectangle
658.5,109.69848430156708,4,1.0689655172413792,0.6876451580808868,Square
749.0,118.28427076339722,4,0.8787878787878788,0.6727251872396109,Square
322.5,83.84061908721924,4,0.7666666666666667,0.5765415746926492,Rectangle
1486.5,207.8650060892105,3,0.65,0.432326655178105,Triangle
767.5,121.69848430156708,4,0.9411764705882353,0.6512052745192743,Square
637.0,112.42640590667725,4,1.064516129032258,0.6333045992147278,Square
210.0,82.4264065027237,4,0.45714285714285713,0.38841538660222985,Rectangle
569.5,120.12489092350006,3,0.574468085106383,0.49594964049416845,Triangle
682.5,110.38477599620819,4,1.1071428571428572,0.7038727602294479,Square
869.0,127.11269783973694,4,1.0285714285714285,0.6758522561437489,Square
509.5,115.98275566101074,4,0.9459459459459459,0.4759564386927968,Square
1200.5,149.8406196832657,4,0.7391304347826086,0.6719127891777448,Rectangle
790.5,123.35533845424652,4,1.03125,0.652823590687276,Square
378.0,81.79898953437805,4,1.0434782608695652,0.7099140740644627,Square
892.0,128.62741661071777,4,1.09375,0.6774973860451101,Square
422.0,104.42640626430511,3,0.9375,0.4862970668966903,Triangle
1214.5,146.18376553058624,4,0.723404255319149,0.7141823185539845,Rectangle
315.5,83.84062016010284,4,0.7666666666666667,0.5640274795662602,Rectangle
1473.0,207.27922081947327,3,0.65,0.43082517788666064,Triangle
1136.5,132.81118166446686,8,0.6530612244897959,0.8096736811253334,Circle
958.5,137.35533845424652,4,0.918918918918919,0.6384264837332815,Square
203.5,83.35533821582794,4,0.45714285714285713,0.368050525014824,Rectangle
569.0,121.53910410404205,4,0.5833333333333334,0.48404982668916924,Rectangle
858.5,127.69848430156708,4,1.0285714285714285,0.6615743800812661,Square
913.0,130.28427076339722,4,1.0606060606060606,0.6759221346400746,Square
343.5,87.15432834625244,4,0.5714285714285714,0.5682751754324104,Rectangle
613.0,97.25483286380768,8,0.8125,0.8144191085308544,Circle
102.0,147.5979790687561,4,0.9230769230769231,0.058836822916970524,Square
750.5,121.35533845424652,4,0.9090909090909091,0.6403874156742382,Square
774.5,121.35533821582794,4,1.0294117647058822,0.6608661630759946,Square
316.0,83.25483274459839,4,0.7666666666666667,0.5728989698122346,Rectangle
1463.5,207.03657984733582,3,0.6375,0.4290505088737968,Triangle
205.0,84.42640614509583,4,0.45714285714285713,0.3614157875830666,Rectangle
562.0,121.0538238286972,4,0.5957446808510638,0.4819357625259104,Rectangle
856.5,126.5269113779068,4,1.0285714285714285,0.6723128590881154,Square
483.5,111.15432715415955,3,0.5681818181818182,0.4917604462319984,Triangle
438.5,105.01219248771667,3,1.0,0.4996892539270091,Triangle
499.0,93.79898953437805,4,1.125,0.7127120307597867,Square
1202.5,147.8406196832657,4,0.7391304347826086,0.6913650170915374,Rectangle
334.0,86.91168856620789,4,0.5428571428571428,0.5556482557971075,Rectangle
112.5,147.35533845424652,4,0.9,0.0651074427758191,Square
1184.0,134.22539603710175,8,0.7777777777777778,0.8258328957721137,Circle
314.0,83.25483322143555,4,0.7666666666666667,0.5692730204443662,Rectangle
1455.0,207.62236511707306,3,0.6375,0.42415499853943456,Triangle
206.0,85.25483334064484,4,0.45714285714285713,0.3561550157128017,Rectangle
558.5,118.46803712844849,3,0.5957446808510638,0.5000698325774224,Triangle
686.5,111.21320307254791,4,1.1428571428571428,0.6974895533373404,Square
857.5,127.35533845424652,4,1.0285714285714285,0.6643694961466867,Square
439.0,106.91168689727783,3,0.96875,0.4826407865872583,Triangle
1195.5,145.35533845424652,4,0.717391304347826,0.7110456290664177,Rectangle
402.0,100.08326017856598,3,1.1071428571428572,0.5043279403966676,Triangle
334.0,88.9116872549057,4,0.5714285714285714,0.5309316644633141,Rectangle
613.0,97.25483322143555,9,0.7878787878787878,0.8144191025412505,Circle
1469.0,206.79393792152405,4,0.6455696202531646,0.431674160336386,Rectangle
677.5,112.04163014888763,4,1.1428571428571428,0.6782039668255802,Square
1208.5,149.35533845424652,4,0.7608695652173914,0.6807929003910294,Rectangle
431.5,108.3259015083313,3,1.0,0.46208943600871827,Triangle
1192.5,147.01219260692596,4,0.717391304347826,0.693364403821376,Rectangle
103.0,159.48022878170013,4,0.68,0.05089010989505121,Rectangle
686.5,111.21320307254791,4,1.1428571428571428,0.6974895533373404,Square
1203.0,152.42640614509583,4,0.7608695652173914,0.6506614417025101,Rectangle
1453.5,171.01219260692596,4,0.76,0.6245550863728042,Rectangle
1199.5,152.18376541137695,4,0.782608695652174,0.650838844624103,Rectangle
740.0,121.5979790687561,4,0.8823529411764706,0.6289105346745183,Square
1450.0,168.7695518732071,4,0.7755102040816326,0.6397196217698902,Rectangle
746.5,119.69848430156708,4,0.9393939393939394,0.65473020035051,Square
959.5,137.8406196832657,4,0.918918918918919,0.6346004991063137,Square
671.0,111.4558436870575,4,1.1481481481481481,0.6787763416014687,Square
1195.0,147.11269783973694,4,0.7555555555555555,0.6938689433735316,Rectangle
781.0,120.62741661071777,4,1.064516129032258,0.6744796392226154,Square
370.0,83.4558436870575,4,1.0,0.6675719560974881,Square
158.0,53.31370830535889,4,1.0,0.6985366031508327,Square
662.5,108.04163014888763,4,1.0,0.7132035399312429,Square
724.0,115.4558436870575,4,0.8787878787878788,0.682521901113545,Square
1445.0,172.42640614509583,4,0.7959183673469388,0.610759398030048,Rectangle
746.0,119.4558436870575,4,0.9393939393939394,0.6569523818977677,Square
630.5,110.18376529216766,4,1.032258064516129,0.6526190341791724,Square
675.5,110.04163014888763,4,1.1071428571428572,0.701005114603715,Square
872.0,129.5979790687561,4,0.972972972972973,0.6524239426913806,Square
1192.0,145.94112491607666,4,0.7555555555555555,0.7032840053834194,Rectangle
774.0,119.79898953437805,4,1.064516129032258,0.6777109688778136,Square
1204.5,147.01219260692596,4,0.7391304347826086,0.7003416556837294,Rectangle
480.0,241.4213535785675,4,1.2121212121212122,0.10349032249435916,Square
656.5,108.04163014888763,4,1.0,0.7067443380601675,Square
208.0,74.76955187320709,4,0.9583333333333334,0.4675452439143233,Square
718.0,116.28427076339722,4,0.8787878787878788,0.6672558051935487,Square
1325.0,139.3969680070877,9,0.8043478260869565,0.8568781862879672,Circle
1443.5,169.35533845424652,4,0.78,0.6324538927563652,Rectangle
747.5,119.69848430156708,4,0.9117647058823529,0.6556072669283405,Square
637.5,112.18376541137695,4,1.0,0.63654634293133,Square
668.5,109.21320307254791,4,1.1071428571428572,0.7043053486310814,Square
885.5,131.01219260692596,4,0.9473684210526315,0.6482984742812599,Square
773.0,118.62741661071777,4,1.032258064516129,0.6902703396087316,Square
384.5,83.21320307254791,4,1.0434782608695652,0.6977851608257387,Square
895.5,128.87005722522736,4,1.09375,0.6775969016174759,Square
384.5,100.66904747486115,3,1.0,0.476775894300723,Triangle
422.0,224.93607223033905,3,1.1451612903225807,0.10481033287492493,Triangle
178.5,180.1248904466629,3,7.090909090909091,0.06913542311483042,Triangle
660.5,107.21320307254791,4,1.0,0.7220813761047071,Square
719.5,116.04163014888763,4,0.8484848484848485,0.6714489824959781,Square
297.0,89.25483298301697,4,0.8928571428571429,0.46849270202055665,Square
1365.0,142.22539579868317,8,0.8297872340425532,0.84798508440701,Circle
1460.5,169.01219260692596,4,0.76,0.6425032865001286,Rectangle
743.5,118.87005722522736,4,0.9117647058823529,0.661219866118285,Square
647.0,110.76955187320709,4,1.064516129032258,0.6626334374069722,Square
668.5,108.38477599620819,4,1.1071428571428572,0.7151130555803384,Square
897.0,129.94112491607666,4,0.972972972972973,0.6675888318132057,Square
466.5,111.15432858467102,4,0.8888888888888888,0.4744699943381491,Square
1206.5,145.69848430156708,4,0.7555555555555555,0.7142119667396756,Rectangle
766.5,375.86500453948975,3,0.16875,0.06818019504059995,Triangle
774.0,118.62741661071777,4,0.96875,0.6911633154685102,Square
886.5,126.87005722522736,4,1.0625,0.6921023636673903,Square
379.0,99.25483334064484,4,0.9354838709677419,0.48344352183689343,Square
521.5,98.87005722522736,4,1.08,0.6704009263736884,Square
370.5,97.84061968326569,3,1.1071428571428572,0.4863620574351145,Triangle
133.5,150.66904664039612,3,6.8,0.07389976360811387,Triangle
656.5,107.21320307254791,4,1.0344827586206897,0.7177084381722032,Square
719.5,115.21320307254791,4,0.8484848484848485,0.6811396484160592,Square
1418.0,147.05382251739502,8,0.851063829787234,0.8240118528751786,Circle
1474.5,168.18376553058624,4,0.78,0.6550681697224069,Rectangle
103.5,136.40915966033936,4,1.1219512195121952,0.06989774207337705,Square
745.5,118.87005722522736,4,0.9117647058823529,0.6629985342181324,Square
665.5,108.38477599620819,4,1.1071428571428572,0.7119038720848395,Square
464.0,109.74011492729187,4,0.8888888888888888,0.48416904892809687,Square
911.0,132.76955199241638,4,0.9473684210526315,0.649428377039483,Square
1225.5,148.5269113779068,4,0.7391304347826086,0.6980923513056688,Rectangle
568.0,289.3380935192108,3,0.15873015873015872,0.08526032203709494,Triangle
778.5,118.38477599620819,4,1.0,0.6980343063732168,Square
886.0,124.97056245803833,4,1.0,0.7128992157882084,Square
386.0,98.42640626430511,3,0.9666666666666667,0.5006957577255969,Triangle
1235.0,145.94112491607666,4,0.723404255319149,0.728654149872922,Rectangle
370.0,96.42640614509583,3,1.0714285714285714,0.5000571330741875,Triangle
769.0,106.91168773174286,8,0.8055555555555556,0.8454459204824696,Circle
668.5,110.04163014888763,4,1.0333333333333334,0.693740812897977,Square
1441.5,147.29646348953247,8,0.8163265306122449,0.8349104006331382,Circle
1476.0,167.94112491607666,4,0.76,0.6576307404023343,Rectangle
156.0,182.10764527320862,3,1.1428571428571428,0.05911233363823045,Triangle
671.0,108.62741661071777,4,1.1071428571428572,0.714584319060362,Square
467.5,111.15432798862457,4,0.8648648648648649,0.47548708409854934,Square
924.0,130.76955199241638,4,0.9473684210526315,0.6789981069843964,Square
778.0,119.4558436870575,4,1.0,0.685132644928235,Square
384.0,222.3675309419632,3,0.15306122448979592,0.09758843212006402,Triangle
897.0,125.79898953437805,4,1.0,0.7122754924537252,Square
387.0,99.25483298301697,3,0.9666666666666667,0.4936481379923886,Triangle
1232.5,144.5269113779068,4,0.7391304347826086,0.7414798418897022,Rectangle
366.0,97.25483322143555,3,1.1071428571428572,0.48626001880929476,Triangle
792.0,108.08326005935669,8,0.8333333333333334,0.8519579784873156,Circle
729.0,117.11269783973694,4,0.8235294117647058,0.6679276483258564,Square
1466.0,147.05382215976715,8,0.8333333333333334,0.8519050650145381,Circle
1517.0,170.7695518732071,4,0.7647058823529411,0.6536941031283527,Rectangle
674.5,109.21320307254791,4,1.1071428571428572,0.7106267130167008,Square
472.0,112.22539627552032,4,0.8648648648648649,0.47094432451375656,Square
934.0,131.94112491607666,4,0.9473684210526315,0.6742118403569688,Square
1237.5,149.69848430156708,4,0.7608695652173914,0.6939373533316068,Rectangle
781.5,118.38477599620819,4,1.032258064516129,0.7007242266289904,Square
235.5,148.18376553058624,4,0.14705882352941177,0.13477195317643098,Rectangle
392.0,84.62741661071777,4,1.0434782608695652,0.6878183594805021,Square
891.5,126.38477599620819,4,1.03125,0.7013611174023275,Square
387.5,99.84061920642853,3,0.9666666666666667,0.4885027796135958,Triangle
1242.5,144.87005722522736,4,0.7391304347826086,0.7439589933086367,Rectangle
372.5,97.84061968326569,3,1.1071428571428572,0.4889874936425915,Triangle
795.5,109.49747359752655,8,0.8611111111111112,0.8337615248859037,Circle
1127.0,131.39696872234344,8,0.8571428571428571,0.8202818220104976,Circle
657.0,111.94112491607666,4,1.0333333333333334,0.658864183918414,Square
1496.0,147.88225030899048,8,0.8163265306122449,0.8596256315522514,Circle
1540.0,168.28427076339722,4,0.78,0.6833505284502789,Rectangle
179.0,186.93607211112976,3,1.1403508771929824,0.06436898615796877,Triangle
771.0,120.28427076339722,4,0.9411764705882353,0.6696479796759187,Square
673.0,113.59797894954681,4,1.03125,0.6553657162332608,Square
675.0,110.28427076339722,4,1.1428571428571428,0.6974072939220322,Square
475.5,111.98275470733643,4,0.8648648648648649,0.47649471927429715,Square
936.5,132.5269113779068,4,0.9230769230769231,0.6700535193027338,Square
1251.5,150.5269112586975,4,0.723404255319149,0.6940846143123673,Rectangle
778.0,116.97056245803833,4,1.032258064516129,0.7145560563847282,Square
105.0,92.14213538169861,4,0.13636363636363635,0.15541130869688655,Rectangle
406.0,83.79898953437805,4,1.0434782608695652,0.7265379997311742,Square
899.0,128.62741661071777,4,1.0303030303030303,0.6828140695678856,Square
390.0,99.25483393669128,3,0.9666666666666667,0.49747485818445103,Triangle
1253.5,147.35533845424652,4,0.7291666666666666,0.7254415957287933,Rectangle
378.5,95.84061968326569,3,1.1071428571428572,0.5178172591821053,Triangle
802.0,108.91168701648712,8,0.8333333333333334,0.8496406096281542,Circle
1146.0,131.39696836471558,8,0.8571428571428571,0.8341108900986051,Circle
674.5,108.04163014888763,4,1.0,0.7261219436733937,Square
202.5,70.52691149711609,4,1.0,0.5115936675085423,Square
1513.5,149.2964631319046,8,0.8367346938775511,0.8532833093476969,Circle
1557.0,175.25483298301697,4,0.7647058823529411,0.6370279240459584,Rectangle
775.5,122.5269113779068,4,0.9411764705882353,0.6491255356926202,Square
1520.0,151.5391035079956,8,0.7547169811320755,0.8317714791196449,Circle
675.0,113.94112479686737,4,1.03125,0.6533601346556223,Square
674.5,110.04163014888763,4,1.1071428571428572,0.6999673572171811,Square
481.0,110.91168713569641,3,0.8888888888888888,0.491360586120936,Triangle
953.5,133.35533845424652,4,0.9487179487179487,0.6737670206963065,Square
3057.5,215.37972366809845,8,0.7012987012987013,0.8282600206656033,Circle
1270.0,150.28427076339722,4,0.7391304347826086,0.7066209810034669,Rectangle
774.5,119.21320307254791,4,1.032258064516129,0.6848296770832448,Square
408.0,84.97056245803833,4,1.0,0.7101221201023178,Square
904.5,129.69848430156708,4,1.0303030303030303,0.6756917768446189,Square
395.5,99.84062039852142,3,0.9666666666666667,0.49858798638324914,Triangle
541.0,96.97056245803833,4,1.0384615384615385,0.7229816919768867,Square
1270.0,148.76955199241638,4,0.7446808510638298,0.7210833615115946,Rectangle
374.0,95.5979790687561,4,1.0714285714285714,0.5142615368454736,Square
169.5,55.55634891986847,4,0.9375,0.6901002312263934,Square
805.0,108.91168749332428,8,0.8108108108108109,0.8528188089297141,Circle
1156.0,130.56854128837585,8,0.8372093023255814,0.8521000557131191,Circle
675.0,109.4558436870575,4,1.0,0.7080040322651874,Square
1278.0,137.05382239818573,8,0.8043478260869565,0.8549848376987759,Circle
1519.0,148.22539591789246,8,0.8163265306122449,0.8688051763844457,Circle
1564.5,173.35533845424652,4,0.7647058823529411,0.6542006797243929,Rectangle
451.0,98.91168677806854,4,0.8787878787878788,0.5792835416300282,Square
774.0,122.28427076339722,4,0.9411764705882353,0.6504435758427437,Square
1540.0,151.53910338878632,8,0.7547169811320755,0.8427158420128651,Circle
678.0,113.94112479686737,4,1.03125,0.6562639574763138,Square
678.5,108.38477599620819,4,1.1851851851851851,0.7258103338986682,Square
478.5,112.32590091228485,4,0.9166666666666666,0.4765757994194651,Square
959.5,134.18376553058624,4,0.9487179487179487,0.669660823994626,Square
782.0,121.11269783973694,4,1.032258064516129,0.66994208478969,Square
408.0,85.79898953437805,4,1.0,0.6964752386558909,Square
398.0,99.25483429431915,3,0.9354838709677419,0.5076794670015613,Triangle
1284.5,149.35533845424652,4,0.7446808510638298,0.7236065209369278,Rectangle
490.0,108.22539639472961,3,0.5853658536585366,0.5257116166295916,Triangle
806.5,109.49747371673584,9,0.8611111111111112,0.8452905950425428,Circle
1158.0,129.74011433124542,8,0.8571428571428571,0.8645097005439223,Circle
678.0,108.62741661071777,4,0.967741935483871,0.722038998990947,Square
201.5,71.35533857345581,4,0.9565217391304348,0.49731547358302036,Square
1294.0,137.05382227897644,8,0.7872340425531915,0.8656888747314718,Circle
1520.5,149.63960933685303,8,0.8163265306122449,0.853302773183845,Circle
570.0,92.42640614509583,8,0.696969696969697,0.8384797658090204,Circle
1565.5,172.5269113779068,4,0.7647058823529411,0.6609205276473445,Rectangle
454.5,100.32590115070343,3,0.8529411764705882,0.567436950483964,Triangle
774.5,120.04163014888763,4,0.9117647058823529,0.6754100478669489,Square
1553.0,151.5391036272049,8,0.7547169811320755,0.8498296743687461,Circle
684.0,113.94112479686737,4,1.03125,0.6620716031176972,Square
999.5,135.69848430156708,4,0.9210526315789473,0.6820915492659886,Square
688.5,110.04163014888763,4,1.1428571428571428,0.7144959606286571,Square
788.0,141.53910398483276,4,0.6415094339622641,0.4942915629579653,Rectangle
964.0,134.76955199241638,4,0.9487179487179487,0.6669654366698652,Square
3118.5,214.89444279670715,8,0.7142857142857143,0.8486043291361883,Circle
1273.5,150.04163014888763,4,0.7391304347826086,0.7108619448370116,Rectangle
793.5,120.38477599620819,4,1.032258064516129,0.6880399523934376,Square
903.5,126.38477599620819,4,1.0,0.7108017605978721,Square
402.5,99.84062135219574,4,0.9354838709677419,0.5074125428203503,Square
553.0,96.97056245803833,4,1.1666666666666667,0.7390182544606624,Square
1281.5,147.69848430156708,4,0.7446808510638298,0.7382040056348698,Rectangle
373.5,95.84061968326569,3,1.0344827586206897,0.5109768726671502,Triangle
496.0,106.56854212284088,3,0.625,0.5488245011619383,Triangle
811.5,110.32590091228485,8,0.8108108108108109,0.8378059167142797,Circle
1165.0,129.74011421203613,8,0.8571428571428571,0.869735581161035,Circle
680.5,109.21320307254791,4,1.0,0.7169480774023201,Square
1287.0,138.71067678928375,8,0.8085106382978723,0.8405598262613284,Circle
1528.0,149.88224959373474,9,0.82,0.8547376070138453,Circle
1573.0,175.25483322143555,4,0.75,0.6435741308913983,Rectangle
459.5,101.15432786941528,3,0.8823529411764706,0.564321299386193,Triangle
778.5,120.87005722522736,4,0.9117647058823529,0.6696240226113787,Square
1550.5,152.12489104270935,8,0.7547169811320755,0.8419398665960303,Circle
688.5,114.18376541137695,4,1.0,0.6635980291845928,Square
803.5,142.61017107963562,4,0.660377358490566,0.49647198075466803,Rectangle
481.0,111.74011468887329,4,0.8648648648648649,0.4841018193817368,Square
969.0,134.76955199241638,4,0.9487179487179487,0.6704248009679454,Square
3137.5,216.0660150051117,8,0.7012987012987013,0.8445408757313146,Circle
1270.5,151.69848430156708,4,0.7608695652173914,0.6937804381734278,Rectangle
785.0,120.62741661071777,4,1.0,0.677934080396611,Square
415.0,85.79898953437805,4,1.0416666666666667,0.7084245687308695,Square
917.0,130.28427076339722,4,1.0,0.6788834583405787,Square
401.0,99.2548348903656,4,0.9354838709677419,0.5115061905089192,Square
561.0,96.14213538169861,4,1.1666666666666667,0.7626849868021007,Square
1285.0,149.94112491607666,4,0.7446808510638298,0.7182430994066467,Rectangle
373.5,95.84061968326569,3,1.0344827586206897,0.5109768726671502,Triangle
490.5,107.98275578022003,3,0.625,0.5286157056996346,Triangle
818.5,110.32590079307556,8,0.8378378378378378,0.8450328334104226,Circle
1163.0,130.56854164600372,9,0.8372093023255814,0.8572598264409097,Circle
670.0,111.11269783973694,4,1.0,0.6819574556367015,Square
210.0,71.59797894954681,4,1.0,0.514787072367669,Square
805.5,150.61017215251923,4,0.6666666666666666,0.4462382552821356,Rectangle
1289.5,135.6396096944809,8,0.8043478260869565,0.8807611455793575,Circle
745.5,118.87005722522736,4,0.8529411764705882,0.6629985342181324,Square
1531.5,150.4680359363556,8,0.82,0.8500380392742816,Circle
575.5,93.8406194448471,8,0.6764705882352942,0.8212463647599803,Circle
1559.5,175.8406194448471,4,0.75,0.6338067106422464,Rectangle
466.0,100.91168689727783,3,0.8529411764705882,0.5750595874090726,Triangle
770.5,120.04163014888763,4,0.9411764705882353,0.6719218100471067,Square
1558.5,152.12489020824432,8,0.7547169811320755,0.8462839706451981,Circle
692.0,114.76955187320709,4,1.0,0.660180339475873,Square
689.5,110.04163014888763,4,1.1428571428571428,0.715533718015191,Square
803.0,143.19595897197723,4,0.660377358490566,0.4921119201391649,Rectangle
484.0,111.74011433124542,3,0.8648648648648649,0.48712116856666104,Triangle
968.5,134.18376553058624,4,0.9487179487179487,0.6759421657517407,Square
3144.5,216.06601440906525,8,0.7142857142857143,0.8464251150244095,Circle
1278.5,151.35533845424652,4,0.7608695652173914,0.701318199643627,Rectangle
791.0,119.79898953437805,4,1.032258064516129,0.6925960935172487,Square
416.0,85.79898953437805,4,1.0,0.7101316158844379,Square
400.0,99.25483334064484,4,0.9354838709677419,0.5102306299070116,Square
562.5,97.55634891986847,4,1.2083333333333333,0.7427134934598374,Square
1273.0,147.11269783973694,4,0.723404255319149,0.73915913381967,Rectangle
375.5,94.18376553058624,3,1.1111111111111112,0.531946193705248,Triangle
813.0,108.08326005935669,9,0.8333333333333334,0.8745477733714487,Circle
1166.0,129.74011421203613,8,0.8571428571428571,0.8704821353079543,Circle
677.5,109.21320307254791,4,1.0,0.7137873952095104,Square
751.5,117.69848430156708,4,0.8529411764705882,0.6817059878695245,Square
1530.0,149.0538228750229,8,0.8,0.8653963449144001,Circle
578.0,93.59797883033752,8,0.6764705882352942,0.8290958879948797,Circle
1555.0,171.11269783973694,4,0.7647058823529411,0.6673839839348688,Rectangle
467.5,101.154327750206,3,0.8823529411764706,0.5741462635143936,Triangle
762.5,122.5269113779068,4,0.9117647058823529,0.6382439986661803,Square
1558.5,152.12489068508148,8,0.7547169811320755,0.846283965339825,Circle
696.0,114.76955199241638,4,1.0,0.6639964094229582,Square
692.5,110.04163014888763,4,1.1428571428571428,0.7186469901747929,Square
810.5,143.43859922885895,3,0.6415094339622641,0.4950291945596171,Triangle
483.0,111.74011397361755,3,0.8378378378378378,0.48611472298292724,Triangle
961.5,134.18376553058624,4,0.9487179487179487,0.6710566777184291,Square
3131.0,215.82337415218353,8,0.7012987012987013,0.8446873217486801,Circle
1273.5,151.69848430156708,4,0.7608695652173914,0.6954186446390086,Rectangle
790.0,118.97056245803833,4,1.032258064516129,0.7013873449587015,Square
417.0,87.4558436870575,4,1.0416666666666667,0.6851225332534182,Square
799.5,109.84061980247498,7,0.6097560975609756,0.8327264940583413,Circle
399.5,99.84062016010284,3,0.9666666666666667,0.5036305980061102,Triangle
558.0,97.79898953437805,4,1.1666666666666667,0.7331204391474161,Square
1287.0,147.94112491607666,4,0.7446808510638298,0.7389423843403288,Rectangle
1588.0,152.71067643165588,8,0.8235294117647058,0.8557000559528867,Circle
377.0,97.25483322143555,4,1.1071428571428572,0.5008743909593009,Square
816.5,109.49747347831726,8,0.8611111111111112,0.855771573289294,Circle
1156.5,129.9827550649643,8,0.8571428571428571,0.8601694726057948,Circle
675.0,109.4558436870575,4,1.0689655172413792,0.7080040322651874,Square
748.5,121.35533845424652,4,0.8823529411764706,0.6386808536071515,Square
1534.0,150.71067702770233,8,0.82,0.8486862813427185,Circle
571.0,93.25483322143555,8,0.6764705882352942,0.8250937033145324,Circle
1555.0,171.11269783973694,4,0.7647058823529411,0.6673839839348688,Rectangle
472.0,101.74011433124542,3,0.8823529411764706,0.5730168857085655,Triangle
1562.5,152.95331704616547,8,0.7547169811320755,0.8392900807869614,Circle
304.5,98.32590091228485,4,0.5384615384615384,0.3957867876995134,Rectangle
810.0,142.36753261089325,4,0.660377358490566,0.5021956728561237,Rectangle
960.0,135.5979790687561,4,1.0,0.6561069878417389,Square
423.5,113.154327750206,4,0.7692307692307693,0.4156434500579088,Rectangle
360.0,99.25483322143555,4,0.5789473684210527,0.45920756801936624,Rectangle
3105.0,214.65180146694183,8,0.6883116883116883,0.8468420079369752,Circle
1274.0,151.11269783973694,4,0.7608695652173914,0.7010958133048586,Rectangle
419.0,87.4558436870575,4,1.0416666666666667,0.6884084926455208,Square
918.0,129.79898953437805,4,1.09375,0.684715126247035,Square
1281.5,150.18376553058624,4,0.7659574468085106,0.713974163522775,Rectangle
499.5,106.81118261814117,4,0.625,0.5501890077384197,Rectangle
814.0,108.9116872549057,8,0.8611111111111112,0.862353432929329,Circle
1138.5,129.15432786941528,8,0.8571428571428571,0.8576793851526048,Circle
1525.0,149.88224971294403,8,0.82,0.853059455904888,Circle
570.5,92.18376541137695,8,0.696969696969697,0.8436389556525499,Circle
1603.0,175.5979790687561,4,0.7843137254901961,0.6532875167876256,Rectangle
465.0,101.74011409282684,3,0.8823529411764706,0.5645187565747845,Triangle
1548.5,151.2964631319046,8,0.7692307692307693,0.8500872891851008,Circle
666.0,110.62741661071777,4,1.1428571428571428,0.6838463789198914,Square
811.0,141.53910529613495,4,0.6415094339622641,0.5087188453440441,Rectangle
947.0,135.5979790687561,4,1.0,0.6472222057147154,Square
433.0,113.39696860313416,4,0.775,0.4231505119079802,Rectangle
363.0,102.91168785095215,4,0.5897435897435898,0.4307121141513902,Rectangle
3102.5,216.06601524353027,8,0.7012987012987013,0.835119700772557,Circle
1271.0,152.76955199241638,4,0.7608695652173914,0.684355567115509,Rectangle
417.5,87.21320307254791,4,1.0869565217391304,0.6897661372164817,Square
721.0,134.7106763124466,3,0.66,0.4992764662093227,Triangle
1591.5,153.29646348953247,8,0.8235294117647058,0.8510444329799494,Circle
494.5,105.15432822704315,4,0.625,0.561981285545467,Rectangle
803.5,107.497474193573,8,0.8333333333333334,0.873774216094087,Circle
1133.0,131.0538228750229,8,0.8372093023255814,0.8289730006724443,Circle
662.0,111.94112491607666,4,1.0333333333333334,0.6638783710106393,Square
1524.0,150.71067655086517,8,0.82,0.8431537815845689,Circle
562.5,91.35533833503723,8,0.6666666666666666,0.8469631788518488,Circle
460.5,100.32590079307556,3,0.8529411764705882,0.5749278714208826,Triangle
1553.5,152.12489020824432,8,0.7547169811320755,0.8435689113874336,Circle
661.5,110.87005722522736,4,1.1428571428571428,0.6762560588777387,Square
307.0,100.08326017856598,4,0.5,0.38514596443228094,Rectangle
808.5,141.2964631319046,4,0.6415094339622641,0.5088939718336031,Rectangle
948.0,132.76955199241638,4,0.9487179487179487,0.6758047216612841,Square
433.0,114.56854176521301,4,0.775,0.4145405216423715,Rectangle
3081.5,214.06601440906525,8,0.6883116883116883,0.8450386824488808,Circle
1256.0,151.11269783973694,4,0.7608695652173914,0.6911902209661714,Rectangle
764.5,122.52691125869751,4,1.064516129032258,0.6399180825308152,Square
789.0,109.59797894954681,8,0.625,0.8254329021511174,Circle
722.0,133.88224959373474,3,0.66,0.5061754287414597,Triangle
161.5,54.72792184352875,4,1.0666666666666667,0.6775860812493496,Square
488.0,106.56854152679443,4,0.625,0.5399724991189007,Rectangle
802.0,108.91168713569641,8,0.8333333333333334,0.8496406077682059,Circle
1137.0,129.39696884155273,8,0.8571428571428571,0.853340037783465,Circle
658.5,107.21320307254791,4,1.0,0.7198949071384553,Square
1281.5,137.29646360874176,8,0.7872340425531915,0.8542987527744705,Circle
1511.0,149.05382299423218,8,0.8367346938775511,0.8546495915516789,Circle
564.0,92.42640614509583,9,0.6764705882352942,0.8296536630110306,Circle
459.5,101.15432798862457,3,0.8823529411764706,0.5643212980560999,Triangle
735.5,118.87005722522736,4,0.9696969696969697,0.6541051937188953,Square
1550.5,152.1248905658722,8,0.7547169811320755,0.84193987187417,Circle
684.0,114.76955199241638,4,1.03125,0.65254819546739,Square
668.5,110.04163014888763,4,1.1071428571428572,0.693740812897977,Square
310.0,100.08326005935669,4,0.525,0.38890960670498614,Rectangle
808.0,141.5391045808792,4,0.6415094339622641,0.5068370298302679,Rectangle
447.0,111.39696860313416,4,0.8888888888888888,0.45265846012557176,Square
940.5,133.01219260692596,4,0.9736842105263158,0.6680142991227976,Square
432.5,113.63960874080658,4,0.775,0.42085890050225294,Rectangle
3072.5,214.4091613292694,8,0.6973684210526315,0.8398758225930617,Circle
1247.5,148.87005722522736,4,0.7608695652173914,0.7073521985177796,Rectangle
763.5,120.87005722522736,4,1.032258064516129,0.6567218256439148,Square
412.5,83.55634891986847,4,1.0434782608695652,0.7424631564373109,Square
727.5,134.4680359363556,3,0.64,0.5055972913205938,Triangle
365.0,98.42640578746796,3,0.9666666666666667,0.47345583766990845,Triangle
545.5,98.38477599620819,4,1.16,0.7081884127679345,Square
1246.0,147.94112491607666,4,0.7446808510638298,0.7154018732618879,Rectangle
1597.5,155.29646289348602,8,0.8235294117647058,0.8323914344917078,Circle
163.0,54.97056245803833,4,1.0,0.6778554732612487,Square
484.0,107.05382323265076,4,0.6097560975609756,0.5307021679796176,Rectangle
801.5,107.49747347831726,8,0.8333333333333334,0.8715993074287244,Circle
1138.5,129.98275482654572,8,0.8571428571428571,0.8467816239984746,Circle
660.5,108.87005722522736,4,1.0333333333333334,0.7002704228998015,Square
1279.5,135.63960897922516,8,0.7659574468085106,0.8739309016315621,Circle
715.0,115.4558436870575,4,0.8484848484848485,0.6740375128400342,Square
1503.0,149.0538226366043,8,0.8163265306122449,0.8501246474296568,Circle
563.0,90.76955199241638,9,0.6666666666666666,0.8586929059907557,Circle
462.5,100.32590079307556,3,0.8529411764705882,0.5774248437180417,Triangle
747.5,118.04163014888763,4,0.9393939393939394,0.6741408807659123,Square
1544.0,151.53910386562347,8,0.7547169811320755,0.8449047090125803,Circle
673.5,113.35533833503723,4,1.03125,0.6586633657092295,Square
308.5,99.49747359752655,4,0.525,0.39159841516487714,Rectangle
814.5,141.29646277427673,4,0.6415094339622641,0.5126705530694833,Rectangle
451.5,109.98275518417358,4,0.8888888888888888,0.4690492313859102,Square
940.5,132.5269113779068,4,0.9736842105263158,0.6729154670627028,Square
431.5,111.98275446891785,4,0.75,0.43240267558856493,Rectangle
3068.0,211.82337498664856,9,0.6973684210526315,0.859245868373553,Circle
1248.0,150.76955199241638,4,0.7608695652173914,0.6899174993169634,Rectangle
761.0,116.97056245803833,4,1.0,0.6989423636359616,Square
407.0,84.62741661071777,4,1.0,0.7141379395626642,Square
790.0,111.25483310222626,10,0.6341463414634146,0.8020458244689549,Circle
724.0,135.5391035079956,4,0.66,0.49524398861052965,Rectangle
860.5,126.04163014888763,4,1.03125,0.6806638968819111,Square
376.0,99.740114569664,4,0.9666666666666667,0.47496103625833147,Square
551.0,96.97056245803833,4,1.12,0.7363454940466997,Square
1245.0,146.28427076339722,4,0.7391304347826086,0.7311120692568788,Rectangle
355.0,94.42640602588654,3,1.0357142857142858,0.5003239545173005,Triangle
486.5,106.81118261814117,4,0.6097560975609756,0.5358697743037862,Rectangle
797.5,107.49747395515442,8,0.8333333333333334,0.8672494591487915,Circle
1135.5,129.98275458812714,8,0.8571428571428571,0.8445503184695408,Circle
659.5,108.04163014888763,4,1.0344827586206897,0.7099739389957052,Square
201.0,71.94112467765808,3,0.9565217391304348,0.4880355690614426,Triangle
1278.5,134.81118178367615,8,0.782608695652174,0.8840132301615719,Circle
1503.0,149.05382239818573,8,0.8163265306122449,0.8501246501492853,Circle
565.0,90.76955187320709,8,0.6666666666666666,0.8617433271032321,Circle
461.5,100.32590079307556,3,0.8529411764705882,0.5761763575694621,Triangle
749.5,118.87005722522736,4,0.9117647058823529,0.6665558704178273,Square
1544.0,151.53910338878632,8,0.7547169811320755,0.8449047143297815,Circle
669.0,112.76955187320709,4,1.03125,0.6610773424364205,Square
665.5,108.04163014888763,4,1.1071428571428572,0.7164331408667804,Square
314.5,99.49747347831726,4,0.525,0.3992145927535421,Rectangle
811.0,141.53910410404205,4,0.6415094339622641,0.5087188539132678,Rectangle
1083.0,128.56854152679443,8,0.6956521739130435,0.8233204182557612,Circle
939.0,131.94112491607666,4,0.9736842105263158,0.6778211114509569,Square
436.5,112.81118166446686,4,0.775,0.431012450202272,Rectangle
3068.5,213.72287034988403,8,0.7012987012987013,0.844177932553067,Circle
1245.0,149.94112491607666,4,0.7608695652173914,0.6958853375574126,Rectangle
772.5,117.21320307254791,4,1.032258064516129,0.706570146637376,Square
404.5,85.21320307254791,4,0.9583333333333334,0.7000267072366719,Square
725.0,133.88224971294403,4,0.64,0.508278649839394,Rectangle
883.5,126.87005722522736,4,1.0,0.6897602236888204,Square
371.0,95.59797954559326,3,0.9655172413793104,0.5101364392148706,Triangle
548.5,95.55634891986847,4,1.1666666666666667,0.7548617173252953,Square
1241.0,146.28427076339722,4,0.7391304347826086,0.7287631148174992,Rectangle
1564.0,152.71067702770233,8,0.8235294117647058,0.8427675548256528,Circle
486.0,105.39696800708771,4,0.6097560975609756,0.5497812168470629,Rectangle
797.5,107.49747407436371,8,0.8333333333333334,0.8672494572253194,Circle
1139.0,128.56854164600372,8,0.8571428571428571,0.8658928482496014,Circle
1272.5,134.81118190288544,8,0.782608695652174,0.8798645548620734,Circle
726.0,117.11269783973694,4,0.8787878787878788,0.6651789748759559,Square
1500.5,148.46803605556488,8,0.8163265306122449,0.8554210565502521,Circle
563.0,90.76955187320709,8,0.6666666666666666,0.8586929082462295,Circle
459.5,99.49747371673584,3,0.8235294117647058,0.5832721923406325,Triangle
734.0,118.28427076339722,4,0.9393939393939394,0.6592527202054399,Square
1539.0,151.53910326957703,8,0.7547169811320755,0.8421686252586316,Circle
673.5,113.35533833503723,4,1.03125,0.6586633657092295,Square
664.0,107.79898953437805,4,1.1071428571428572,0.7180398763579322,Square
312.5,99.49747347831726,4,0.525,0.3966758672034401,Rectangle
809.5,139.2964631319046,4,0.6538461538461539,0.5242597768033441,Rectangle
1082.0,127.39696848392487,8,0.6956521739130435,0.8377586821088044,Circle
451.0,109.74011468887329,3,0.8611111111111112,0.47060396986073166,Triangle
939.0,131.94112491607666,4,0.9736842105263158,0.6778211114509569,Square
432.5,112.8111822605133,4,0.775,0.42706273251461485,Rectangle
3064.5,214.06601583957672,8,0.7012987012987013,0.8403767670790003,Circle
1240.5,149.35533845424652,4,0.7391304347826086,0.6988196879893024,Rectangle
755.5,118.87005722522736,4,1.0666666666666667,0.6718918747173696,Square
401.0,84.97056245803833,4,1.0434782608695652,0.6979386523554643,Square
780.5,110.66904652118683,8,0.65,0.8008117465829563,Circle
725.5,133.63960874080658,4,0.64,0.5104778351444021,Rectangle
875.5,126.04163014888763,4,1.03125,0.6925290432540536,Square
364.5,98.66904723644257,3,0.9333333333333333,0.470484724454925,Triangle
545.5,96.38477599620819,4,1.1666666666666667,0.7378833897416518,Square
1238.5,146.5269113779068,4,0.7608695652173914,0.7248882904767723,Rectangle
1561.0,151.53910398483276,7,0.8235294117647058,0.8542074149569948,Circle
485.0,104.56854164600372,4,0.625,0.5573775858426021,Rectangle
796.0,108.91168689727783,8,0.8857142857142857,0.8432841979358225,Circle
1136.0,127.74011445045471,8,0.8780487804878049,0.8748499947050606,Circle
1270.5,134.8111822605133,8,0.782608695652174,0.8784816589558283,Circle
724.0,116.28427076339722,4,0.8484848484848485,0.6728317589973944,Square
1499.5,148.4680359363556,8,0.8163265306122449,0.8548509672488791,Circle
561.0,91.5979790687561,9,0.696969696969697,0.8402353353554937,Circle
1479.5,173.8406196832657,4,0.78,0.6152084765083801,Rectangle
463.5,100.32590079307556,3,0.8529411764705882,0.5786733298666212,Triangle
737.0,118.28427076339722,4,0.9090909090909091,0.6619472136122742,Square
1532.0,151.53910326957703,8,0.7547169811320755,0.8383380986980009,Circle
676.5,114.18376553058624,4,1.03125,0.6520320491009617,Square
987.5,139.01219260692596,4,0.918918918918919,0.6421569414907576,Square
656.0,107.79898953437805,4,1.1481481481481481,0.7093887935102461,Square
317.0,99.74011421203613,4,0.5128205128205128,0.40043257865320503,Rectangle
814.0,138.71067786216736,4,0.6538461538461539,0.5316361212061643,Rectangle
1078.0,127.39696824550629,8,0.6956521739130435,0.8346616106224956,Circle
934.0,133.5979790687561,4,0.9230769230769231,0.6575926690659306,Square
358.5,102.32590091228485,4,0.6052631578947368,0.4302569259534358,Rectangle
3052.5,212.066015958786,9,0.7105263157894737,0.8529496232939295,Circle
1234.0,148.28427076339722,4,0.7777777777777778,0.7052366150186182,Rectangle
760.5,117.21320307254791,4,1.032258064516129,0.6955942996993196,Square
403.5,84.38477599620819,4,1.0434782608695652,0.7120741159158571,Square
787.0,110.08326017856598,8,0.6341463414634146,0.8160974680579426,Circle
863.5,126.04163014888763,4,1.0,0.6830369261563396,Square
368.0,98.91168785095215,3,1.0,0.4726748086369229,Triangle
547.0,96.97056245803833,4,1.12,0.7309999732187745,Square
1238.5,145.69848430156708,4,0.7391304347826086,0.7331550110294971,Rectangle
1548.5,152.9533176422119,8,0.8076923076923077,0.8317700351804319,Circle
490.0,105.74011504650116,4,0.6097560975609756,0.5507143421484241,Rectangle
797.0,108.91168677806854,8,0.8333333333333334,0.8443436020428885,Circle
1141.0,129.74011421203613,8,0.8571428571428571,0.8518182816349706,Circle
1272.5,135.63960909843445,8,0.8043478260869565,0.8691497228381596,Circle
1492.0,147.8822501897812,8,0.8367346938775511,0.8573271686789632,Circle
557.5,90.18376553058624,8,0.6666666666666666,0.8613863908391753,Circle
1472.0,174.08326017856598,4,0.78,0.610384717112056,Rectangle
460.5,100.32590091228485,3,0.8529411764705882,0.5749278700546004,Triangle
1524.5,150.12489008903503,8,0.7358490566037735,0.8500253697802885,Circle
677.0,113.59797894954681,4,1.0,0.659260906225732,Square
650.5,110.87005722522736,4,1.1481481481481481,0.6650106822372925,Square
317.0,99.25483298301697,4,0.5384615384615384,0.40435777711521237,Rectangle
804.0,140.7106772661209,4,0.6538461538461539,0.5102838293965952,Rectangle
1074.0,126.56854128837585,8,0.7111111111111111,0.8424858117432235,Circle
932.5,130.5269113779068,4,0.972972972972973,0.6877943143626846,Square
3052.5,211.237588763237,8,0.6973684210526315,0.8596529022529207,Circle
1221.0,153.25483322143555,4,0.782608695652174,0.653276699346113,Rectangle
405.5,84.38477599620819,4,1.0869565217391304,0.7156036034792567,Square
875.5,131.01219260692596,4,1.0625,0.6409772041030412,Square
1231.5,149.8406196832657,4,0.7391304347826086,0.6892633068491401,Rectangle
500.5,105.98275578022003,3,0.5952380952380952,0.5599426263801831,Triangle
1085.0,126.08326017856598,9,0.875,0.8576789320149037,Circle
1263.0,135.0538227558136,8,0.8043478260869565,0.8701606729719245,Circle
1478.5,148.46803641319275,8,0.8541666666666666,0.8428790576584932,Circle
557.5,91.01219272613525,8,0.696969696969697,0.8457764339393259,Circle
459.0,99.74011445045471,3,0.8529411764705882,0.5798061600098349,Triangle
1514.5,149.29646289348602,8,0.75,0.8538470935808057,Circle
800.0,139.5391036272049,4,0.6538461538461539,0.5163069764434017,Rectangle
1070.5,126.81118190288544,8,0.7333333333333333,0.8365298356565691,Circle
929.5,130.5269113779068,4,1.0,0.6855815712601774,Square
430.5,111.9827550649643,4,0.75,0.4314005790481037,Rectangle
3051.5,214.06601452827454,8,0.6973684210526315,0.8368117918613577,Circle
1204.0,150.76955199241638,4,0.7777777777777778,0.665593484917968,Rectangle
535.5,98.04163014888763,4,1.2083333333333333,0.7000810009730198,Square
507.0,106.56854224205017,4,0.5952380952380952,0.5609960110213384,Rectangle
739.5,104.66904675960541,8,0.8529411764705882,0.8482258515075697,Circle
1085.0,126.56854164600372,8,0.8780487804878049,0.8511146187855797,Circle
791.5,145.29646384716034,4,0.6481481481481481,0.47114077679993843,Rectangle
1449.5,148.81118202209473,8,0.8125,0.8225398564588309,Circle
552.5,90.18376553058624,8,0.6666666666666666,0.8536609523563128,Circle
462.5,100.32590079307556,3,0.8529411764705882,0.5774248437180417,Triangle
1508.5,149.29646277427673,8,0.75,0.8504644058920823,Circle
796.0,139.53910386562347,4,0.6226415094339622,0.513725439805667,Rectangle
1068.0,129.05382227897644,8,0.717391304347826,0.8058224693075865,Circle
913.0,130.76955199241638,4,0.972972972972973,0.6709147961869633,Square
3018.0,211.823375582695,8,0.6973684210526315,0.8452425085258902,Circle
397.5,86.04163014888763,4,1.0434782608695652,0.6747295600355951,Square
752.5,105.49747395515442,8,0.8571428571428571,0.8496347102112797,Circle
1098.0,127.39696836471558,8,0.8780487804878049,0.8501469821413571,Circle
1198.0,132.2253955602646,8,0.8,0.8610669739098763,Circle
1416.0,144.22539579868317,8,0.8125,0.8554401666828125,Circle
552.0,91.59797894954681,7,0.6470588235294118,0.8267556262450519,Circle
444.0,99.74011409282684,4,0.9090909090909091,0.5608582503060467,Square
234.0,248.79393684864044,4,0.7611940298507462,0.04750574539127309,Rectangle
193.5,174.69343173503876,3,1.1481481481481481,0.07967786357431002,Triangle
1492.5,148.12488973140717,8,0.75,0.8548071058567861,Circle
950.0,133.4558436870575,4,0.9444444444444444,0.6702831145003575,Square
636.5,108.04163014888763,4,1.1481481481481481,0.6852136651565828,Square
780.5,142.12489068508148,3,0.6415094339622641,0.48555953193452117,Triangle
1052.5,127.63960909843445,9,0.7333333333333333,0.8118224135847447,Circle
907.5,130.18376553058624,4,1.0,0.6728880866169626,Square
1198.0,151.25483322143555,4,0.7777777777777778,0.6580337366134167,Rectangle
730.0,118.28427076339722,4,1.0333333333333334,0.6556600623296609,Square
533.0,94.97056245803833,4,1.1666666666666667,0.742607024240039,Square
1189.0,143.94112479686737,4,0.7555555555555555,0.7211439004120073,Rectangle
744.5,103.84061932563782,8,0.8529411764705882,0.8676409211341147,Circle
1100.0,126.56854104995728,8,0.8780487804878049,0.8628811884627056,Circle
189.5,194.26702570915222,4,0.6181818181818182,0.06309877039719103,Rectangle
1191.5,130.81118178367615,8,0.8181818181818182,0.8750123289318531,Circle
1406.0,144.2253955602646,8,0.8297872340425532,0.8493989253760985,Circle
548.0,91.5979790687561,8,0.6470588235294118,0.8207646413098227,Circle
430.0,98.91168689727783,3,0.8484848484848485,0.5523102490033177,Triangle
177.0,185.2792181968689,4,1.2075471698113207,0.06479324207325468,Square
1480.5,148.12488996982574,8,0.75,0.8479342821755407,Circle
653.5,111.35533833503723,4,1.032258064516129,0.6622673921549611,Square
633.0,106.62741661071777,4,1.1111111111111112,0.6996418825861979,Square
896.0,127.94112491607666,4,0.972972972972973,0.6878560221503506,Square
1185.0,149.11269783973694,4,0.7777777777777778,0.6697287748324225,Rectangle
832.0,130.42640614509583,4,1.03125,0.6146135562999111,Square
1182.0,143.11269783973694,4,0.7333333333333333,0.7252220549180517,Rectangle
1463.5,146.46803605556488,8,0.8163265306122449,0.8572685161821997,Circle
744.5,104.66904664039612,8,0.8285714285714286,0.853960984294586,Circle
1091.0,126.56854152679443,8,0.8536585365853658,0.8558212450177122,Circle
110.5,113.35533845424652,4,0.27450980392156865,0.1080657784079999,Rectangle
735.5,144.95331704616547,4,0.6538461538461539,0.4398820345357055,Rectangle
1174.5,130.81118154525757,8,0.8181818181818182,0.8625278926367386,Circle
687.5,115.35533845424652,4,0.8787878787878788,0.649242843276419,Square
1399.5,143.63960909843445,9,0.8297872340425532,0.852382132834394,Circle
548.5,90.18376553058624,8,0.6666666666666666,0.8474806015700227,Circle
425.5,97.15432727336884,3,0.8787878787878788,0.5664807163633621,Triangle
1462.5,146.4680358171463,8,0.7450980392156863,0.8566827529881496,Circle
648.0,111.59797894954681,4,1.064516129032258,0.6538410913066508,Square
627.5,106.87005722522736,4,1.1481481481481481,0.6904170539075579,Square
893.5,131.01219260692596,4,0.9473684210526315,0.6541554904238347,Square
2836.5,206.40916097164154,8,0.6891891891891891,0.8366324685406242,Circle
1181.5,149.01219260692596,4,0.7555555555555555,0.6686517411073652,Rectangle
721.5,114.38477599620819,4,1.0333333333333334,0.6929625226777502,Square
394.5,84.38477599620819,4,0.9583333333333334,0.6961914218805592,Square
837.0,126.28427076339722,4,1.0,0.6595334101023955,Square
1169.5,145.01219248771667,4,0.7555555555555555,0.6988774898258856,Rectangle
1452.0,145.05382251739502,8,0.8333333333333334,0.8671977140699924,Circle
503.0,107.39696836471558,3,0.65,0.5480167146843499,Triangle
739.5,104.66904652118683,8,0.8285714285714286,0.848225855371803,Circle
1099.5,127.15432786941528,8,0.8780487804878049,0.8545604800549887,Circle
626.0,105.4558436870575,4,1.0344827586206897,0.7073639066680959,Square
124.5,148.32590091228485,3,0.3064516129032258,0.07111238193290391,Triangle
1174.5,131.63960897922516,8,0.8,0.8517060219841699,Circle
684.0,112.62741661071777,4,0.875,0.6776067452391978,Square
1394.5,144.46803605556488,8,0.8125,0.8396240015191542,Circle
543.0,89.5979790687561,8,0.6666666666666666,0.8499889220395103,Circle
423.5,96.32590115070343,4,0.875,0.5735577038317373,Square
703.5,114.04163014888763,4,0.9375,0.6797467385922317,Square
1452.5,146.46803617477417,8,0.7450980392156863,0.850825088983775,Circle
641.0,110.76955199241638,4,1.032258064516129,0.6564884582127487,Square
634.0,105.79898953437805,4,1.1111111111111112,0.7117641048203613,Square
742.5,136.95331740379333,3,0.6470588235294118,0.4974634859665828,Triangle
424.5,108.81118190288544,3,0.8857142857142857,0.4505474161277815,Triangle
886.0,127.94112491607666,4,0.972972972972973,0.6801790576174226,Square
2828.5,204.7523069381714,8,0.6986301369863014,0.8478293363223117,Circle
1166.5,146.5269113779068,4,0.7333333333333333,0.6827470253057366,Rectangle
722.5,115.21320307254791,4,1.0333333333333334,0.6839797025442708,Square
119.5,87.89949476718903,3,0.14285714285714285,0.1943591592127352,Triangle
382.5,81.55634891986847,4,1.0,0.7226462495000374,Square
825.0,125.4558436870575,4,1.0,0.6586914432662204,Square
351.5,93.84062016010284,4,1.0,0.5015952959385942,Square
515.5,95.21320307254791,4,1.125,0.714569018462095,Square
1166.5,140.87005710601807,4,0.7333333333333333,0.738681505822153,Rectangle
1433.5,144.46803653240204,8,0.8333333333333334,0.8631057714108263,Circle
153.0,164.22539567947388,3,8.625,0.071288694400815,Triangle
729.5,104.66904664039612,8,0.8823529411764706,0.8367555917298864,Circle
1096.0,126.56854128837585,9,0.8780487804878049,0.8597434354474608,Circle
621.0,104.62741661071777,4,1.0,0.7128701992718056,Square
1170.0,130.22539508342743,8,0.8181818181818182,0.8669705762572845,Circle
1384.0,143.05382227897644,8,0.8125,0.849859281063146,Circle
1396.0,165.11269783973694,4,0.7755102040816326,0.6434789362188019,Rectangle
698.0,112.97056245803833,4,0.9375,0.6872815802495733,Square
1444.0,146.71067678928375,8,0.7647058823529411,0.8430505502416615,Circle
634.5,110.18376541137695,4,1.032258064516129,0.6567593596997191,Square
881.5,128.5269113779068,4,0.972972972972973,0.6705698738439028,Square
2836.5,205.58073329925537,8,0.6891891891891891,0.8433888016567312,Circle
1166.0,144.28427076339722,4,0.7727272727272727,0.7038343151226233,Rectangle
722.5,114.38477599620819,4,1.0333333333333334,0.6939229696946285,Square
148.0,96.14213538169861,4,0.15555555555555556,0.20120744749859343,Rectangle
379.5,80.72792184352875,4,1.0454545454545454,0.7317691539409316,Square
722.0,105.25483322143555,8,0.6578947368421053,0.8189605212918336,Circle
817.0,122.62741661071777,4,1.064516129032258,0.6827422238120238,Square
350.0,96.08326041698456,4,0.9655172413793104,0.47641172900056555,Square
516.0,94.97056245803833,4,1.125,0.7189216219659665,Square
1439.0,143.88224923610687,8,0.8333333333333334,0.8734865485611031,Circle
207.0,197.1959581375122,4,8.2,0.06689354183161905,Rectangle
154.5,53.55634891986847,4,1.0,0.6768873893705737,Square
728.0,103.25483286380768,8,0.8529411764705882,0.8580655523084117,Circle
623.5,104.04163014888763,4,1.0,0.7238224106874742,Square
1166.0,129.39696836471558,8,0.7954545454545454,0.8751050935697212,Circle
1381.5,141.98275482654572,8,0.8085106382978723,0.8611713174703172,Circle
1387.5,164.87005722522736,4,0.7551020408163265,0.6414447847405594,Rectangle
437.0,96.08326041698456,4,0.875,0.5948340730664204,Square
200.0,184.10764467716217,3,1.2407407407407407,0.07414744928240057,Triangle
699.0,112.14213538169861,4,0.90625,0.6984726362739152,Square
1443.5,146.12489080429077,8,0.7450980392156863,0.8495290864524752,Circle
632.0,109.94112491607666,4,1.032258064516129,0.6570623605845234,Square
621.5,104.04163014888763,4,1.1111111111111112,0.721500606643569,Square
743.5,134.9533188343048,3,0.66,0.5130074807359353,Triangle
428.5,105.49747383594513,3,0.8571428571428571,0.4838119257784829,Triangle
879.0,127.11269783973694,4,0.9459459459459459,0.6836296123709495,Square
398.5,107.98275458812714,4,0.7894736842105263,0.4294665919926347,Rectangle
2826.5,205.58073437213898,8,0.6891891891891891,0.8404154496743257,Circle
724.0,114.62741661071777,4,1.0333333333333334,0.6924228972278972,Square
172.0,111.79898953437805,3,0.1346153846153846,0.17292689928478763,Triangle
381.5,84.04163014888763,4,1.0,0.6787587961515366,Square
356.0,95.25483429431915,3,0.9655172413793104,0.4930441500433385,Triangle
1167.5,140.04163014888763,4,0.75,0.748087569216747,Rectangle
1428.0,145.05382239818573,8,0.8333333333333334,0.8528638689582534,Circle
724.5,104.32590043544769,8,0.8823529411764706,0.8364961958428597,Circle
614.5,103.21320307254791,4,1.0357142857142858,0.7248718580603424,Square
668.5,111.21320307254791,4,0.84375,0.679201407729078,Square
268.5,85.84062027931213,4,0.8571428571428571,0.45789769752749476,Square
1387.0,142.22539520263672,8,0.8297872340425532,0.8616522504986981,Circle
1391.0,163.4558436870575,4,0.7551020408163265,0.6542384899628577,Rectangle
431.5,96.66904664039612,3,0.875,0.5802508602014861,Triangle
118.5,127.92387986183167,3,1.075,0.09099655872937058,Triangle
695.0,114.62741661071777,4,0.8787878787878788,0.6646877259300947,Square
615.0,102.97056245803833,4,1.1538461538461537,0.7288846592692125,Square
734.5,134.46803545951843,3,0.64,0.5104621486030853,Triangle
427.5,105.15432810783386,4,0.8571428571428571,0.48583822065804677,Square
876.0,129.5979790687561,4,0.9473684210526315,0.655416713070699,Square
396.5,107.98275446891785,4,0.7631578947368421,0.42731117716701145,Rectangle
2823.0,204.99494791030884,8,0.7123287671232876,0.8441787702130417,Circle
1160.5,144.04163014888763,4,0.7111111111111111,0.7028763867392468,Rectangle
712.5,114.87005722522736,4,1.0,0.6785487547973114,Square
188.0,124.62741661071777,3,0.13793103448275862,0.1521039624406989,Triangle
353.5,95.01219236850739,3,0.9310344827586207,0.4920855399733917,Triangle
500.5,95.21320307254791,4,1.125,0.6937765155000554,Square
1159.5,141.69848430156708,4,0.7333333333333333,0.72568844415111,Rectangle
1422.5,146.46803617477417,8,0.8333333333333334,0.8332521095211153,Circle
112.5,108.18376553058624,4,6.857142857142857,0.12079200745981825,Rectangle
157.0,53.31370830535889,4,1.1428571428571428,0.6941154854093716,Square
453.0,104.56854152679443,3,0.6153846153846154,0.5206021586853324,Triangle
729.0,104.9116872549057,8,0.8823529411764706,0.8323186938515166,Circle
1042.0,123.74011421203613,8,0.875,0.855178074961757,Circle
610.5,104.04163014888763,4,1.0357142857142858,0.7087306844020899,Square
674.0,111.4558436870575,4,0.875,0.6818111091496124,Square
1371.5,140.81118214130402,8,0.8478260869565217,0.8692233553453013,Circle
1412.0,163.94112479686737,4,0.7916666666666666,0.6601896931222931,Rectangle
427.0,96.08326017856598,4,0.875,0.5812223122651509,Square
694.0,115.4558436870575,4,0.9090909090909091,0.6542406068685087,Square
637.5,110.18376541137695,4,1.032258064516129,0.6598646048992449,Square
735.5,136.1248904466629,3,0.66,0.49878967458799206,Triangle
435.0,104.91168785095215,3,0.8571428571428571,0.4966510668194811,Triangle
881.0,129.94112491607666,4,0.9210526315789473,0.6556808927842076,Square
394.5,108.32590067386627,4,0.7631578947368421,0.4224664781320234,Rectangle
196.5,126.04163014888763,3,0.13793103448275862,0.15543341747506742,Triangle
367.0,80.14213538169861,4,1.0454545454545454,0.7180490439246948,Square
361.5,93.01219403743744,4,0.9310344827586207,0.5250956104061882,Square
495.0,93.79898953437805,4,1.125,0.7069989082687264,Square
1149.0,141.11269783973694,4,0.7333333333333333,0.7250996622841026,Rectangle
1413.5,144.46803605556488,8,0.8333333333333334,0.8510638409088022,Circle
121.5,123.01219260692596,3,11.0,0.1008996878846934,Triangle
459.5,101.15432846546173,4,0.6153846153846154,0.5643212927357271,Rectangle
737.5,105.49747347831726,8,0.8529411764705882,0.8326984776680368,Circle
1055.0,124.9116872549057,8,0.875,0.8496815230913917,Circle
194.5,68.18376541137695,4,0.9545454545454546,0.5257357466086455,Square
680.5,115.69848430156708,4,0.875,0.6388261044348051,Square
1363.5,143.15432798862457,8,0.8260869565217391,0.8360957986292066,Circle
1428.0,170.911687374115,4,0.8297872340425532,0.6143198487808763,Square
424.5,97.49747383594513,3,0.8484848484848485,0.5611782521749865,Triangle
2006.5,239.1787133216858,4,0.7241379310344828,0.44076183006837105,Rectangle
692.5,114.04163014888763,4,0.9375,0.6691181470861698,Square
639.0,110.76955199241638,4,1.064516129032258,0.6544401322900879,Square
620.5,104.87005722522736,4,1.1111111111111112,0.7090039257552831,Square
739.0,134.71067595481873,4,0.66,0.5117410686376375,Rectangle
435.0,105.740114569664,3,0.8571428571428571,0.48889947141871903,Triangle
873.5,131.8406196832657,4,0.9473684210526315,0.6315013772397164,Square
330.0,96.9116883277893,4,0.5945945945945946,0.44154145524978894,Rectangle
1152.5,147.01219248771667,4,0.7555555555555555,0.6701068987002841,Rectangle
694.5,114.04163014888763,4,1.0,0.67105061826909,Square
192.0,128.62741661071777,3,0.13559322033898305,0.14582903376755732,Triangle
374.5,81.55634891986847,4,1.0909090909090908,0.7075320795758536,Square
354.0,94.76955211162567,4,0.9310344827586207,0.4953081451081272,Square
1151.0,139.4558436870575,4,0.75,0.7437239252687589,Rectangle
474.0,103.74011492729187,4,0.6410256410256411,0.5534708545494912,Rectangle
721.0,106.08326029777527,9,0.8529411764705882,0.8051029380881862,Circle
1074.5,125.1543276309967,8,0.875,0.8620342890640463,Circle
743.5,143.29646337032318,4,0.6730769230769231,0.4550089015440181,Rectangle
428.5,97.49747383594513,3,0.8484848484848485,0.5664661508998392,Triangle
923.5,131.69848430156708,4,0.9166666666666666,0.6690910340371495,Square
611.0,105.4558436870575,4,1.2307692307692308,0.6904142922910649,Square
746.5,134.95331752300262,4,0.66,0.5150774604056484,Rectangle
864.0,128.7695518732071,4,0.972972972972973,0.6547827624930991,Square
396.0,107.74011385440826,4,0.7631578947368421,0.4286967485780299,Rectangle
335.0,96.9116883277893,4,0.5945945945945946,0.4482314772990282,Rectangle
1143.5,146.18376553058624,4,0.7727272727272727,0.6724310261560159,Rectangle
195.0,126.62741661071777,3,0.13793103448275862,0.15282309187866658,Triangle
656.5,127.63960909843445,3,0.6458333333333334,0.5063766408725747,Triangle
799.5,122.04163014888763,4,1.032258064516129,0.6745471816205398,Square
354.5,95.01219284534454,3,1.0,0.4934775733227776,Triangle
1156.0,140.28427076339722,4,0.75,0.7381586957971283,Rectangle
485.5,104.32590055465698,3,0.625,0.5605505895839817,Triangle
725.5,105.49747371673584,8,0.8823529411764706,0.8191494817865644,Circle
429.5,97.49747371673584,4,0.8484848484848485,0.5677881269695112,Square
2071.5,242.00714099407196,4,0.7471264367816092,0.4444658924199404,Rectangle
614.5,107.21320307254791,4,1.1923076923076923,0.6717925898809123,Square
763.0,138.36753106117249,4,0.68,0.5008019583561659,Rectangle
867.5,129.35533845424652,4,1.0277777777777777,0.6514943208129421,Square
409.5,109.15432751178741,4,0.7631578947368421,0.43189865683329515,Rectangle
335.0,95.59797883033752,4,0.5675675675675675,0.46063533610305973,Rectangle
1132.0,144.76955199241638,4,0.7727272727272727,0.6787374774335224,Rectangle
193.0,121.79898953437805,3,0.14035087719298245,0.1634857117457095,Triangle
492.0,103.74011445045471,4,0.6410256410256411,0.5744887403832312,Rectangle
721.5,103.84061932563782,8,0.8529411764705882,0.8408367019452838,Circle
608.0,104.62741661071777,4,1.0714285714285714,0.6979469905913973,Square
1372.0,142.568541765213,8,0.8085106382978723,0.8482357264054393,Circle
1392.0,160.28427076339722,4,0.7708333333333334,0.6808748427405824,Rectangle
439.0,98.91168713569641,4,0.90625,0.5638702282408744,Square
2087.5,244.00714027881622,4,0.7586206896551724,0.44058659349612683,Rectangle
1401.5,146.1248904466629,8,0.7450980392156863,0.824811236917905,Circle
604.0,105.4558436870575,4,1.1923076923076923,0.6825044722484503,Square
288.5,95.49747371673584,4,0.5405405405405406,0.3975318370448911,Rectangle
864.5,129.8406196832657,4,1.0277777777777777,0.6443972858220757,Square
330.0,98.42640602588654,4,0.5945945945945946,0.4280559607510862,Rectangle
194.5,126.04163014888763,3,0.13793103448275862,0.15385139795878175,Triangle
150.5,53.55634891986847,4,1.0714285714285714,0.6593627967655104,Square
723.0,103.25483310222626,8,0.8529411764705882,0.8521722410082725,Circle
607.0,103.4558436870575,4,1.0357142857142858,0.7126700396083028,Square
661.5,114.5269113779068,4,0.90625,0.633759693982812,Square
1383.0,141.39696860313416,8,0.8478260869565217,0.8692643055069915,Circle
1394.5,160.87005722522736,4,0.75,0.6771391905149543,Rectangle
443.5,98.32590067386627,3,0.8787878787878788,0.576457934962181,Triangle
2119.0,243.07820868492126,3,0.75,0.45065974460904706,Triangle
679.0,115.11269783973694,4,0.96875,0.6439218669226381,Square
1412.5,145.2964631319046,8,0.7450980392156863,0.8407913503246198,Circle
625.0,110.76955187320709,4,1.0666666666666667,0.640101852209208,Square
867.5,127.35533845424652,4,1.0,0.6721172453728872,Square
695.5,113.21320307254791,4,1.0689655172413792,0.6818876781918275,Square
193.5,126.38477599620819,3,0.13559322033898305,0.15223037152815524,Triangle
371.5,82.38477599620819,4,1.0909090909090908,0.6878199238426412,Square
723.0,105.59797871112823,8,0.6153846153846154,0.8147736038129951,Circle
799.5,124.5269113779068,4,1.064516129032258,0.647890928417057,Square
502.0,93.79898953437805,4,1.173913043478261,0.7169968726280821,Square
1417.0,145.0538227558136,8,0.8333333333333334,0.8462941851223602,Circle
155.0,52.485281229019165,4,1.0714285714285714,0.7070766652120216,Square
733.5,103.8406194448471,9,0.8529411764705882,0.8548215099941734,Circle
1082.0,125.740114569664,8,0.875,0.859982118958264,Circle
604.5,103.21320307254791,4,1.0357142857142858,0.7130757334377168,Square
187.0,67.11269748210907,4,1.0,0.5217255201964911,Square
665.0,111.4558436870575,4,0.8181818181818182,0.6727068065051814,Square
1387.5,142.81118190288544,8,0.8297872340425532,0.8549061258729116,Circle
527.0,89.59797883033752,9,0.6875,0.8249432123365825,Circle
1389.5,163.35533845424652,4,0.7708333333333334,0.6543374113748984,Rectangle
436.5,97.49747335910797,4,0.8484848484848485,0.5770419539938968,Square
683.5,114.87005722522736,4,0.9375,0.6509306300406489,Square
1428.5,145.29646277427673,8,0.7450980392156863,0.850315362726562,Circle
917.0,129.4558436870575,4,0.8888888888888888,0.6876000202771182,Square
611.0,104.62741661071777,4,1.1538461538461537,0.7013908079791839,Square
778.0,136.36753249168396,3,0.6666666666666666,0.5257357337402425,Triangle
424.5,105.49747407436371,4,0.9117647058823529,0.4792955929164036,Square
868.5,126.5269113779068,4,1.0,0.6817323036988071,Square
1141.5,143.69848430156708,4,0.7727272727272727,0.6946745768623666,Rectangle
697.0,112.14213538169861,4,1.0,0.6964741451830028,Square
204.0,128.97056245803833,3,0.13333333333333333,0.15411994442372146,Triangle
372.5,83.21320307254791,4,1.0454545454545454,0.6760077305789016,Square
806.0,118.97056245803833,4,1.0666666666666667,0.7155926582743206,Square
350.5,95.84061932563782,3,1.0357142857142858,0.4795110982769338,Triangle
1130.5,138.87005722522736,4,0.75,0.7366534069686935,Rectangle
1434.5,145.2964632511139,8,0.8163265306122449,0.8538868602205588,Circle
157.5,52.72792184352875,4,1.0714285714285714,0.7118838038353043,Square
471.5,105.15432751178741,4,0.6410256410256411,0.535842628391054,Rectangle
731.0,103.25483286380768,8,0.8529411764705882,0.8616015367272651,Circle
1080.0,126.56854152679443,9,0.9,0.8471924331981019,Circle
610.5,103.21320307254791,4,1.0357142857142858,0.7201534082112921,Square
1182.5,131.98275470733643,8,0.8181818181818182,0.8530542209929873,Circle
668.0,112.28427076339722,4,0.8181818181818182,0.6658071902514275,Square
1387.5,142.8111822605133,8,0.8695652173913043,0.8549061215911985,Circle
532.0,89.59797871112823,9,0.6875,0.8327700002483611,Circle
1392.5,162.5269113779068,4,0.7708333333333334,0.6624521339956468,Rectangle
437.0,96.91168713569641,3,0.8484848484848485,0.5847079414882785,Triangle
694.5,114.04163014888763,4,0.9375,0.67105061826909,Square
1429.0,146.71067655086517,8,0.7450980392156863,0.8342931026391256,Circle
616.0,103.79898953437805,4,1.1923076923076923,0.7184628631817366,Square
770.5,138.12488985061646,3,0.6666666666666666,0.5075030044979385,Triangle
426.0,104.9116872549057,4,0.9117647058823529,0.4863755330325735,Square
865.0,127.11269783973694,4,0.9722222222222222,0.6727413136528685,Square
419.0,108.56854164600372,4,0.7894736842105263,0.4466999240510032,Rectangle
2856.5,205.5807340145111,8,0.7123287671232876,0.8493354821677103,Circle
1140.0,142.28427076339722,4,0.75,0.7076213546805026,Rectangle
698.5,111.55634891986847,4,1.0,0.7053224225423663,Square
210.5,129.2132030725479,3,0.13333333333333333,0.15843392428115222,Triangle
374.0,81.79898953437805,4,1.0909090909090908,0.7024017558203943,Square
815.5,122.04163014888763,4,1.032258064516129,0.6880465623659164,Square
350.0,93.5979791879654,3,1.0,0.5020476792053412,Triangle
1142.5,138.87005722522736,4,0.7906976744186046,0.7444728150922002,Rectangle
1444.0,146.71067667007446,8,0.8163265306122449,0.8430505516116974,Circle
464.5,102.66904711723328,4,0.6578947368421053,0.5537535453176469,Rectangle
732.5,103.84061968326569,8,0.8529411764705882,0.8536561052425548,Circle
1077.5,125.1543276309967,8,0.875,0.8644410855900511,Circle
612.5,102.38477599620819,4,1.0357142857142858,0.7342520845463105,Square
1190.5,130.81118178367615,8,0.8181818181818182,0.8742779501413103,Circle
267.0,83.59797871112823,3,0.8518518518518519,0.48009764051169823,Triangle
1387.0,141.39696848392487,8,0.8478260869565217,0.8717784481353251,Circle
533.0,89.59797883033752,8,0.6875,0.834335355171534,Circle
1386.5,162.04163014888763,4,0.7708333333333334,0.663554396185466,Rectangle
434.5,96.32590067386627,3,0.8484848484848485,0.5884553123546657,Triangle
691.5,113.21320307254791,4,0.90625,0.6779659661677192,Square
1431.5,145.29646277427673,8,0.7450980392156863,0.8521011142758653,Circle
631.0,108.76955199241638,4,1.032258064516129,0.6702310502138762,Square
611.0,103.79898953437805,4,1.1111111111111112,0.7126311840974693,Square
763.0,136.7106763124466,3,0.6470588235294118,0.5130143796344325,Triangle
1015.0,126.2253954410553,8,0.7111111111111111,0.800538874710372,Circle
425.0,104.91168737411499,4,0.9117647058823529,0.48523380532648547,Square
868.0,125.94112491607666,4,1.0,0.6876927612577086,Square
418.5,109.15432822704315,4,0.7894736842105263,0.44139092922084944,Rectangle
2850.0,204.99494779109955,8,0.6986301369863014,0.852252744564418,Circle
1146.5,142.87005722522736,4,0.7727272727272727,0.7058322305092996,Rectangle
705.5,113.21320307254791,4,1.0,0.6916919582520981,Square
216.0,130.62741649150848,4,0.13114754098360656,0.15907243899388793,Rectangle
379.0,80.97056245803833,4,1.0454545454545454,0.7264316567664005,Square
733.5,106.66904675960541,8,0.6410256410256411,0.8100897816266633,Circle
680.0,129.05382215976715,3,0.6666666666666666,0.513070487023856,Triangle
805.5,119.55634891986847,4,1.032258064516129,0.7081579272789611,Square
345.5,93.84062016010284,3,0.9655172413793104,0.49303321407335504,Triangle
1147.0,142.76955199241638,4,0.75,0.7071346012384095,Rectangle
1442.0,145.53910398483276,8,0.8367346938775511,0.8554915627915755,Circle
331.5,92.66904652118683,4,1.037037037037037,0.4850918829740398,Square
160.0,53.31370830535889,4,1.0714285714285714,0.7073788386337545,Square
153.5,63.35533857345581,4,0.8181818181818182,0.4805646392653599,Square
466.5,102.32590138912201,3,0.6153846153846154,0.5598740699766287,Triangle
736.0,104.08326017856598,8,0.8823529411764706,0.8537405394922032,Circle
1076.5,125.15432798862457,8,0.875,0.8636388151456956,Circle
616.0,103.4558436870575,4,1.0357142857142858,0.7232368112005181,Square
188.5,67.69848430156708,4,1.0,0.5168485804220808,Square
754.0,143.5391035079956,4,0.6730769230769231,0.45987600609254964,Rectangle
1176.0,129.39696872234344,8,0.7954545454545454,0.8826102781727275,Circle
675.0,112.28427076339722,4,0.8181818181818182,0.6727842117061581,Square
1379.5,140.81118202209473,8,0.8478260869565217,0.8742935623252815,Circle
532.0,88.76955199241638,8,0.6875,0.848385896433111,Circle
1393.5,164.5269112586975,4,0.7708333333333334,0.6469086346312016,Rectangle
432.0,96.91168749332428,3,0.8484848484848485,0.5780179150083984,Triangle
692.0,112.97056245803833,4,0.9375,0.6813737156629007,Square
1425.5,145.29646348953247,8,0.7450980392156863,0.8485296028230889,Circle
616.0,102.97056245803833,4,1.1538461538461537,0.7300698375769674,Square
295.0,94.42640626430511,4,0.5263157894736842,0.4157621572880883,Rectangle
759.0,136.3675308227539,3,0.6470588235294118,0.5128964417428817,Triangle
420.5,106.3259003162384,4,0.9117647058823529,0.46740970607169907,Square
871.0,126.28427076339722,4,0.9722222222222222,0.6863244924721462,Square
415.0,108.56854128837585,4,0.7894736842105263,0.442435488550032,Rectangle
2849.5,204.75230658054352,8,0.6986301369863014,0.8541239887890365,Circle
1154.0,144.28427076339722,4,0.75,0.6965907372654436,Rectangle
720.0,113.79898953437805,4,1.0333333333333334,0.6986594679956769,Square
215.5,134.04163014888763,4,0.12903225806451613,0.15072237774087185,Rectangle
375.5,80.72792184352875,4,1.0454545454545454,0.7240561720812114,Square
734.0,107.25483310222626,8,0.6410256410256411,0.8018113158764624,Circle
682.5,129.6396086215973,3,0.6666666666666666,0.5103135467718257,Triangle
817.0,120.62741661071777,4,1.032258064516129,0.7055696097885746,Square
346.5,94.18376541137695,4,0.9642857142857143,0.49086379916233813,Square
1446.0,145.88224959373474,8,0.8163265306122449,0.8538336241609332,Circle
330.0,90.42640614509583,3,1.1153846153846154,0.5071463010396776,Triangle
469.0,100.91168785095215,3,0.6153846153846154,0.5787616768179284,Triangle
736.5,103.8406195640564,8,0.8529411764705882,0.8583177105183353,Circle
1079.0,123.740114569664,8,0.875,0.88554427787911,Circle
614.0,103.79898953437805,4,1.0357142857142858,0.7161301915480297,Square
1183.0,130.56854164600372,8,0.7954545454545454,0.8720020418569184,Circle
264.5,85.8406194448471,4,0.8518518518518519,0.45107613910891325,Square
1369.0,142.2253954410553,8,0.8297872340425532,0.8504700266603334,Circle
535.0,91.25483310222626,8,0.696969696969697,0.8073314960666539,Circle
1396.0,167.5979790687561,4,0.7916666666666666,0.6245363593748271,Rectangle
431.0,98.08326017856598,4,0.8484848484848485,0.5629856800842803,Square
2077.0,243.76449954509735,3,0.7471264367816092,0.4392436027728385,Triangle
694.0,113.79898953437805,4,0.9375,0.6734300983180553,Square
1422.5,145.2964632511139,8,0.7450980392156863,0.84674385407023,Circle
628.0,110.42640602588654,4,1.064516129032258,0.6471778312915428,Square
622.0,104.62741661071777,4,1.1111111111111112,0.7140181384010678,Square
295.5,93.8406194448471,4,0.5263157894736842,0.4216825382911801,Rectangle
762.0,135.88225042819977,4,0.6470588235294118,0.5186081931480672,Rectangle
426.0,104.91168761253357,4,0.8823529411764706,0.48637552971661413,Square
876.0,127.94112491607666,4,1.0,0.6725020930844946,Square
412.0,108.56854116916656,4,0.7894736842105263,0.43923716068171337,Rectangle
2844.0,204.99494814872742,8,0.6986301369863014,0.8504585252927045,Circle
1147.5,143.6984841823578,4,0.7727272727272727,0.6983259555603555,Rectangle
720.0,117.11269783973694,4,1.0666666666666667,0.6596816279761545,Square
214.5,136.04163014888763,4,0.12698412698412698,0.14564430447548787,Rectangle
380.0,82.62741661071777,4,1.0909090909090908,0.6994313776637464,Square
731.5,106.66904664039612,8,0.6410256410256411,0.8078809496719778,Circle
680.5,127.63960886001587,3,0.6458333333333334,0.5248885078463167,Triangle
814.5,121.21320307254791,4,1.032258064516129,0.6966282742952153,Square
350.0,91.597980260849,4,0.9642857142857143,0.5242109798927108,Square
1446.0,146.71067690849304,8,0.8163265306122449,0.844218208911614,Circle
330.5,91.01219260692596,3,1.1153846153846154,0.5013975105815445,Triangle
472.0,100.91168797016144,4,0.6153846153846154,0.5824637757199259,Rectangle
745.5,105.49747395515442,8,0.8823529411764706,0.8417311315116399,Circle
1078.0,125.740114569664,8,0.9,0.8568028874648879,Circle
614.0,103.4558436870575,4,1.0,0.7208886397355814,Square
186.5,68.52691113948822,4,1.0476190476190477,0.49907565730268777,Square
1182.0,133.39696848392487,8,0.8181818181818182,0.83470962300317,Circle
674.0,113.94112491607666,4,0.8787878787878788,0.6523921923502795,Square
1364.0,142.22539508342743,8,0.8085106382978723,0.8473638584357748,Circle
527.0,89.59797894954681,8,0.6875,0.8249432101414237,Circle
1397.0,165.5979789495468,4,0.7916666666666666,0.6401713086338268,Rectangle
431.0,97.74011433124542,4,0.8484848484848485,0.5669456778488419,Square
686.5,115.69848430156708,4,0.9375,0.6444586637685432,Square
1425.5,145.2964630126953,8,0.7450980392156863,0.8485296083925354,Circle
921.5,135.8406196832657,4,0.9444444444444444,0.6275464763960862,Square
620.5,105.21320307254791,4,1.1111111111111112,0.7043867293227499,Square
298.0,96.91168713569641,4,0.5263157894736842,0.39872532394395194,Rectangle
761.5,136.12489128112793,4,0.6470588235294118,0.5164219341155024,Rectangle
432.0,106.56854128837585,4,0.8857142857142857,0.47800844398179304,Square
875.0,128.76955199241638,4,1.0277777777777777,0.6631191158803993,Square
409.0,109.39696860313416,4,0.7894736842105263,0.4294598779634485,Rectangle
2827.0,205.82337474822998,8,0.6986301369863014,0.838583442141595,Circle
1147.0,145.11269783973694,4,0.7727272727272727,0.6844826579449731,Rectangle
723.5,115.21320307254791,4,1.0333333333333334,0.6849263872536746,Square
215.5,136.87005722522736,4,0.12698412698412698,0.14455737084856984,Rectangle
372.0,81.79898953437805,4,1.0909090909090908,0.69864559669836,Square
732.5,106.66904699802399,8,0.6410256410256411,0.8089853611300978,Circle
682.0,129.05382251739502,3,0.6458333333333334,0.5145795150160868,Triangle
825.5,122.04163014888763,4,1.064516129032258,0.6964836753317769,Square
358.0,93.59798049926758,4,1.0,0.5135230403411795,Square
1147.0,140.28427076339722,4,0.7674418604651163,0.732411785535732,Rectangle
333.5,89.84061968326569,4,1.1153846153846154,0.5192305349669407,Square
156.5,51.899494767189026,4,1.0714285714285714,0.7301262213502713,Square
466.5,101.497474193573,4,0.6153846153846154,0.5690508056338334,Rectangle
731.5,104.66904664039612,8,0.8529411764705882,0.8390496440718465,Circle
1073.0,124.9116872549057,8,0.875,0.8641784590303918,Circle
622.0,104.62741661071777,4,1.0,0.7140181384010678,Square
187.5,68.52691125869751,4,1.0,0.5017516644433367,Square
682.5,114.5269113779068,4,0.8484848484848485,0.6538790493473458,Square
1366.5,140.81118249893188,8,0.8085106382978723,0.8660544725088669,Circle
531.0,89.59797894954681,9,0.6875,0.8312046386813965,Circle
1396.5,168.18376553058624,4,0.7916666666666666,0.6204155300219337,Rectangle
428.0,96.9116872549057,3,0.8484848484848485,0.5726659000945424,Triangle
689.5,114.04163014888763,4,0.9375,0.6662194403117893,Square
1419.5,146.1248903274536,8,0.7647058823529411,0.8354046041493293,Circle
623.5,106.87005722522736,4,1.1481481481481481,0.6860159890220915,Square
293.0,96.08326005935669,4,0.5263157894736842,0.39882467896080254,Rectangle
765.0,136.36753106117249,4,0.6666666666666666,0.5169509572612869,Rectangle
874.5,129.35533845424652,4,1.0,0.6567513355053808,Square
1142.5,143.6984841823578,4,0.7727272727272727,0.6952831409391775,Rectangle
714.5,114.38477599620819,4,1.0689655172413792,0.6862393935596015,Square
214.0,136.62741661071777,3,0.12698412698412698,0.1440614972249897,Triangle
375.0,81.79898953437805,4,1.0,0.7042798353814114,Square
676.0,128.71067678928375,3,0.6458333333333334,0.5127756715985978,Triangle
815.0,122.62741661071777,4,1.064516129032258,0.6810708842188488,Square
360.5,93.84061896800995,3,0.9310344827586207,0.5144384318066649,Triangle
1144.0,141.94112491607666,4,0.75,0.7135417725505442,Rectangle
323.0,89.5979790687561,4,1.0769230769230769,0.5056103532573882,Square
157.5,51.899494767189026,4,1.0714285714285714,0.7347915646176851,Square
460.0,100.56854152679443,4,0.6410256410256411,0.5715357379483373,Rectangle
728.5,103.01219236850739,8,0.8235294117647058,0.8627046914066439,Circle
1070.5,124.32590043544769,8,0.875,0.8703086681000765,Circle
621.0,103.79898953437805,4,1.0,0.724294542266004,Square
187.5,67.69848465919495,4,1.0,0.5141066727069762,Square
676.0,111.4558436870575,4,0.8484848484848485,0.6838342875150416,Square
1368.5,141.63960945606232,8,0.8297872340425532,0.8572060440977499,Circle
528.5,89.0121922492981,9,0.71875,0.8382158353746522,Circle
1389.5,165.35533845424652,4,0.7916666666666666,0.638604499255366,Rectangle
428.0,96.08326041698456,3,0.875,0.5825834857492631,Triangle
2048.5,241.17871284484863,3,0.735632183908046,0.4425556465378462,Triangle
167.0,62.28427064418793,4,1.0526315789473684,0.540965499871033,Square
691.5,113.21320307254791,4,0.90625,0.6779659661677192,Square
1417.5,146.46803629398346,8,0.7450980392156863,0.8303232782590837,Circle
631.5,111.01219248771667,4,1.032258064516129,0.6439347446057602,Square
619.0,104.62741661071777,4,1.1111111111111112,0.7105743210132812,Square
290.5,95.49747407436371,4,0.5263157894736842,0.4002876873365609,Rectangle
759.5,136.6101714372635,4,0.6666666666666666,0.5114127715839877,Rectangle
871.0,129.5979790687561,4,1.0,0.6516757500965511,Square
409.0,107.740114569664,4,0.7631578947368421,0.4427701208090668,Rectangle
2827.0,204.99494743347168,8,0.6891891891891891,0.8453749183473881,Circle
1150.5,144.5269113779068,4,0.7727272727272727,0.6921481201574866,Rectangle
718.5,116.04163014888763,4,1.103448275862069,0.6705157663979989,Square
213.0,136.62741661071777,4,0.12698412698412698,0.14338831265851779,Rectangle
670.5,128.46803605556488,3,0.6458333333333334,0.5105267190346316,Triangle
824.0,124.28427076339722,4,1.064516129032258,0.6703548237596619,Square
358.0,93.59797978401184,3,0.9310344827586207,0.5135230481896459,Triangle
512.5,94.38477599620819,4,1.2173913043478262,0.7229359717622608,Square
1146.0,141.11269783973694,4,0.75,0.7232064516776167,Rectangle
329.0,90.42640614509583,4,1.1153846153846154,0.5056094940668302,Square
157.5,52.72792184352875,4,1.0714285714285714,0.7118838038353043,Square
725.0,102.42640590667725,8,0.8235294117647058,0.8684083746398493,Circle
1063.5,124.32590067386627,9,0.875,0.8646177159967355,Circle
619.5,104.04163014888763,4,1.0,0.7191788025996637,Square
184.5,67.69848465919495,4,1.0,0.5058809659436646,Square
1170.5,130.81118202209473,8,0.7954545454545454,0.8595903711970458,Circle
675.5,112.04163014888763,4,0.8484848484848485,0.6762018886947297,Square
272.5,83.84062016010284,4,0.8214285714285714,0.48715527157466215,Square
1374.5,141.63960874080658,8,0.8297872340425532,0.8609643547768165,Circle
528.5,89.84061968326569,9,0.71875,0.8228285988906393,Circle
1387.0,163.11269783973694,4,0.7708333333333334,0.6551048026513411,Rectangle
425.0,96.91168701648712,3,0.8484848484848485,0.5686518895740758,Triangle
164.5,61.69848430156708,4,1.0526315789473684,0.54303369214991,Square
691.0,114.62741661071777,4,0.90625,0.6608621850614324,Square
1414.0,144.71067714691162,8,0.7450980392156863,0.8485122605580643,Circle
624.5,110.18376553058624,4,1.032258064516129,0.6464085409692502,Square
621.0,104.62741661071777,4,1.1111111111111112,0.7128701992718056,Square
291.0,96.08326005935669,4,0.5263157894736842,0.3961023262033909,Rectangle
428.5,104.32590043544769,3,0.8571428571428571,0.4947392959539894,Triangle
871.0,127.94112491607666,4,1.0,0.6686636108180305,Square
406.0,107.740114569664,4,0.7631578947368421,0.4395224182114452,Rectangle
2833.0,204.99494683742523,8,0.6891891891891891,0.8471691395844783,Circle
1150.5,144.5269113779068,4,0.7727272727272727,0.6921481201574866,Rectangle
716.0,113.79898953437805,4,1.0689655172413792,0.6947780265068121,Square
216.5,136.04163002967834,3,0.12698412698412698,0.14700229358603376,Triangle
377.5,83.21320307254791,4,1.0434782608695652,0.6850816598484171,Square
670.5,126.81118142604828,3,0.6595744680851063,0.5239544689639297,Triangle
824.0,123.4558436870575,4,1.064516129032258,0.6793815870524522,Square
360.5,93.84061980247498,3,0.9655172413793104,0.5144384226575165,Triangle
512.5,94.38477599620819,4,1.173913043478261,0.7229359717622608,Square
1150.0,140.28427076339722,4,0.75,0.7343274222895307,Rectangle
1430.0,143.88225054740906,8,0.7959183673469388,0.8680234480019097,Circle
332.0,92.42640614509583,4,1.1153846153846154,0.4883776881554294,Square
156.5,51.899494767189026,4,1.0714285714285714,0.7301262213502713,Square
451.5,100.32590043544769,4,0.6153846153846154,0.5636915001024053,Rectangle
729.0,104.08326017856598,10,0.8529411764705882,0.8456207245785545,Circle
1062.5,124.32590055465698,8,0.875,0.8638047249724776,Circle
620.5,104.04163014888763,4,1.0,0.7203397046216162,Square
1167.5,131.63960886001587,8,0.7954545454545454,0.8466298701298101,Circle
676.0,110.62741661071777,4,0.8181818181818182,0.6941143425673372,Square
272.0,84.42640602588654,4,0.8518518518518519,0.4795370463424676,Square
1378.5,141.6396086215973,8,0.8297872340425532,0.8634698909113276,Circle
525.5,89.01219260692596,8,0.71875,0.8334577444652634,Circle
1389.0,163.11269772052765,4,0.7708333333333334,0.6560494392305369,Rectangle
424.5,96.32590067386627,3,0.8484848484848485,0.5749120370415548,Triangle
2040.5,240.00714004039764,4,0.7241379310344828,0.4451415558703913,Rectangle
689.0,114.62741661071777,4,0.90625,0.658949414627101,Square
1418.0,145.53910422325134,8,0.7450980392156863,0.8412531429014947,Circle
627.5,109.35533845424652,4,1.032258064516129,0.6593919123046769,Square
622.0,104.62741661071777,4,1.1111111111111112,0.7140181384010678,Square
298.0,95.25483298301697,4,0.5263157894736842,0.41271674370277495,Rectangle
429.5,105.15432751178741,3,0.8571428571428571,0.48811115353967705,Triangle
871.0,127.94112491607666,4,0.9722222222222222,0.6686636108180305,Square
339.5,97.84061992168427,4,0.5945945945945946,0.44566779404720935,Rectangle
2833.0,204.99494695663452,8,0.6891891891891891,0.8471691385991814,Circle
1150.5,145.35533833503723,4,0.7333333333333333,0.6842810519303475,Rectangle
721.0,112.97056245803833,4,1.0689655172413792,0.7099283944984848,Square
217.0,142.28427076339722,3,0.12307692307692308,0.1346963455839202,Triangle
379.5,84.04163014888763,4,1.0434782608695652,0.6752004276264958,Square
667.5,127.63960909843445,4,0.6458333333333334,0.514861245670135,Rectangle
823.0,120.97056245803833,4,1.032258064516129,0.7067247475670786,Square
359.0,94.42640697956085,3,0.9655172413793104,0.5059613973058729,Triangle
1148.0,140.28427076339722,4,0.75,0.7330503311203317,Rectangle
1432.0,144.71067762374878,8,0.8163265306122449,0.8593136839544413,Circle
334.5,91.01219248771667,4,1.1153846153846154,0.5074658630223445,Square
156.5,51.899494767189026,4,1.0714285714285714,0.7301262213502713,Square
454.0,103.39696907997131,4,0.6153846153846154,0.5336421193759492,Rectangle
724.0,103.25483322143555,9,0.8235294117647058,0.8533509005053671,Circle
1058.0,124.56854093074799,8,0.8536585365853658,0.8567986559129648,Circle
622.5,103.21320307254791,4,1.0,0.7343087577584427,Square
189.5,68.52691149711609,4,0.9545454545454546,0.5071036786687724,Square
1168.0,129.39696848392487,8,0.7954545454545454,0.8766061298508887,Circle
677.5,111.21320307254791,4,0.8181818181818182,0.6883454805332093,Square
274.5,85.49747431278229,3,0.8214285714285714,0.47189528930943264,Triangle
1380.5,142.46803617477417,8,0.8297872340425532,0.8546954642426762,Circle
523.5,88.18376553058624,8,0.6875,0.8459589133768627,Circle
1386.5,163.69848430156708,4,0.7708333333333334,0.6501902031662113,Rectangle
426.5,95.49747371673584,4,0.8181818181818182,0.5876857140369013,Square
692.0,115.4558436870575,4,0.8787878787878788,0.6523551872521729,Square
1412.5,145.2964632511139,8,0.7450980392156863,0.840791348944956,Circle
628.5,109.35533845424652,4,1.032258064516129,0.6604427360693058,Square
621.0,105.4558436870575,4,1.1111111111111112,0.7017140352090856,Square
300.5,96.66904628276825,4,0.5263157894736842,0.4040912741151302,Rectangle
752.5,135.78174459934235,3,0.6274509803921569,0.5129010633224294,Triangle
1007.5,124.81118166446686,9,0.7272727272727273,0.8127330652329237,Circle
430.5,104.32590043544769,3,0.8571428571428571,0.49704846419648174,Triangle
872.0,127.94112491607666,4,0.9722222222222222,0.6694313072713233,Square
403.5,107.154327750206,4,0.7631578947368421,0.4416049888740966,Rectangle
2835.0,205.8233745098114,8,0.6891891891891891,0.8409565136113117,Circle
1152.5,145.35533833503723,4,0.7333333333333333,0.6854705887437857,Rectangle
720.0,112.97056245803833,4,1.0689655172413792,0.708943750400706,Square
228.5,146.04163014888763,3,0.11764705882352941,0.13463027237749076,Triangle
380.5,83.21320307254791,4,1.0434782608695652,0.6905260174101263,Square
674.5,129.29646337032318,4,0.6458333333333334,0.5070123361948523,Rectangle
824.0,120.14213538169861,4,1.032258064516129,0.7173752386579374,Square
354.5,95.49747395515442,3,0.9655172413793104,0.48847499316723825,Triangle
509.5,93.55634891986847,4,1.173913043478261,0.7314885331920702,Square
1146.0,139.4558436870575,4,0.75,0.7404931523527346,Rectangle
1437.5,145.29646396636963,8,0.8163265306122449,0.855672603333645,Circle
331.5,91.01219260692596,4,1.1153846153846154,0.5029145983594008,Square
156.5,51.899494767189026,4,1.0714285714285714,0.7301262213502713,Square
465.0,102.56854140758514,4,0.6578947368421053,0.5554365538243617,Rectangle
726.0,102.42640614509583,9,0.8235294117647058,0.8696061752461499,Circle
1053.0,125.39696824550629,8,0.8536585365853658,0.8415194573733291,Circle
616.5,103.21320307254791,4,1.0,0.7272310829848675,Square
189.5,68.52691102027893,4,0.9545454545454546,0.5071036857260256,Square
1167.0,129.39696848392487,8,0.7954545454545454,0.8758556109040986,Circle
674.5,111.21320307254791,4,0.8181818181818182,0.6852974562651656,Square
1381.5,141.6396095752716,8,0.8297872340425532,0.8653490302723092,Circle
524.5,88.18376553058624,8,0.6875,0.8475748807376591,Circle
1388.5,163.69848430156708,4,0.7708333333333334,0.651128090224511,Rectangle
425.5,95.49747371673584,3,0.8181818181818182,0.5863077873920317,Triangle
2038.0,240.59292554855347,3,0.735632183908046,0.4424338404943615,Triangle
694.0,115.4558436870575,4,0.9090909090909091,0.6542406068685087,Square
1414.5,145.29646337032318,8,0.7450980392156863,0.8419818485883934,Circle
630.5,110.18376553058624,4,1.032258064516129,0.6526190313548633,Square
622.0,106.28427076339722,4,1.1111111111111112,0.6919301494168874,Square
748.0,135.5391047000885,3,0.6274509803921569,0.5116609074094584,Triangle
1003.5,123.98275482654572,9,0.7272727272727273,0.820360378985505,Circle
431.5,105.49747359752655,3,0.8571428571428571,0.48719917600235674,Triangle
872.0,127.94112491607666,4,0.9459459459459459,0.6694313072713233,Square
402.5,108.32590079307556,4,0.7631578947368421,0.43103360475002755,Rectangle
2830.0,205.8233746290207,8,0.6891891891891891,0.8394733441845542,Circle
1151.5,144.5269113779068,4,0.75,0.6927497265200746,Rectangle
718.0,112.14213538169861,4,1.0689655172413792,0.7174583016375837,Square
233.5,147.2132030725479,4,0.11594202898550725,0.13539518640768147,Rectangle
383.5,84.04163014888763,4,1.0434782608695652,0.6823171646765773,Square
675.5,128.46803617477417,3,0.6458333333333334,0.5143337778790166,Triangle
828.0,120.97056245803833,4,1.032258064516129,0.7110183365559429,Square
347.0,93.59797954559326,3,1.0,0.4977444095799249,Triangle
506.5,93.55634891986847,4,1.173913043478261,0.7271814368239127,Square
1150.0,139.4558436870575,4,0.75,0.7430777706855539,Rectangle
1443.0,145.88224959373474,8,0.8163265306122449,0.8520621851066574,Circle
330.5,91.01219260692596,3,1.037037037037037,0.5013975105815445,Triangle
465.0,101.74011397361755,3,0.6410256410256411,0.5645187578976821,Triangle
724.0,102.42640602588654,8,0.8235294117647058,0.8672105679665625,Circle
1052.0,124.56854128837585,8,0.8536585365853658,0.8519396794376148,Circle
615.5,103.21320307254791,4,1.0,0.7260514705226049,Square
188.0,67.94112455844879,4,0.9545454545454546,0.5118023212262984,Square
1165.0,128.56854128837585,8,0.7727272727272727,0.8856586249541472,Circle
679.0,111.79898953437805,4,0.8181818181818182,0.6826590965951792,Square
1375.5,141.63960933685303,8,0.8085106382978723,0.8615907311956039,Circle
520.5,88.18376541137695,8,0.6875,0.8411110135685489,Circle
1388.5,164.5269113779068,4,0.7708333333333334,0.6445874688796414,Rectangle
423.5,94.66904664039612,3,0.84375,0.5938096779646299,Triangle
2024.5,240.0071405172348,3,0.735632183908046,0.441651103297579,Triangle
695.5,118.5269113779068,4,0.9090909090909091,0.6221184242242337,Square
1416.0,144.71067690849304,8,0.7450980392156863,0.8497124221423398,Circle
631.0,111.5979790687561,4,1.032258064516129,0.6366878514399255,Square
914.0,130.28427076339722,4,0.9166666666666666,0.6766624655652006,Square
622.0,106.28427076339722,4,1.1111111111111112,0.6919301494168874,Square
746.5,134.12489128112793,3,0.6274509803921569,0.521459891802088,Triangle
1001.0,123.39696800708771,9,0.7272727272727273,0.8261044545491726,Circle
430.0,104.91168749332428,3,0.8571428571428571,0.4909424372146281,Triangle
873.0,127.94112491607666,4,0.9459459459459459,0.6701990037246162,Square
400.5,108.32590055465698,4,0.7631578947368421,0.42889182475099946,Rectangle
327.5,95.84061968326569,4,0.5675675675675675,0.44804531672956277,Rectangle
2836.5,205.23758840560913,8,0.7027027027027027,0.8462113498692636,Circle
1151.5,142.87005722522736,4,0.75,0.7089104347417866,Rectangle
718.0,113.31370830535889,4,1.0689655172413792,0.7026991096297217,Square
246.0,152.28427076339722,4,0.12857142857142856,0.13330145051547276,Rectangle
673.5,128.46803605556488,4,0.6458333333333334,0.5128109549139812,Rectangle
827.5,121.21320307254791,4,1.032258064516129,0.7077469576172998,Square
348.5,93.01219308376312,3,1.0,0.5062125144651419,Triangle
506.5,92.72792184352875,4,1.173913043478261,0.7402326896048507,Square
1150.0,139.4558436870575,4,0.75,0.7430777706855539,Rectangle
1444.0,145.88224947452545,8,0.8163265306122449,0.852652666184925,Circle
335.5,91.01219260692596,3,1.037037037037037,0.5089829494708265,Triangle
461.5,101.15432727336884,4,0.631578947368421,0.566777546759343,Rectangle
724.5,102.66904652118683,8,0.8529411764705882,0.8637124827576191,Circle
1049.0,123.74011492729187,8,0.8292682926829268,0.8609230232860541,Circle
612.5,104.04163014888763,4,1.0344827586206897,0.7110524884459951,Square
1167.5,129.15432786941528,8,0.7727272727272727,0.8795262908789337,Circle
678.5,112.87005722522736,4,0.8484848484848485,0.6692713366248377,Square
264.5,83.84062004089355,4,0.8214285714285714,0.4728534667813495,Square
1379.5,142.81118178367615,8,0.8085106382978723,0.8499769388184186,Circle
522.5,88.18376553058624,8,0.6875,0.8443429460160665,Circle
1394.5,164.5269112586975,4,0.7708333333333334,0.6473728675946971,Rectangle
421.5,95.49747383594513,3,0.8181818181818182,0.5807960793625403,Triangle
2017.5,239.17871344089508,3,0.7241379310344828,0.4431781665968242,Triangle
170.5,63.69848430156708,4,1.105263157894737,0.5280512200822016,Square
701.5,115.69848430156708,4,0.9090909090909091,0.6585400621028886,Square
1410.5,145.2964630126953,8,0.7450980392156863,0.839600850675322,Circle
633.0,110.76955199241638,4,1.032258064516129,0.648295154522106,Square
912.0,131.94112491607666,4,0.9166666666666666,0.6583310475434213,Square
621.0,104.62741661071777,4,1.1111111111111112,0.7128701992718056,Square
748.5,134.95331835746765,3,0.6274509803921569,0.5164574338189123,Triangle
1001.0,123.396968126297,9,0.7272727272727273,0.8261044529530341,Circle
431.5,104.32590138912201,3,0.8571428571428571,0.4982030392092814,Triangle
873.5,128.18376553058624,4,0.972972972972973,0.6680465457953259,Square
400.0,108.91168713569641,4,0.7631578947368421,0.42376090163002794,Rectangle
327.0,94.42640626430511,4,0.5675675675675675,0.46086178112950804,Rectangle
2825.5,205.23758828639984,8,0.7027027027027027,0.8429297274222194,Circle
1146.5,142.87005722522736,4,0.75,0.7058322305092996,Rectangle
710.0,113.79898953437805,4,1.0689655172413792,0.6889558642735147,Square
249.0,153.4558435678482,4,0.1267605633802817,0.13287471598958625,Rectangle
384.5,82.38477599620819,4,1.0,0.7118889925100823,Square
670.0,129.05382239818573,4,0.6458333333333334,0.5055253309350662,Rectangle
826.0,120.62741661071777,4,1.032258064516129,0.7133421024300645,Square
348.5,93.01219284534454,4,1.0,0.5062125170602956,Square
1153.5,139.69848430156708,4,0.75,0.7427524185076643,Rectangle
1440.0,145.88224959373474,8,0.8163265306122449,0.8502907460523816,Circle
336.0,92.42640614509583,4,1.037037037037037,0.4942617566874225,Square
445.0,99.74011468887329,4,0.631578947368421,0.5621214378450228,Rectangle
730.0,103.25483274459839,8,0.8529411764705882,0.8604228772410569,Circle
1049.0,123.74011468887329,8,0.8292682926829268,0.8609230266036532,Circle
610.5,103.21320307254791,4,1.0,0.7201534082112921,Square
1163.5,129.98275518417358,8,0.7954545454545454,0.8653758577960479,Circle
1379.5,142.81118166446686,8,0.8085106382978723,0.8499769402374273,Circle
1398.5,165.35533833503723,4,0.7916666666666666,0.6427408373489272,Rectangle
421.5,96.32590091228485,3,0.8181818181818182,0.5708490516217769,Triangle
2012.5,239.1787132024765,3,0.7241379310344828,0.44207983249280386,Triangle
695.5,115.69848430156708,4,0.9090909090909091,0.6529075027691505,Square
1410.5,145.2964630126953,7,0.7450980392156863,0.839600850675322,Circle
630.5,109.35533833503723,4,1.0,0.6625443850430556,Square
912.0,129.4558436870575,4,0.9166666666666666,0.6838508380509616,Square
627.0,106.28427076339722,4,1.1481481481481481,0.6974922888816534,Square
745.5,134.95331847667694,3,0.6274509803921569,0.5143874632355321,Triangle
997.0,123.39696860313416,9,0.7272727272727273,0.8228033298988758,Circle
426.0,106.56854200363159,4,0.8857142857142857,0.47136943148800187,Square
873.0,127.94112491607666,4,0.972972972972973,0.6701990037246162,Square
402.5,107.15432751178741,4,0.7631578947368421,0.4405105546785484,Rectangle
2818.0,204.16652035713196,8,0.6986301369863014,0.8495360221405017,Circle
1143.5,143.69848430156708,4,0.7727272727272727,0.6958917027088184,Rectangle
708.0,113.79898953437805,4,1.0689655172413792,0.6870151435290823,Square
382.0,81.79898953437805,4,1.0,0.7174263923085311,Square
670.0,129.05382227897644,4,0.6458333333333334,0.5055253318689915,Rectangle
822.0,121.4558436870575,4,1.032258064516129,0.7002366717818601,Square
349.0,93.5979790687561,4,0.9642857142857143,0.5006132585399476,Square
1151.0,139.4558436870575,4,0.75,0.7437239252687589,Rectangle
1441.0,145.88224971294403,8,0.8163265306122449,0.8508812243465264,Circle
336.0,92.42640614509583,4,1.037037037037037,0.4942617566874225,Square
447.0,99.74011433124542,4,0.631578947368421,0.5646478303789187,Rectangle
728.0,103.25483274459839,8,0.8529411764705882,0.8580655542897115,Circle
1050.0,123.74011385440826,9,0.8292682926829268,0.8617437465452932,Circle
614.0,103.79898953437805,4,1.0,0.7161301915480297,Square
1165.5,130.8111822605133,8,0.7954545454545454,0.8559184741376945,Circle
686.5,112.87005722522736,4,0.8484848484848485,0.6771625240868845,Square
1377.0,141.39696848392487,8,0.8085106382978723,0.865493095228798,Circle
527.0,89.5979790687561,8,0.6875,0.824943207946265,Circle
1400.0,166.42640602588654,4,0.7916666666666666,0.6351750497760189,Rectangle
421.5,96.32590079307556,3,0.8181818181818182,0.5708490530346993,Triangle
2018.5,240.35028648376465,3,0.7241379310344828,0.439085736555582,Triangle
1412.5,145.2964630126953,7,0.7450980392156863,0.8407913517042838,Circle
629.5,109.35533833503723,4,1.0,0.6614935612761356,Square
911.0,128.62741661071777,4,0.9166666666666666,0.691928384178358,Square
619.0,104.62741661071777,4,1.1111111111111112,0.7105743210132812,Square
426.0,106.56854128837585,4,0.8857142857142857,0.47136943781537927,Square
876.0,127.11269783973694,4,1.0,0.6812964055027894,Square
398.5,107.9827550649643,4,0.7631578947368421,0.4294665881997026,Rectangle
2818.5,205.23758828639984,9,0.7123287671232876,0.8408414216030882,Circle
1143.0,143.11269783973694,4,0.7727272727272727,0.7012934084359841,Rectangle
707.0,112.97056245803833,4,1.0344827586206897,0.6961433771295821,Square
246.5,148.87005710601807,3,0.13043478260869565,0.13976939255621454,Triangle
380.0,81.79898953437805,4,1.0,0.7136702331864969,Square
670.0,128.22539567947388,4,0.6458333333333334,0.512078534080085,Rectangle
820.0,121.4558436870575,4,1.032258064516129,0.698532932921077,Square
348.5,95.0121921300888,3,0.9642857142857143,0.48512535089502695,Triangle
1155.0,141.11269783973694,4,0.75,0.7288860834970744,Rectangle
1437.0,146.71067678928375,8,0.8163265306122449,0.8389637400950607,Circle
333.5,91.84061968326569,3,1.0740740740740742,0.49686235268329243,Triangle
447.0,100.08326041698456,4,0.631578947368421,0.5607825579185293,Rectangle
728.0,104.08325982093811,8,0.8285714285714286,0.8444607568225603,Circle
1052.0,123.74011433124542,9,0.8292682926829268,0.8633851565512055,Circle
614.0,103.79898953437805,4,1.0,0.7161301915480297,Square
1167.5,129.98275518417358,8,0.7954545454545454,0.8683509359491928,Circle
687.5,112.87005722522736,4,0.8484848484848485,0.6781489225196403,Square
1379.0,141.39696860313416,8,0.8085106382978723,0.8667501643486197,Circle
526.0,89.5979791879654,8,0.6875,0.8233778486244439,Circle
1399.0,164.76955199241638,4,0.7916666666666666,0.6475505204951919,Rectangle
416.5,94.66904664039612,3,0.84375,0.5839946419652146,Triangle
2021.5,240.35028541088104,3,0.7241379310344828,0.4397383326090718,Triangle
693.5,115.69848430156708,4,0.9090909090909091,0.6510299829912377,Square
1407.5,144.4680359363556,8,0.7254901960784313,0.8474512614474796,Circle
633.5,110.18376541137695,4,1.032258064516129,0.6557242779665438,Square
912.0,129.4558436870575,4,0.9166666666666666,0.6838508380509616,Square
620.0,104.62741661071777,4,1.1111111111111112,0.7117222601425434,Square
997.0,122.56854128837585,9,0.7045454545454546,0.8339633924475033,Circle
874.0,127.11269783973694,4,1.0,0.6797409342573492,Square
399.0,108.56854128837585,4,0.7631578947368421,0.42537773477460905,Rectangle
2819.0,204.99494767189026,8,0.6986301369863014,0.8429826279723908,Circle
1147.5,144.5269113779068,4,0.7727272727272727,0.6903433010697226,Rectangle
705.0,112.97056245803833,4,1.0344827586206897,0.6941740889340247,Square
251.0,149.4558435678482,4,0.13043478260869565,0.14120750683181732,Rectangle
381.0,81.79898953437805,4,1.0,0.715548312747514,Square
669.0,127.05382263660431,4,0.6458333333333334,0.5207874495209887,Rectangle
821.0,120.62741661071777,4,1.032258064516129,0.70902405096257,Square
346.0,94.76955187320709,3,0.9642857142857143,0.48411474313474845,Triangle
1152.0,139.4558436870575,4,0.75,0.7443700798519637,Rectangle
1435.0,146.71067690849304,8,0.8163265306122449,0.8377960786916778,Circle
333.0,90.76955199241638,4,1.037037037037037,0.5078947383568768,Square
447.5,99.49747371673584,4,0.631578947368421,0.5680398391130209,Rectangle
728.0,104.0832599401474,8,0.8285714285714286,0.844460754888194,Circle
1051.0,123.74011433124542,9,0.8292682926829268,0.8625644482274875,Circle
614.5,103.21320307254791,4,1.0,0.7248718580603424,Square
1168.0,130.56854140758514,8,0.7954545454545454,0.86094538343909,Circle
686.5,113.69848430156708,4,0.8484848484848485,0.6673306239516075,Square
1379.0,142.2253955602646,8,0.8085106382978723,0.8566823701961923,Circle
525.5,89.0121922492981,8,0.6875,0.833457751162497,Circle
1406.0,164.76955199241638,4,0.7916666666666666,0.6507905874311936,Rectangle
418.5,95.49747371673584,3,0.8181818181818182,0.5766623008779442,Triangle
2012.0,240.93607258796692,3,0.7241379310344828,0.4355461577001626,Triangle
1412.5,145.2964630126953,8,0.7450980392156863,0.8407913517042838,Circle
630.5,110.18376541137695,4,1.032258064516129,0.6526190327670179,Square
915.0,129.4558436870575,4,0.9166666666666666,0.6861003473866555,Square
620.0,104.62741661071777,4,1.1111111111111112,0.7117222601425434,Square
998.0,122.56854116916656,8,0.7045454545454546,0.8347998668822242,Circle
875.0,127.11269783973694,4,1.0,0.6805186698800693,Square
398.5,107.9827550649643,4,0.7631578947368421,0.4294665881997026,Rectangle
2821.5,203.5807341337204,8,0.6986301369863014,0.8554932088582288,Circle
1149.0,143.94112491607666,4,0.7727272727272727,0.6968833811614334,Rectangle
706.0,110.48528122901917,4,1.0344827586206897,0.7267845962520662,Square
250.0,150.62741649150848,3,0.12857142857142856,0.13846557646930624,Triangle
380.0,81.79898953437805,4,1.0,0.7136702331864969,Square
726.0,105.59797894954681,8,0.6153846153846154,0.818154403453869,Circle
671.5,127.63960921764374,4,0.6458333333333334,0.5179465555381368,Rectangle
820.5,120.38477599620819,4,1.032258064516129,0.7114515197716643,Square
348.0,95.5979790687561,3,0.9642857142857143,0.4785107348187828,Triangle
1150.0,140.28427076339722,4,0.75,0.7343274222895307,Rectangle
1439.0,146.71067678928375,8,0.8163265306122449,0.8401314001369466,Circle
336.0,91.5979790687561,3,1.0740740740740742,0.5032425537958037,Triangle
155.0,52.485281229019165,4,1.0714285714285714,0.7070766652120216,Square
448.5,100.32590067386627,3,0.6153846153846154,0.5599460389686066,Triangle
728.0,104.08326005935669,8,0.8285714285714286,0.8444607529538279,Circle
1050.0,123.74011421203613,8,0.8292682926829268,0.8617437415641505,Circle
617.0,103.79898953437805,4,1.0,0.71962919899859,Square
1170.0,130.56854140758514,8,0.7954545454545454,0.8624196049860748,Circle
687.5,113.69848430156708,4,0.8484848484848485,0.6683027006070359,Square
1377.0,141.39696848392487,8,0.8085106382978723,0.865493095228798,Circle
526.0,89.59797894954681,8,0.6875,0.8233778530064305,Circle
1408.0,166.42640602588654,4,0.7916666666666666,0.6388046214890247,Rectangle
419.5,95.49747383594513,3,0.8181818181818182,0.5780402260796812,Triangle
2007.0,238.59292697906494,4,0.7241379310344828,0.44303915138525773,Rectangle
1409.5,144.46803605556488,8,0.7254901960784313,0.8486554536688763,Circle
629.5,109.35533833503723,4,1.032258064516129,0.6614935612761356,Square
618.0,105.4558436870575,4,1.1111111111111112,0.6983241123336794,Square
745.5,136.12489092350006,3,0.6274509803921569,0.5055713117610178,Triangle
999.0,122.56854128837585,8,0.7045454545454546,0.8356363380692635,Circle
422.5,105.49747407436371,4,0.8571428571428571,0.4770374275787527,Square
874.0,127.94112491607666,4,1.0,0.6709667001779089,Square
397.5,107.98275458812714,4,0.7435897435897436,0.428388884108086,Rectangle
2817.0,204.99494755268097,8,0.6986301369863014,0.8423845568499785,Circle
1151.0,144.7695518732071,4,0.7555555555555555,0.6901297153821323,Rectangle
705.0,110.48528122901917,4,1.0344827586206897,0.7257551563140321,Square
254.5,154.04163014888763,3,0.1267605633802817,0.13477875455434474,Triangle
380.5,80.72792184352875,4,1.0454545454545454,0.7336973994058614,Square
725.0,106.42640602588654,8,0.6153846153846154,0.8043574297076838,Circle
671.0,128.22539520263672,4,0.6458333333333334,0.5128428342138677,Rectangle
817.0,119.79898953437805,4,1.032258064516129,0.7153615782599142,Square
343.5,95.01219260692596,3,0.9310344827586207,0.4781651545475056,Triangle
1149.0,140.28427076339722,4,0.75,0.7336888767049312,Rectangle
1433.5,144.46803605556488,8,0.8333333333333334,0.8631057771084314,Circle
336.5,91.01219260692596,3,1.0740740740740742,0.5105000372486829,Triangle
449.0,99.74011409282684,3,0.6153846153846154,0.5671742215932771,Triangle
726.0,104.0832599401474,8,0.8285714285714286,0.8421408077593805,Circle
1051.0,123.74011433124542,8,0.8292682926829268,0.8625644482274875,Circle
621.0,104.62741661071777,4,1.0,0.7128701992718056,Square
192.5,68.52691173553467,4,0.9545454545454546,0.515131701659515,Square
1169.0,130.56854128837585,8,0.7954545454545454,0.8616824957860175,Circle
688.5,113.69848430156708,4,0.8484848484848485,0.6692747772624644,Square
1378.5,141.982754945755,8,0.8085106382978723,0.8593012371620724,Circle
523.0,89.59797894954681,8,0.6875,0.8186817816014509,Circle
1406.0,166.42640614509583,4,0.7916666666666666,0.6378972276469367,Rectangle
422.5,95.49747371673584,3,0.8181818181818182,0.5821740074574228,Triangle
2010.5,238.0071406364441,3,0.7241379310344828,0.44599908502195523,Triangle
692.5,113.21320307254791,4,0.90625,0.6789463941737462,Square
1410.5,145.2964631319046,8,0.7450980392156863,0.8396008492976116,Circle
629.5,109.35533833503723,4,1.032258064516129,0.6614935612761356,Square
616.0,105.4558436870575,4,1.1111111111111112,0.6960641637500752,Square
743.5,134.12489092350006,3,0.6274509803921569,0.5193642754486164,Triangle
999.5,123.9827550649643,9,0.7272727272727273,0.8170903793148852,Circle
422.5,105.49747407436371,4,0.8571428571428571,0.4770374275787527,Square
870.0,127.11269783973694,4,1.0,0.6766299917664689,Square
399.0,106.5685418844223,4,0.717948717948718,0.44149390512789516,Rectangle
2818.5,204.40916121006012,8,0.6986301369863014,0.84767073721294,Circle
1150.0,143.94112479686737,4,0.7333333333333333,0.6974898952681314,Rectangle
711.0,111.31370830535889,4,1.0344827586206897,0.7210778623558004,Square
254.5,153.69848430156708,3,0.1267605633802817,0.13538123801325058,Triangle
382.0,81.31370830535889,4,1.0454545454545454,0.7260151643882684,Square
725.5,105.8406194448471,8,0.6153846153846154,0.8138465651956462,Circle
668.0,128.225395321846,4,0.6458333333333334,0.5105499442889452,Rectangle
811.0,119.79898953437805,4,1.032258064516129,0.7101080048577607,Square
347.0,95.59797894954681,3,0.9310344827586207,0.477135705161565,Triangle
1432.5,144.46803617477417,8,0.8333333333333334,0.8625036788750424,Circle
335.5,91.01219260692596,3,1.0740740740740742,0.5089829494708265,Triangle
157.0,52.485281229019165,4,1.0714285714285714,0.7162002350857251,Square
154.0,62.76955211162567,4,0.8181818181818182,0.4911707831643571,Square
446.5,99.15432834625244,3,0.6153846153846154,0.5707001322011753,Triangle
726.0,104.08326017856598,8,0.8285714285714286,0.8421408039012767,Circle
1047.0,124.56854128837585,8,0.8292682926829268,0.8478905364745082,Circle
623.0,103.79898953437805,4,1.0,0.7266272138997109,Square
193.5,69.35533809661865,3,0.9130434782608695,0.5055115082498288,Triangle
1168.0,130.56854128837585,8,0.7954545454545454,0.8609453850111791,Circle
681.5,113.69848430156708,4,0.8484848484848485,0.6624702406744655,Square
1375.0,142.2253955602646,8,0.8085106382978723,0.8541974322115767,Circle
524.0,89.5979791879654,8,0.6875,0.820247134371119,Circle
1407.5,165.01219248771667,4,0.7916666666666666,0.6495703575099301,Rectangle
422.5,95.49747383594513,3,0.8181818181818182,0.5821740060039697,Triangle
2008.5,238.0071406364441,3,0.7241379310344828,0.44555541520348024,Triangle
693.5,113.21320307254791,4,0.90625,0.6799268221797733,Square
1409.5,145.2964632511139,8,0.7450980392156863,0.8390055974073738,Circle
629.5,109.35533833503723,4,1.032258064516129,0.6614935612761356,Square
615.0,106.28427076339722,4,1.1111111111111112,0.684143154166215,Square
738.5,134.46803605556488,3,0.64,0.5132420604511763,Triangle
997.5,123.154327750206,8,0.7045454545454546,0.8264629945774353,Circle
422.5,105.49747383594513,4,0.8571428571428571,0.47703742973491026,Square
869.0,127.11269783973694,4,1.0,0.6758522561437489,Square
402.0,106.5685418844223,4,0.717948717948718,0.4448134081739696,Rectangle
2818.5,203.5807341337204,8,0.6986301369863014,0.8545835935378053,Circle
1149.0,143.11269772052765,4,0.75,0.704974739838447,Rectangle
712.0,112.97056245803833,4,1.0,0.701066597618476,Square
258.5,154.87005722522736,3,0.125,0.13543642882057816,Triangle
379.0,81.31370830535889,4,1.0454545454545454,0.7203134746155856,Square
724.5,106.66904664039612,8,0.6410256410256411,0.8001500314932986,Circle
666.0,128.225395321846,3,0.6458333333333334,0.5090213516413734,Triangle
807.0,120.14213538169861,4,1.032258064516129,0.7025750213555286,Square
353.0,95.59797883033752,3,0.9310344827586207,0.48538589147576144,Triangle
1433.5,144.46803557872772,8,0.8333333333333334,0.8631057828060366,Circle
337.0,91.5979790687561,3,1.0740740740740742,0.5047402994916245,Triangle
451.5,100.3259015083313,3,0.6153846153846154,0.5636914880461894,Triangle
723.0,104.08326029777527,8,0.8285714285714286,0.8386608813029179,Circle
1050.5,124.32590079307556,8,0.8292682926829268,0.8540488095089509,Circle
623.0,103.79898953437805,4,1.0,0.7266272138997109,Square
192.5,68.52691113948822,4,0.9545454545454546,0.5151317106207368,Square
1167.0,129.39696848392487,8,0.7954545454545454,0.8758556109040986,Circle
681.5,112.04163014888763,4,0.8484848484848485,0.682208123087281,Square
1376.0,142.22539603710175,8,0.8085106382978723,0.8548186609758528,Circle
522.0,89.5979790687561,8,0.6875,0.8171164222921258,Circle
1400.0,165.5979790687561,4,0.7755102040816326,0.6415460492462435,Rectangle
422.5,95.49747371673584,3,0.8181818181818182,0.5821740074574228,Triangle
2004.5,238.00713968276978,3,0.7241379310344828,0.4446680791300245,Triangle
1406.5,144.46803629398346,8,0.7254901960784313,0.8468491604437867,Circle
629.5,109.35533845424652,4,1.032258064516129,0.6614935598339348,Square
614.0,105.4558436870575,4,1.1111111111111112,0.6938042151664711,Square
737.5,132.46803629398346,3,0.64,0.5281407671112496,Triangle
995.5,123.1543276309967,8,0.7045454545454546,0.8248059275133979,Circle
425.5,105.49747371673584,4,0.8571428571428571,0.48042467884243034,Square
870.0,126.28427076339722,4,0.9722222222222222,0.6855365194612713,Square
399.5,106.81118249893188,4,0.717948717948718,0.44004105922347625,Rectangle
2817.5,203.58073437213898,8,0.6986301369863014,0.8542803864300585,Circle
1156.5,142.87005710601807,4,0.75,0.7119886401624256,Rectangle
712.0,112.97056245803833,4,1.0344827586206897,0.701066597618476,Square
265.5,157.6984841823578,3,0.1232876712328767,0.13415885767799146,Triangle
379.0,81.31370830535889,4,1.0454545454545454,0.7203134746155856,Square
725.5,106.66904652118683,8,0.6410256410256411,0.8012544501668704,Circle
668.0,127.05382239818573,3,0.6458333333333334,0.5200089948963349,Triangle
809.0,120.14213538169861,4,1.032258064516129,0.704316223391106,Square
355.0,94.42640721797943,3,0.9310344827586207,0.5003239418845499,Triangle
1430.5,144.46803617477417,8,0.8333333333333334,0.8612994852570667,Circle
337.0,91.5979790687561,3,1.0740740740740742,0.5047402994916245,Triangle
455.0,100.9116872549057,3,0.6153846153846154,0.5614852154861678,Triangle
722.0,103.25483334064484,8,0.8529411764705882,0.8509935756108238,Circle
1046.5,123.49747371673584,8,0.85,0.8622494962502232,Circle
623.0,103.79898953437805,4,1.0,0.7266272138997109,Square
194.5,69.35533833503723,4,0.9130434782608695,0.5081239673312702,Square
1166.0,129.3969682455063,8,0.7954545454545454,0.875105095182134,Circle
680.0,111.4558436870575,4,0.8484848484848485,0.6878806442458998,Square
1376.5,142.46803653240204,8,0.8297872340425532,0.8522189790825976,Circle
520.5,89.01219284534454,9,0.6875,0.8255275997530537,Circle
1395.5,165.35533845424652,4,0.7755102040816326,0.6413620573665803,Rectangle
421.5,95.49747383594513,3,0.8181818181818182,0.5807960793625403,Triangle
2004.0,238.5929262638092,3,0.7241379310344828,0.4423769131535957,Triangle
1402.5,144.46803629398346,8,0.7254901960784313,0.8444407732118099,Circle
628.0,109.94112491607666,4,1.032258064516129,0.6529037380491782,Square
615.0,104.62741661071777,4,1.1111111111111112,0.7059825644962325,Square
740.5,134.4680359363556,3,0.64,0.5146320195503777,Triangle
999.0,122.56854152679443,8,0.7045454545454546,0.8356363348183277,Circle
428.0,104.91168749332428,4,0.8571428571428571,0.488658984018281,Square
874.0,127.11269783973694,4,0.9722222222222222,0.6797409342573492,Square
401.5,107.15432822704315,4,0.717948717948718,0.4394161126516464,Rectangle
2822.5,203.5807342529297,8,0.6986301369863014,0.8557964129627916,Circle
1153.5,143.69848430156708,4,0.75,0.7019773319410774,Rectangle
716.0,112.14213538169861,4,1.0689655172413792,0.7154598105466714,Square
266.0,156.28427076339722,3,0.125,0.13685509150888983,Triangle
377.5,80.72792184352875,4,1.0454545454545454,0.7279126630110714,Square
727.5,105.8406194448471,8,0.6410256410256411,0.8160901118950139,Circle
664.5,127.63960909843445,3,0.6458333333333334,0.5125472625435277,Triangle
806.0,120.14213538169861,4,1.0,0.7017044203377397,Square
349.0,93.59798049926758,3,0.9310344827586207,0.5006132432376302,Triangle
1429.5,144.46803605556488,8,0.8333333333333334,0.8606973898685056,Circle
337.0,91.5979790687561,3,1.0740740740740742,0.5047402994916245,Triangle
460.5,100.32590067386627,3,0.6153846153846154,0.5749278727871647,Triangle
720.0,104.08326005935669,8,0.8529411764705882,0.8351809644598299,Circle
1050.5,124.32590055465698,8,0.875,0.8540488127845532,Circle
624.0,103.79898953437805,4,1.0,0.7277935497165643,Square
1168.5,129.63960874080658,8,0.7777777777777778,0.8737016531959385,Circle
680.0,110.62741661071777,4,0.875,0.6982215280263155,Square
1381.0,143.05382215976715,8,0.8297872340425532,0.8480171019539458,Circle
521.5,89.01219260692596,9,0.6875,0.8271136322333681,Circle
1400.0,164.28427076339722,4,0.7551020408163265,0.6518473901506151,Rectangle
423.5,94.66904664039612,4,0.84375,0.5938096779646299,Square
2008.5,239.17871356010437,4,0.7241379310344828,0.44120116318335906,Rectangle
1403.5,144.4680358171463,8,0.7254901960784313,0.8450428755981709,Circle
631.0,109.59797894954681,4,1.032258064516129,0.6601370865112232,Square
613.0,104.62741661071777,4,1.1111111111111112,0.7036866862377082,Square
742.5,134.12489080429077,3,0.6274509803921569,0.5186657366591589,Triangle
995.0,122.5685418844223,8,0.7045454545454546,0.8322904387309454,Circle
424.5,104.32590067386627,3,0.8571428571428571,0.4901209572288334,Triangle
876.0,127.11269783973694,4,0.9459459459459459,0.6812964055027894,Square
398.5,107.15432810783386,4,0.717948717948718,0.4361328051837987,Rectangle
2822.5,203.5807341337204,8,0.6986301369863014,0.8557964139650366,Circle
1158.0,142.28427076339722,4,0.75,0.7187943234386157,Rectangle
720.0,113.79898953437805,4,1.0333333333333334,0.6986594679956769,Square
264.5,154.87005710601807,3,0.125,0.13858002119222992,Triangle
374.0,80.97056245803833,4,1.0454545454545454,0.7168481256744955,Square
724.5,105.8406195640564,8,0.6153846153846154,0.8127247900152033,Circle
663.5,127.63960897922516,3,0.6458333333333334,0.5117759357906071,Triangle
809.0,120.97056245803833,4,1.032258064516129,0.6947026983982583,Square
345.0,92.76955151557922,3,0.9642857142857143,0.5037534633702758,Triangle
574.0,133.88224983215332,4,0.58,0.40241647515621787,Rectangle
1146.5,139.69848430156708,4,0.75,0.7382450349536516,Rectangle
1429.5,144.4680358171463,8,0.8333333333333334,0.8606973927093591,Circle
334.5,91.84061968326569,3,1.0740740740740742,0.4983521948202738,Triangle
154.0,52.485281229019165,4,1.0714285714285714,0.7025148802751698,Square
469.5,102.81118273735046,3,0.6153846153846154,0.5581677628180762,Triangle
734.5,104.66904675960541,8,0.8285714285714286,0.8424907206657334,Circle
1056.0,126.2253954410553,8,0.8536585365853658,0.8328759129991653,Circle
623.5,104.38477599620819,4,1.0,0.719071365227812,Square
732.0,139.88224983215332,4,0.6666666666666666,0.47010592786630684,Rectangle
1172.0,130.22539591789246,8,0.7777777777777778,0.8684525661125091,Circle
1386.5,143.63960933685303,8,0.8297872340425532,0.8444643252958914,Circle
525.5,88.18376541137695,9,0.6875,0.8491908503943754,Circle
1401.0,165.11269783973694,4,0.7551020408163265,0.6457836602023935,Rectangle
426.0,96.08326041698456,4,0.8181818181818182,0.5798611330121171,Square
2025.0,239.42135310173035,4,0.735632183908046,0.44392451588625853,Rectangle
167.5,64.52691125869751,4,1.105263157894737,0.505525330001141,Square
1401.5,143.63960933685303,8,0.74,0.8536002538061247,Circle
635.0,111.5979790687561,4,1.0,0.6407239075504797,Square
624.5,105.21320307254791,4,1.1111111111111112,0.7089274979243471,Square
746.5,134.1248916387558,3,0.6274509803921569,0.5214598890212679,Triangle
1000.0,123.74011445045471,8,0.7045454545454546,0.8207083221365606,Circle
428.5,106.32590067386627,3,0.8857142857142857,0.47630215863116004,Triangle
874.0,127.11269783973694,4,0.9459459459459459,0.6797409342573492,Square
2827.0,204.99494767189026,8,0.6891891891891891,0.8453749163809681,Circle
1156.0,144.28427076339722,4,0.75,0.6977980002416402,Rectangle
712.5,113.21320307254791,4,1.0333333333333334,0.6985549542942876,Square
256.5,155.35533833503723,3,0.1267605633802817,0.13355030101610332,Triangle
377.0,81.79898953437805,4,1.0,0.7080359945034456,Square
725.0,105.59797894954681,8,0.6153846153846154,0.8170274690138498,Circle
663.5,126.81118154525757,3,0.625,0.5184843989619089,Triangle
809.5,122.04163014888763,4,1.032258064516129,0.6829842945864002,Square
350.0,93.59797990322113,3,0.9310344827586207,0.5020476715322593,Triangle
566.5,134.46803617477417,4,0.58,0.3937056556940747,Rectangle
504.0,93.79898953437805,4,1.125,0.7198534338736122,Square
1137.5,139.69848430156708,4,0.75,0.7324498275270639,Rectangle
1431.5,144.46803605556488,8,0.8333333333333334,0.8619015834884685,Circle
340.5,91.01219260692596,3,1.0740740740740742,0.5165683883601085,Triangle
624.0,106.62741661071777,4,1.0,0.6896943676679107,Square
690.5,114.04163014888763,4,0.875,0.6671856759032493,Square
1381.5,142.81118214130402,8,0.8297872340425532,0.8512092316756537,Circle
1406.5,163.69848430156708,4,0.7551020408163265,0.6595690737492075,Rectangle
700.5,112.38477599620819,4,0.9375,0.6969522669921657,Square
1410.5,145.2964632511139,8,0.76,0.8396008479199012,Circle
625.5,106.04163014888763,4,1.1111111111111112,0.6990116070579916,Square
295.5,95.49747395515442,4,0.5263157894736842,0.4071773215258643,Rectangle
763.5,137.2964632511139,3,0.6470588235294118,0.5089794000322186,Triangle
1000.5,123.98275470733643,7,0.7272727272727273,0.8179078831622698,Circle
436.0,107.74011445045471,4,0.9411764705882353,0.47199944523215004,Square
402.0,106.56854128837585,4,0.7631578947368421,0.4448134131497241,Rectangle
2826.0,204.99494755268097,8,0.6891891891891891,0.845075881312758,Circle
1183.0,145.11269783973694,4,0.7333333333333333,0.705965984611075,Rectangle
717.0,113.79898953437805,4,1.0,0.6957483868790283,Square
246.5,150.87005710601807,3,0.13043478260869565,0.13608826529023657,Triangle
722.5,105.01219248771667,8,0.6153846153846154,0.8233192382263719,Circle
353.0,93.59797990322113,3,0.9310344827586207,0.5063509372882501,Triangle
502.0,92.97056245803833,4,1.173913043478261,0.7298316017298551,Square
1135.0,139.11269783973694,4,0.75,0.7370079616827705,Rectangle
1428.0,144.71067678928375,8,0.8163265306122449,0.8569133762841701,Circle
340.5,91.01219260692596,4,1.0740740740740742,0.5165683883601085,Square
1054.0,133.11269772052765,4,0.9210526315789473,0.7475005295134247,Square
1433.0,166.76955199241638,4,0.7755102040816326,0.6474742932749723,Rectangle
155.0,183.7645001411438,3,1.2037037037037037,0.05767908031527145,Triangle
710.0,115.4558436870575,4,0.9090909090909091,0.6693239637991948,Square
649.5,112.52691125869751,4,1.0,0.6445791051319157,Square
645.5,108.04163014888763,4,1.1071428571428572,0.6949024679631959,Square
1184.0,148.28427076339722,4,0.717391304347826,0.6766613875057084,Rectangle
214.0,134.28427076339722,3,0.14754098360655737,0.14913286021633795,Triangle
727.0,106.42640614509583,8,0.6410256410256411,0.8065763449482447,Circle
1140.0,140.28427076339722,4,0.75,0.7279419664435349,Rectangle
1432.5,144.468035697937,8,0.8333333333333334,0.862503684568673,Circle
116.0,142.42640614509583,4,1.0571428571428572,0.07185993525235125,Square
146.0,162.76955199241638,4,0.5576923076923077,0.06924945878470536,Rectangle
160.0,101.4558436870575,3,0.17777777777777778,0.19533304184877706,Triangle
108.5,113.69848430156708,4,0.09433962264150944,0.10547031711398312,Rectangle
103.0,97.94112491607666,4,6.0,0.13493260751867625,Rectangle
977.5,129.69848430156708,4,0.868421052631579,0.7302252204152736,Square
1010.5,135.35533845424652,4,0.8974358974358975,0.6930992095950282,Square
123.5,92.04163002967834,4,6.0,0.1831927233912277,Rectangle
288.0,199.53910398483276,3,7.818181818181818,0.09089632323852849,Triangle
428.0,283.1370829343796,3,9.153846153846153,0.06709036062603992,Triangle
994.0,168.16652035713196,3,0.96,0.44168959888654424,Triangle
796.5,119.01219260692596,4,1.09375,0.7066636158619306,Square
367.5,292.00714004039764,3,9.636363636363637,0.05416020080806927,Triangle
162.5,155.9238796234131,4,1.5483870967741935,0.08399200818478805,Rectangle
600.0,107.4558436870575,4,1.32,0.6529817412793268,Square
791.0,118.76955187320709,4,1.09375,0.7046543087021344,Square
202.0,73.94112491607666,3,1.3157894736842106,0.4642897826025825,Triangle
139.5,136.18376553058624,4,0.15254237288135594,0.09452210718558343,Rectangle
237.0,189.33809399604797,4,0.6181818181818182,0.08307726836737549,Rectangle
138.5,131.09545230865479,3,1.5294117647058822,0.10127083359133301,Triangle
153.5,133.78174424171448,3,1.9642857142857142,0.10777661414368439,Triangle
299.0,123.74011433124542,4,0.9459459459459459,0.2453917887916449,Square
109.0,104.56854128837585,4,1.75,0.12526630365444552,Rectangle
109.0,94.9116872549057,3,2.2777777777777777,0.1520536935292686,Triangle
102.0,97.5979790687561,3,0.2558139534883721,0.13456384431667182,Triangle
148.5,147.78174448013306,3,2.066666666666667,0.08544659086084622,Triangle
3756.5,1565.0996277332306,4,13.869565217391305,0.01927122317608169,Rectangle
1513.0,181.68123960494995,3,0.8333333333333334,0.5760081432405189,Triangle
1038.0,684.3818111419678,4,0.7134502923976608,0.027849044557699137,Rectangle
2844.5,210.40916097164154,8,0.7027027027027027,0.8073958503076668,Circle
452.5,267.722869515419,3,0.22727272727272727,0.07933366265043823,Triangle
228.5,213.58073365688324,4,1.2926829268292683,0.06294654830885131,Square
227.0,268.793937087059,4,1.5,0.03948178544589974,Square
3545.0,1591.4844045639038,4,10.931034482758621,0.01758819731494293,Rectangle
184.0,140.911687374115,3,0.24193548387096775,0.11644843495603094,Triangle
108.5,94.04163014888763,3,0.13953488372093023,0.15416979849230036,Triangle
112.0,156.9116872549057,3,0.19444444444444445,0.05716330126464889,Triangle
787.5,431.9482647180557,3,0.17391304347826086,0.053039199304794546,Triangle
104.0,118.28427076339722,3,0.16363636363636364,0.09340910477025306,Triangle
1075.0,544.3330410718918,3,0.14767932489451477,0.04559203051057227,Triangle
1271.0,633.2447284460068,3,0.15298507462686567,0.03983017809850476,Triangle
121.0,134.42640614509583,4,0.775,0.08414456280175574,Rectangle
413.0,287.33809328079224,3,10.333333333333334,0.06285987377356533,Triangle
127.5,97.69848418235779,4,0.22727272727272727,0.16785890959880054,Rectangle
215.5,171.98275482654572,4,0.15384615384615385,0.09155611080699004,Rectangle
370.5,99.01219260692596,4,1.565217391304348,0.47492028566253064,Rectangle
217.5,225.17871284484863,4,0.9230769230769231,0.05390318914612346,Square
459.5,304.8944424390793,3,10.0,0.062114981949398414,Triangle
186.0,206.651801943779,4,0.7037037037037037,0.05473239028081216,Rectangle
101.5,94.72792184352875,4,0.10869565217391304,0.14214117025791442,Rectangle
1356.0,530.4751763343811,3,0.2903225806451613,0.06055352389791986,Triangle
863.0,550.0731550455093,4,4.925,0.03584097026707825,Rectangle
257.5,217.37972378730774,4,0.7636363636363637,0.06847767906327622,Rectangle
795.5,141.7817438840866,4,0.68,0.4972896500245822,Rectangle
389.0,378.73506128787994,4,0.79,0.0340791255117997,Rectangle
319.5,157.78174459934235,4,5.363636363636363,0.16127506254423168,Rectangle
238.5,199.58073377609253,4,0.7450980392156863,0.0752421189195696,Rectangle
337.0,358.87719678878784,4,0.8241758241758241,0.03288122863776305,Square
205.0,122.62741661071777,4,11.4,0.1713123083004466,Rectangle
206.5,187.58073437213898,4,0.7659574468085106,0.0737485450023947,Rectangle
160.5,164.12489104270935,4,0.6818181818181818,0.0748748558340062,Rectangle
210.0,78.76955199241638,4,0.9583333333333334,0.4253166729768136,Square
515.0,106.08326029777527,4,0.9696969696969697,0.5750735272058474,Square
2577.5,272.49242067337036,4,0.8764044943820225,0.4362140845702802,Square
950.5,446.23253548145294,3,5.741935483870968,0.05998456598664306,Triangle
472.0,101.25483310222626,3,1.0,0.578522611995175,Triangle
2310.5,257.1787133216858,4,0.8690476190476191,0.43898107581138845,Square
751.0,138.71067678928375,4,0.8043478260869565,0.4904898442286384,Square
137.0,136.56854140758514,3,9.666666666666666,0.09230582093236658,Triangle
227.0,178.85281193256378,3,8.75,0.08917521726925393,Triangle
138.5,147.2964632511139,4,0.675,0.08021858540550167,Rectangle
160.0,193.6812391281128,4,0.7254901960784313,0.05359875929587183,Rectangle
437.5,99.49747371673584,3,1.0666666666666667,0.5553462114233444,Triangle
338.5,336.29140961170197,4,0.8765432098765432,0.03761291476124264,Square
710.5,130.81118202209473,3,0.8372093023255814,0.5217761287787279,Triangle
771.5,422.6345566511154,4,2.8541666666666665,0.05427699384180472,Rectangle
287.0,238.99494767189026,3,10.88888888888889,0.06314141650252446,Triangle
1056.5,483.7472540140152,3,7.296296296296297,0.05673386094411358,Triangle
169.0,182.36753070354462,4,0.72,0.06385597394464773,Rectangle
480.0,84.42640590667725,9,0.7666666666666667,0.8462418488764785,Circle
424.0,99.25483298301697,4,1.103448275862069,0.540844471598896,Square
179.5,179.72286868095398,3,1.511111111111111,0.06983411485261884,Triangle
643.0,127.39696824550629,3,0.8571428571428571,0.49785474548262026,Triangle
562.0,307.2792180776596,3,0.24786324786324787,0.07479624604008717,Triangle
2488.5,1297.0163683891296,4,9.76923076923077,0.01858902430452454,Rectangle
