257.0,176.22539615631104,6,4.294117647058823,0.1039934524037623,
211.0,96.76955199241638,6,0.425,0.28314888674927274,
1055.0,454.96045780181885,6,3.5918367346938775,0.06404939313105715,
402.0,260.6518017053604,7,0.9811320754716981,0.07435573220250574,
1246.5,203.2964632511139,7,0.671875,0.3790028714151069,
1916.5,682.1391705274582,8,1.8785046728971964,0.05175743079127392,
112.5,118.8111822605133,7,0.7407407407407407,0.10014926159099195,
974.5,529.4041080474854,8,0.34210526315789475,0.043693526046498184,
254.0,165.05382251739502,7,0.14925373134328357,0.11716351900504748,
105.5,108.32590091228485,7,1.0384615384615385,0.11297899428830399,
162.5,181.6396086215973,10,0.90625,0.061893082749639075,
215.5,246.06601536273956,8,0.9772727272727273,0.04472536209377512,
144.5,154.46803629398346,5,0.8292682926829268,0.07610276920953209,
108.5,113.01219248771667,8,1.1481481481481481,0.10675519082327167,
148.0,152.56854128837585,8,1.1923076923076923,0.07989904557235576,
112.0,110.91168737411499,9,0.6451612903225806,0.1144124436776441,
158.5,185.09545278549194,3,0.44155844155844154,0.05813633253402719,Triangle
197.0,192.99494743347168,5,1.1458333333333333,0.0664636535954309,
120.0,82.76955199241638,9,3.4,0.22011513279076025,
523.5,340.433545589447,5,2.150943396226415,0.056762544333253125,
127.0,97.74011433124542,7,0.5263157894736842,0.16705823918051718,
257.0,173.88224983215332,5,4.235294117647059,0.10681505924859885,
197.5,87.35533821582794,4,0.3783783783783784,0.3252355909579261,Rectangle
395.5,278.208150267601,7,0.9811320754716981,0.06421206761886593,
105.0,91.11269783973694,7,2.0,0.15894297974408614,
5538.0,1964.503736615181,9,4.008403361344538,0.018032548005366567,
115.5,95.55634891986847,3,0.10869565217391304,0.15895447283695827,Triangle
278.0,186.56854152679443,3,4.0,0.10036396883798304,Triangle
936.0,122.22539556026459,8,1.0555555555555556,0.787340895520233,
191.0,208.16652011871338,9,0.723404255319149,0.05538873757355122,
165.0,192.9949473142624,8,1.15625,0.05566752719184617,
112.0,125.53910410404205,8,1.4782608695652173,0.0893037789267578,
239.5,268.0071396827698,4,0.56,0.04190083274343961,Rectangle
125.0,147.19595777988434,8,0.7551020408163265,0.07249834781825554,
176.5,187.58073389530182,4,0.8666666666666667,0.06303447098837826,Square
115.0,125.05382263660431,8,0.7272727272727273,0.09240889154604882,
192.5,177.9238796234131,7,1.2195121951219512,0.0764138564715155,
110.0,76.28427076339722,7,4.0,0.2375377023105501,
103.0,133.88224947452545,5,0.96875,0.07221062223436937,
469.5,271.0365777015686,5,2.1739130434782608,0.08031370307659633,
152.5,103.9827550649643,7,0.525,0.17723809259754172,
241.0,170.56854128837585,6,4.235294117647059,0.10409480018427619,
202.0,95.11269783973694,5,0.4473684210526316,0.2805977811818611,
1076.0,464.61731123924255,4,3.63265306122449,0.06263705941287621,Rectangle
1241.5,196.4680359363556,8,0.6935483870967742,0.4041781025553533,
1754.5,757.3107424974442,13,1.3703703703703705,0.038442799084141374,
939.5,513.4629837274551,8,0.3392857142857143,0.04478044119838782,
100.5,125.98275470733643,2,0.41509433962264153,0.07957080013581239,
124.5,130.95331716537476,7,1.6296296296296295,0.0912317924270849,
193.5,219.52185833454132,8,0.8863636363636364,0.05045861112348268,
117.5,138.61017096042633,7,0.696969696969697,0.07685241730240105,
123.5,174.26702499389648,8,1.069767441860465,0.051102998955314304,
111.0,128.225395321846,7,1.1538461538461537,0.0848368919402289,
243.5,182.40916085243225,6,1.1956521739130435,0.09196350998501317,
114.0,121.88224983215332,6,1.0,0.09643480147737693,
110.0,126.36753118038177,8,0.8620689655172413,0.08656285015276086,
444.5,261.5218585729599,5,2.1739130434782608,0.0816705802783334,
151.0,123.88224959373474,9,0.6046511627906976,0.12364274690391223,
105.0,147.25483310222626,10,1.2857142857142858,0.06084992502294842,
343.5,137.982754945755,10,3.375,0.2267185116553726,
236.0,166.22539627552032,6,4.5,0.10733147879981081,
134.5,73.35533821582794,10,2.8181818181818183,0.314100552798651,
229.5,140.1248903274536,8,3.125,0.14687976956732207,
273.0,128.9116872549057,5,0.6216216216216216,0.20643718373648043,
671.5,171.29646337032318,8,0.8125,0.287580270592642,
245.5,133.98275542259216,8,0.43137254901960786,0.1718555453974187,
1070.5,408.03152561187744,10,1.2753623188405796,0.080799578895964,
722.0,385.1370829343796,8,0.4222222222222222,0.06116688839934663,
301.0,210.45079100131989,5,1.1724137931034482,0.0854034145523428,
142.5,120.12489032745361,5,0.5476190476190477,0.12409626772916683,
173.0,211.88224971294403,6,0.8947368421052632,0.04842468631301791,
432.5,253.37972342967987,6,2.2045454545454546,0.08465493104381523,
269.5,231.09545278549194,3,9.9,0.06341410004571199,Triangle
240.5,162.81118261814117,6,4.117647058823529,0.11401355381908401,
527.5,228.0660150051117,8,2.7037037037037037,0.12744158952005857,
274.5,151.98275518417358,9,1.21875,0.14933568084273643,
168.5,126.32590055465698,8,0.4888888888888889,0.1326859576803539,
643.0,245.42135393619537,10,0.9423076923076923,0.13415168796982524,
151.5,102.5269113779068,4,0.23404255319148937,0.18111180044722405,Rectangle
304.0,185.0538227558136,6,0.3384615384615385,0.11155455951181602,
127.0,156.02438497543335,8,0.8235294117647058,0.06555844235070957,
290.5,176.7523066997528,3,1.3111111111111111,0.11684922068382725,Triangle
226.0,206.22539567947388,7,0.8974358974358975,0.06677809291472872,
476.0,260.1076452732086,4,2.255813953488372,0.0884118710880553,Rectangle
564.0,255.33809328079224,8,5.444444444444445,0.10870705891817223,
164.0,119.5979790687561,8,0.5483870967741935,0.14408077299087635,
115.5,123.98275482654572,5,2.0416666666666665,0.09442114974870536,
222.0,150.50966608524323,4,1.2162162162162162,0.12314989729837629,Square
467.0,274.10764479637146,5,2.4761904761904763,0.07810600923421915,
160.0,120.28427076339722,5,9.0,0.13896715531536574,
289.5,105.49747347831726,9,0.6896551724137931,0.32686943631850396,
188.0,107.39696824550629,6,1.1666666666666667,0.20482533317967289,
533.5,352.29141092300415,6,2.1,0.054018208631739895,
105.5,72.72792184352875,8,3.5555555555555554,0.25064553215382723,
445.0,109.25483322143555,13,1.1923076923076923,0.46847730660576326,
142.5,104.46803593635559,10,1.4166666666666667,0.16408083928445003,
108.5,86.38477599620819,4,4.444444444444445,0.18271120395962406,Rectangle
586.0,364.1909053325653,6,2.4444444444444446,0.05551997827088138,
193.0,127.5979790687561,3,3.6,0.14896340165891178,Triangle
481.5,179.09545278549194,11,1.7037037037037037,0.18864141129845705,
196.0,158.50966620445251,9,1.3529411764705883,0.0980289684316812,
650.0,392.3330409526825,4,2.4166666666666665,0.05306564553509599,Rectangle
328.5,229.63960921764374,5,5.05,0.0782801482770833,
444.0,225.62236428260803,9,1.8125,0.10960453967469878,
205.5,161.09545254707336,8,1.5277777777777777,0.09950734249404367,
195.0,162.3675308227539,9,0.7837837837837838,0.09294929558909679,
722.5,407.60511910915375,4,2.610169491525424,0.054647268140902934,Rectangle
414.5,261.78174459934235,4,5.2272727272727275,0.07600736618677417,Rectangle
100.5,82.87005722522736,5,7.6,0.1838995422798275,
106.5,68.87005710601807,12,1.5333333333333334,0.28216203937215933,
171.5,82.18376553058624,10,1.3,0.3190817139930065,
129.5,82.66904664039612,13,0.6956521739130435,0.23811884860480098,
116.0,78.62741661071777,7,5.142857142857143,0.23578699081146787,
428.5,274.2914105653763,3,1.546875,0.07157086638618004,Triangle
781.0,446.2741656303406,4,2.4477611940298507,0.04927849146198008,Rectangle
438.0,248.3675309419632,3,4.739130434782608,0.08922659799019514,Triangle
199.5,62.38477599620819,5,1.125,0.6441626265367302,
109.0,109.88224923610687,10,0.8333333333333334,0.11344393456424583,
147.5,131.4385986328125,8,0.7,0.10728920917228865,
246.5,80.18376541137695,6,1.0416666666666667,0.48178568741589345,
127.5,209.72286927700043,12,1.027027027027027,0.03642742454018483,
1221.5,148.6690467596054,5,1.05,0.6944839633604373,
234.5,272.4091612100601,6,0.8571428571428571,0.039710860062484456,
127.0,132.02438497543335,8,1.0,0.09155989351128237,
105.0,145.88224935531616,9,1.088235294117647,0.06200036710230996,
128.0,147.39696860313416,6,1.0285714285714285,0.07403596305317171,
217.0,253.0538227558136,6,0.9215686274509803,0.042583739177501766,
167.0,206.30865585803986,10,1.0681818181818181,0.04930505369020846,
199.5,228.7523068189621,8,1.0789473684210527,0.047909517753196955,
173.0,173.1370825767517,8,0.75,0.07252300263932476,
112.5,147.2964631319046,11,1.3225806451612903,0.06515950088611132,
202.0,191.53910398483276,10,1.088235294117647,0.0691904779373439,
207.0,253.1959581375122,9,1.0555555555555556,0.04057576086040041,
469.0,112.56854164600372,4,0.9142857142857143,0.46510245004788425,Square
119.0,162.85281193256378,8,0.8723404255319149,0.056385352757647986,
222.5,241.23758780956268,10,1.0769230769230769,0.048045191076571236,
767.5,121.69848430156708,4,1.206896551724138,0.6512052745192743,Square
1239.0,152.42640614509583,4,0.8571428571428571,0.670132607040241,Square
123.5,138.12489020824432,7,0.4074074074074074,0.08134538706156445,
179.5,124.12489008903503,14,0.9285714285714286,0.14640522051137175,
141.5,156.81118190288544,7,1.0357142857142858,0.07231231206159121,
147.5,192.81118202209473,8,1.0909090909090908,0.049858298136067125,
459.0,315.362478017807,3,1.435897435897436,0.057996596847337024,Triangle
228.0,222.56854140758514,7,0.8780487804878049,0.05783851735878356,
816.5,479.00208735466003,4,2.189873417721519,0.0447189132833937,Rectangle
332.5,193.78174459934235,4,3.857142857142857,0.11126941139056536,Rectangle
198.0,60.14213538169861,6,1.125,0.6878874188110605,
206.5,71.35533845424652,6,0.7916666666666666,0.509655809618011,
300.0,80.42640578746796,5,0.6666666666666666,0.5828191286111116,
794.5,118.87005722522736,4,1.0,0.7065759026643946,Square
242.5,77.35533833503723,4,0.92,0.5092617135497346,Square
1083.5,129.1543276309967,8,1.0,0.8162456014438315,Circle
1204.0,143.94112491607666,5,1.0512820512820513,0.7302415934885691,
304.5,334.5512965917587,8,0.8545454545454545,0.034187844995259134,
337.0,95.740114569664,5,0.9666666666666667,0.4620105355426079,
816.5,125.69848430156708,5,0.8571428571428571,0.6493905602413835,
196.5,251.17871379852295,12,0.84,0.0391387322529205,
222.5,249.09545290470123,8,1.0769230769230769,0.0450617734407009,
1682.5,181.8406196832657,4,0.9038461538461539,0.6394154583657428,Square
1844.5,164.61017167568207,9,0.9607843137254902,0.8554117035524366,Circle
194.0,229.68123936653137,8,1.0526315789473684,0.04621261539461043,
514.5,142.1248904466629,7,0.7142857142857143,0.32007736068990755,
806.0,123.4558436870575,4,0.96875,0.6645407271411122,Square
215.5,313.80612993240356,13,0.8703703703703703,0.027500101243258437,
711.5,117.49747371673584,4,1.088235294117647,0.6476311215141152,Square
1057.0,139.94112491607666,5,1.0833333333333333,0.6782567585181157,
707.0,113.4558436870575,4,1.1071428571428572,0.6902009273146931,Square
465.5,109.98275518417358,4,0.8611111111111112,0.4835933935994268,Square
636.0,102.91168713569641,8,0.7777777777777778,0.7546361113169571,
927.0,133.7401144504547,4,1.105263157894737,0.6512777136621232,Square
151.0,258.10764515399933,11,0.8666666666666667,0.02848295699987348,
772.0,120.28427076339722,4,1.1724137931034482,0.6705165243966397,Square
1236.5,146.87005722522736,4,0.8571428571428571,0.7203398756313963,Square
3281.5,219.37972342967987,8,0.8243243243243243,0.8568194240031735,Circle
111.0,99.25483322143555,11,3.1818181818181817,0.1415890001393046,
372.0,85.11269783973694,5,1.25,0.6453036038623604,
363.0,95.59797871112823,3,1.0,0.49913620126098257,Triangle
846.0,126.62741661071777,4,1.0909090909090908,0.6630171063043688,Square
136.5,73.01219248771667,13,0.5652173913043478,0.3217745822969227,
747.0,107.74011421203613,8,0.8611111111111112,0.8086779521763388,Circle
346.0,227.42135286331177,4,1.253968253968254,0.08406660044747229,Square
1149.5,140.04163014888763,4,0.8780487804878049,0.736553885066082,Square
492.0,92.97056245803833,5,1.2727272727272727,0.7152931236077463,
660.0,379.8477591276169,2,2.690909090909091,0.05748236952503518,
344.5,93.01219236850739,5,1.1111111111111112,0.5004023354815861,
185.0,266.5929261445999,13,1.0714285714285714,0.03271028660223863,
288.0,166.9116872549057,5,4.294117647058823,0.1299058943450703,
127.0,101.25483298301697,9,0.7096774193548387,0.1556618048652291,
144.5,112.12488973140717,8,0.7333333333333333,0.14443540156935156,
104.0,95.25483298301697,11,2.7142857142857144,0.14403537364123692,
111.0,106.42640614509583,7,2.8666666666666667,0.12314989585867285,
111.5,132.12489020824432,8,1.0,0.08026301185878783,
129.0,135.25483298301697,8,1.8095238095238095,0.08861229597476432,
106.5,89.8406195640564,9,2.176470588235294,0.16581125073681824,
108.0,106.76955187320709,7,1.1538461538461537,0.11905257127269232,
144.5,157.78174436092377,8,1.0,0.07293973899239428,
117.5,133.29646337032318,8,1.64,0.08310180883409055,
109.5,106.66904664039612,9,2.533333333333333,0.12093364865219626,
1728.5,185.98275482654572,4,0.9056603773584906,0.6279627682321222,Square
238.5,250.20815062522888,11,0.9423076923076923,0.047873517855794336,
196.5,195.4385985136032,8,1.0512820512820513,0.06464750068278166,
547.0,143.5391035079956,5,0.7,0.3336235747117038,
843.5,126.87005722522736,4,1.0,0.6585316906412224,Square
1850.5,167.4385986328125,8,0.8727272727272727,0.8294453797875982,Circle
734.0,119.74011433124542,4,1.0571428571428572,0.6433193092590962,Square
1066.0,142.42640614509583,5,1.0555555555555556,0.6603680256810899,
719.5,111.21320307254791,4,1.1071428571428572,0.7310178202858215,Square
480.5,113.982754945755,4,0.8648648648648649,0.4647559482191082,Square
651.5,104.66904652118683,9,0.7297297297297297,0.7472875520956451,
940.0,134.911687374115,4,1.0512820512820513,0.6489908432942563,Square
1204.5,136.46803605556488,7,0.8666666666666667,0.8127458961086959,Circle
795.5,119.21320307254791,4,1.1724137931034482,0.703398331981564,Square
1266.0,149.11269783973694,4,0.813953488372093,0.7155077037450185,Square
3334.0,220.30865466594696,8,0.8243243243243243,0.8632018106560796,Circle
379.5,83.21320307254791,4,1.25,0.6887112315562234,Square
364.5,96.18376553058624,3,0.9655172413793104,0.49511244851934744,Triangle
173.0,234.22539567947388,10,1.0909090909090908,0.03962670890273428,
209.5,145.09545266628265,5,1.3157894736842106,0.12505074627682042,
762.0,109.39696896076202,8,0.8888888888888888,0.8001183982115955,Circle
120.0,73.5979790687561,11,0.5652173913043478,0.27839365426932866,
369.0,229.13708221912384,3,2.41025641025641,0.08831723685728163,Triangle
1169.5,142.5269113779068,4,0.8780487804878049,0.7234630290800383,Square
508.5,94.38477599620819,5,1.2173913043478262,0.7172935446655797,
108.5,136.32590091228485,8,1.1111111111111112,0.07336397418596763,
1336.0,143.5391036272049,8,1.069767441860465,0.8148466089113221,Circle
184.0,133.5979790687561,4,4.615384615384615,0.12954716392733537,Rectangle
238.0,173.6812388896942,9,1.1363636363636365,0.09914732568488206,
162.0,152.71067690849304,4,0.868421052631579,0.08729433765659192,Square
110.5,112.66904675960541,7,0.19148936170212766,0.10938629233510866,
143.5,158.9533176422119,7,0.9333333333333333,0.07137112975424575,
168.0,205.7401144504547,8,1.088235294117647,0.049874802802895066,
200.5,149.92387902736664,3,1.1627906976744187,0.11209406539761033,Triangle
222.5,122.81118142604828,10,1.0,0.1853805049865925,
1216.5,144.5269113779068,4,0.813953488372093,0.7318541400882942,Square
115.0,166.08326017856598,10,1.1666666666666667,0.05239091478902499,
360.0,99.25483310222626,5,1.1071428571428572,0.45920756912242194,
176.0,122.28427076339722,3,5.090909090909091,0.14790448236217427,Triangle
557.0,397.16146779060364,7,2.073529411764706,0.04437423153521715,
104.5,119.01219260692596,7,2.235294117647059,0.0927135566322307,
124.5,128.1248904466629,6,1.0344827586206897,0.09530423537023379,
115.0,145.11269783973694,4,1.1666666666666667,0.06862729351671482,Square
174.0,180.308655500412,8,0.7291666666666666,0.06725521452260178,
110.0,125.4558435678482,6,1.2962962962962963,0.08782552593573463,
159.5,210.61017155647278,10,1.0588235294117647,0.04518682920613539,
137.0,142.5096653699875,7,0.8611111111111112,0.08476992337020355,
947.0,136.911687374115,4,1.0256410256410255,0.6348612166863317,Square
106.0,165.6812400817871,8,0.373134328358209,0.048525392437251604,
1292.0,151.94112491607666,5,0.7777777777777778,0.7032693702024255,
356.5,102.66904664039612,5,0.875,0.4250013794176023,
110.0,178.42640602588654,9,1.09375,0.043419447580756755,
220.0,147.33809340000153,3,1.1627906976744187,0.12735102756752278,Triangle
237.0,158.50966620445251,10,1.1724137931034482,0.11853502815463492,
1183.0,155.5979789495468,5,0.7954545454545454,0.6140259211558207,
285.5,156.1248904466629,4,2.68,0.14718775571660245,Rectangle
338.0,95.25483310222626,6,1.0344827586206897,0.46811496316234913,
194.5,130.5269113779068,4,5.363636363636363,0.14345951114588973,Rectangle
236.5,172.26702535152435,7,1.325,0.1001467131186674,
123.5,138.1248903274536,6,0.9354838709677419,0.08134538692115348,
119.5,199.63960909843445,8,0.7631578947368421,0.03767769686081321,
120.5,131.01219260692596,4,0.21818181818181817,0.08822130564753451,Rectangle
552.5,144.9533168077469,7,0.72,0.33043484008220597,
145.0,192.911687374115,8,0.9411764705882353,0.04896218457269627,
1121.0,145.5979790687561,5,1.0,0.6645149910115546,
720.5,114.04163014888763,4,1.1428571428571428,0.6961727436470546,Square
493.5,113.154327750206,4,0.8648648648648649,0.48434484676169537,Square
814.0,118.97056245803833,4,1.1379310344827587,0.7226953149321304,Square
1321.5,152.5269112586975,4,0.7777777777777778,0.7138123869940338,Rectangle
116.0,63.11269783973694,10,0.8947368421052632,0.3659606270565508,
147.5,219.49747383594513,10,1.15625,0.03847182881144845,
148.5,162.4680359363556,8,0.9032258064516129,0.07069691403419988,
218.5,177.72286939620972,3,1.372093023255814,0.08693099938078672,Triangle
1215.0,148.42640614509583,4,0.8372093023255814,0.6930487714261073,Square
240.5,149.78174436092377,12,1.1333333333333333,0.13471227688392437,
137.0,81.94112491607666,7,2.6153846153846154,0.256405057697836,
360.5,95.01219260692596,4,1.0714285714285714,0.5018298055731463,Square
219.5,148.1248904466629,7,1.075,0.12571534869248385,
104.5,109.982754945755,8,0.7692307692307693,0.10856178270728245,
312.0,83.59797930717468,5,0.59375,0.5610129651822601,
107.0,123.94112479686737,8,0.47619047619047616,0.08753117842571316,
341.0,105.74011445045471,6,0.8181818181818182,0.38325223018318355,
130.5,190.6690467596054,7,0.5517241379310345,0.045108666117764595,
545.0,147.39696884155273,6,0.6538461538461539,0.3152312479175426,
223.5,234.46803617477417,9,0.925,0.05108814097359334,
146.0,152.36753141880035,6,0.4918032786885246,0.07902742968588505,
132.0,92.76955199241638,6,2.5714285714285716,0.19274045356898759,
192.0,115.74011433124542,13,0.7419354838709677,0.18011226123819804,
328.0,273.5634888410568,4,1.6610169491525424,0.05507664028993159,Rectangle
285.5,148.6101711988449,9,1.2758620689655173,0.16244969774436105,
474.5,324.2914105653763,7,2.5869565217391304,0.05669897257671919,
123.5,130.81118190288544,9,0.4222222222222222,0.09069578046674329,
115.0,127.5979790687561,4,0.2631578947368421,0.08876057611800443,Rectangle
101.5,132.6690467596054,4,0.725,0.0724664003308072,Rectangle
169.5,193.58073365688324,8,0.5571428571428572,0.05684016155272102,
107.5,141.49747383594513,6,0.918918918918919,0.06747159167189798,
130.5,161.4385985136032,7,0.5409836065573771,0.0629224491273686,
136.5,147.15432786941528,8,1.0869565217391304,0.07921299546613532,
204.5,226.81118214130402,8,1.0588235294117647,0.04995445809234334,
134.0,164.0243854522705,7,0.9666666666666667,0.06258897277259395,
240.0,122.56854128837585,12,0.6153846153846154,0.20075347461123447,
1142.0,143.5979790687561,4,0.813953488372093,0.6959520399288237,Square
305.0,213.27921795845032,3,1.510204081632653,0.0842582867279582,Triangle
266.0,160.71067667007446,10,1.5,0.12942019244665662,
524.5,319.6639941930771,6,3.3513513513513513,0.06450121764264055,
123.0,141.6812390089035,5,0.9705882352941176,0.07699992164123783,
117.5,127.92387998104095,5,1.0810810810810811,0.09022865511201361,
181.0,318.8771973848343,12,0.8928571428571429,0.02236873941288773,
120.0,178.8528115749359,11,0.7222222222222222,0.04714108420751221,
170.0,234.36753106117249,10,1.0810810810810811,0.038892324032581554,
216.0,252.93607306480408,10,0.7162162162162162,0.0424269753617231,
105.5,152.95331704616547,7,0.5344827586206896,0.05666886625473564,
195.0,265.1959581375122,9,0.782608695652174,0.034842609535587196,
109.5,119.01219260692596,9,1.0869565217391304,0.09714961197348576,
159.0,186.56854152679443,6,1.1612903225806452,0.05740241383179606,
235.5,133.63960909843445,12,0.6,0.16570300418068587,
212.0,237.53910374641418,11,0.813953488372093,0.04721451120254504,
221.0,176.65180122852325,5,1.5128205128205128,0.08899507995260451,
368.0,228.30865573883057,7,4.777777777777778,0.08871824226873164,
262.5,149.2964630126953,13,1.3214285714285714,0.14799264556423236,
308.0,297.90663492679596,3,6.333333333333333,0.043611420116048155,Triangle
133.0,92.0832599401474,11,1.0869565217391304,0.19710613103820349,
189.5,161.29646337032318,3,6.0,0.09153124892370423,Triangle
123.0,119.25483322143555,3,7.285714285714286,0.10868334506471236,Triangle
140.0,158.71067702770233,7,0.8947368421052632,0.06984343833410007,
268.0,115.74011445045471,9,0.6,0.2514066974604334,
198.0,148.02438485622406,4,1.5588235294117647,0.11355559163782857,Rectangle
220.5,185.15432798862457,6,0.813953488372093,0.08082593207071746,
293.5,128.95331728458405,8,1.4137931034482758,0.2217956029915547,
528.0,308.1076452732086,6,3.3333333333333335,0.06989382959195509,
305.5,399.06096279621124,2,6.809523809523809,0.02410696773149376,
102.5,63.35533821582794,8,1.0,0.3208982155101014,
113.5,131.29646289348602,10,1.1111111111111112,0.0827369815499952,
173.0,171.39696860313416,6,1.3928571428571428,0.07400306273265225,
342.0,107.74011433124542,4,1.0,0.370238097767456,Square
198.5,237.03657686710358,8,0.7,0.04439557055023056,
177.5,200.40916121006012,8,0.868421052631579,0.05553580618934447,
122.0,180.36753106117249,7,0.8,0.04712517474546161,
232.5,143.63960886001587,12,0.5581395348837209,0.1416068928487934,
156.5,121.63960897922516,8,1.5714285714285714,0.13291505493433362,
189.5,181.8406195640564,6,0.813953488372093,0.07201737267113112,
302.0,178.36753106117249,3,3.65,0.11928482703275801,Triangle
113.0,82.42640614509583,9,2.1538461538461537,0.2090044717472186,
327.0,169.6812390089035,7,2.44,0.14272168460433554,
212.5,75.8406194448471,6,0.8076923076923077,0.4642640496642867,
314.0,82.42640602588654,6,0.6129032258064516,0.5807734895438412,
151.5,220.81118214130402,8,1.0,0.039046343562863135,
257.0,79.59797871112823,4,0.9230769230769231,0.5097284902724896,Square
1245.0,144.76955199241638,5,0.9512195121951219,0.7464913068946425,
362.0,99.74011385440826,3,0.875,0.4572763233816155,Triangle
159.5,235.15432786941528,8,0.7894736842105263,0.036246376667216675,
161.0,204.22539567947388,8,1.2058823529411764,0.048508321548593566,
1740.5,188.32590079307556,4,0.8301886792452831,0.6166855678085083,Square
149.0,183.53910398483276,8,1.1470588235294117,0.055582607681863315,
564.5,149.78174436092377,8,0.6730769230769231,0.31619576008721545,
165.0,225.88224983215332,9,0.9428571428571428,0.04063774480573327,
748.0,122.91168737411499,5,1.0285714285714285,0.6221929705044001,
1105.0,144.76955199241638,5,0.9487179487179487,0.6625485093321928,
149.5,177.49747347831726,10,1.0666666666666667,0.059630260337322834,
179.5,201.58073449134827,8,0.825,0.05551064458553132,
206.0,267.0538227558136,10,0.7608695652173914,0.03629773170528556,
141.0,172.85281240940094,8,0.967741935483871,0.05930291978071108,
232.0,129.53910398483276,6,0.5454545454545454,0.1737385015203943,
155.5,162.18376553058624,6,1.0625,0.0742891686607252,
124.0,115.88224911689758,8,1.1875,0.11603732749537941,
414.0,259.62236392498016,6,4.9,0.07718377312656421,
342.0,170.50966584682465,7,2.1538461538461537,0.1478216220461073,
154.0,146.71067667007446,5,5.2727272727272725,0.08990982337133062,
200.5,61.55634891986847,4,1.0625,0.6649339928533309,Square
162.5,111.98275482654572,9,0.7096774193548387,0.16283994051991366,
1107.5,129.63960897922516,8,0.926829268292683,0.8280912086909794,Circle
215.5,222.46803605556488,10,1.0303030303030303,0.054716951959961055,
140.0,127.88224947452545,8,1.04,0.1075764889279677,
1281.0,149.5979790687561,5,0.9761904761904762,0.7192958265428526,
284.0,337.3380935192108,8,0.8181818181818182,0.03136154370341844,
152.5,215.23758804798126,11,0.6792452830188679,0.041365994922327946,
366.0,98.9116872549057,5,0.9354838709677419,0.470105929473135,
882.5,130.5269113779068,4,0.8108108108108109,0.6509152626542297,Square
220.0,251.53910398483276,8,1.0789473684210527,0.04369397196640183,
1957.0,171.1959581375122,8,0.9074074074074074,0.8390999124259135,Circle
1785.0,188.08326017856598,4,0.8518518518518519,0.6340854623446941,Square
200.0,237.1959581375122,8,1.0526315789473684,0.04467096054770889,
566.0,152.36753070354462,7,0.6730769230769231,0.30636661385038844,
871.5,130.5269113779068,4,0.9166666666666666,0.6428018712783696,Square
1791.0,167.68123865127563,8,0.8727272727272727,0.8004542282184345,Circle
756.5,120.66904652118683,5,1.0571428571428572,0.6528704830310484,
1133.5,143.69848430156708,4,0.9487179487179487,0.6898060734765593,Square
762.0,116.62741661071777,4,1.1379310344827587,0.7039851916292394,Square
517.0,119.74011468887329,4,0.8461538461538461,0.4531281756133827,Square
958.5,135.49747383594513,4,1.0526315789473684,0.6560539947975652,Square
3155.5,218.55129671096802,8,0.8108108108108109,0.83017810150637,Circle
1324.0,151.4558436870575,4,0.7608695652173914,0.7253135318808475,Rectangle
149.0,220.08326029777527,8,1.03125,0.03865646264839139,
107.5,181.58073389530182,13,0.8529411764705882,0.04097121038032535,
892.5,130.87005722522736,5,1.125,0.654843474556888,
175.5,99.98275482654572,11,0.7666666666666667,0.22061588890639428,
387.5,100.66904616355896,3,0.9354838709677419,0.4804958747844144,Triangle
173.0,156.02438521385193,5,1.542857142857143,0.08930401962213272,
132.0,198.16652035713196,12,0.9767441860465116,0.042239933718987745,
200.0,258.2253956794739,10,0.813953488372093,0.03769137287674252,
345.5,204.40916073322296,8,3.2083333333333335,0.10390996667499085,
465.5,293.66399371623993,6,3.235294117647059,0.06783098878091667,
180.0,195.53910398483276,5,8.777777777777779,0.05915822400710244,
107.0,68.76955187320709,7,1.6875,0.2843159689425875,
109.0,107.25483322143555,8,3.909090909090909,0.11907007252896072,
101.0,95.79898953437805,4,4.888888888888889,0.1382959243030861,Rectangle
187.0,200.9949471950531,11,0.926829268292683,0.05816760612475989,
110.0,113.4558435678482,6,1.8095238095238095,0.10738628311762462,
177.0,208.9949473142624,10,0.6981132075471698,0.0509227157658945,
148.5,136.95331716537476,6,1.0666666666666667,0.0994926975397252,
328.0,334.53405153751373,13,0.9433962264150944,0.03683011264352558,
103.0,134.7695518732071,5,1.6071428571428572,0.07126290466652242,
103.0,108.76955199241638,7,2.1176470588235294,0.10940380058958675,
193.5,170.06601464748383,7,0.782608695652174,0.08407284892974672,
117.0,115.25483310222626,6,1.85,0.11068211093270452,
103.0,132.42640614509583,5,1.4444444444444444,0.07380705937947277,
169.5,156.2670258283615,7,0.9459459459459459,0.08722578238869838,
190.0,212.36753070354462,7,1.135135135135135,0.05294040145630746,
110.0,142.42640614509583,6,1.2333333333333334,0.06814304204964343,
295.5,330.4335466623306,11,0.8356164383561644,0.0340094090415899,
120.5,144.32590079307556,10,1.1818181818181819,0.07269563883206255,
207.5,96.66904664039612,11,0.8928571428571429,0.27903141017800315,
405.0,108.9116883277893,6,1.0333333333333334,0.42905790350789647,
113.5,170.81118202209473,8,1.3181818181818181,0.04888471971696363,
208.5,154.26702547073364,5,1.4736842105263157,0.11009553646319536,
241.0,276.16652059555054,10,0.8372093023255814,0.03970862509482479,
399.0,221.33809351921082,8,4.526315789473684,0.10234589542276565,
308.5,190.40916073322296,7,2.185185185185185,0.1069274856710456,
252.5,231.09545266628265,2,9.090909090909092,0.05941395279429217,
101.5,95.21320307254791,3,5.5,0.14069593670980143,Triangle
105.5,94.5269113779068,7,3.25,0.14837180775348663,
114.0,143.5391036272049,8,2.090909090909091,0.06953032441309184,
135.0,130.3675309419632,5,1.0,0.09981705486035683,
100.5,111.29646360874176,5,1.206896551724138,0.10195609555754273,
178.5,208.95331752300262,11,1.2121212121212122,0.0513747288738098,
108.0,95.11269783973694,7,2.533333333333333,0.15002257607743066,
115.0,155.88224971294403,9,1.103448275862069,0.05947225069581263,
240.0,145.19595789909363,10,0.675,0.1430579684090353,
290.5,227.52185833454132,4,1.7142857142857142,0.07051958506011781,Rectangle
319.5,175.09545230865479,11,1.9285714285714286,0.13095768631478616,
515.5,286.55129647254944,8,3.088235294117647,0.07889214753229404,
102.5,131.35533845424652,3,10.0,0.07465145449412118,Triangle
178.0,153.53910386562347,3,5.090909090909091,0.0948837549697304,Triangle
104.5,99.69848418235779,7,5.0,0.1321140614325927,
100.5,85.69848430156708,6,3.5454545454545454,0.1719608740955272,
133.5,133.29646277427673,5,0.9666666666666667,0.094417800668659,
172.0,185.13708245754242,7,0.74,0.06305963896783402,
104.0,82.62741661071777,3,3.8,0.19142332441323587,Triangle
257.0,154.02438497543335,10,0.6363636363636364,0.13613318977734065,
308.5,203.379723072052,5,1.7333333333333334,0.09372376557557512,
346.0,219.96550977230072,10,2.413793103448276,0.08986214559194554,
551.0,301.4213534593582,7,3.1470588235294117,0.07621025796435055,
328.5,301.92387986183167,4,11.083333333333334,0.04528457648381497,Rectangle
121.0,131.88224947452545,6,0.9666666666666667,0.08742236317260028,
104.5,106.87005722522736,5,5.555555555555555,0.11497782013281245,
166.5,181.7228683233261,8,0.6862745098039216,0.0633585071120885,
153.5,157.9238796234131,8,0.9210526315789473,0.07734328872121493,
210.0,103.74011409282684,10,1.0,0.24520861039079656,
110.5,93.69848418235779,8,2.466666666666667,0.1581637712940403,
274.0,205.13708221912384,5,1.75,0.08182237453348369,
507.5,274.55129635334015,7,3.3333333333333335,0.08460556173186004,
373.5,251.37972342967987,10,3.037037037037037,0.07427454191775675,
336.5,290.8944424390793,2,11.272727272727273,0.04997169543431523,
139.5,130.46803617477417,8,0.6129032258064516,0.10298543811831942,
131.5,193.09545266628265,10,1.0833333333333333,0.04431916036740689,
189.5,220.32590091228485,10,1.0303030303030303,0.04905552964348031,
256.5,80.18376541137695,4,1.0,0.5013307457289115,Square
1295.5,150.5269113779068,5,0.9523809523809523,0.7184871086036406,
285.5,340.61017167568207,8,0.8363636363636363,0.030924362123393747,
357.0,99.740114569664,6,0.9354838709677419,0.4509603455963413,
175.0,234.56854140758514,10,0.8888888888888888,0.03996762832609235,
110.5,137.01219260692596,7,1.5833333333333333,0.07396967477766925,
239.5,350.29141092300415,10,0.875,0.024527676214737486,
1797.0,188.42640602588654,4,0.8363636363636363,0.6360253298448496,Square
181.0,243.53910398483276,8,1.162162162162162,0.03834873399223336,
562.5,148.95331752300262,6,0.6862745098039216,0.3185899194239516,
872.0,132.76955199241638,4,0.9428571428571428,0.6216262840597465,Square
180.5,227.4385987520218,9,1.1764705882352942,0.043848902543472235,
231.5,259.63960921764374,9,0.9743589743589743,0.043153792180258124,
512.0,117.74011421203613,4,0.8947368421052632,0.46412067958372594,Square
158.5,217.2964632511139,8,1.1578947368421053,0.04218264568510982,
217.0,280.5096660852432,11,0.8043478260869565,0.03465564094980644,
207.0,110.56854116916656,9,1.0,0.21277326129090723,
381.5,101.35533845424652,3,1.0689655172413792,0.46667136127169584,Triangle
296.5,192.89444231987,4,1.775,0.10013712811515789,Rectangle
1171.5,152.18376553058624,5,0.9047619047619048,0.6356462736828954,
106.0,159.05382251739502,6,1.1481481481481481,0.052653531817608346,
380.0,219.48022830486298,7,3.652173913043478,0.09912944029679602,
513.0,259.6223638057709,7,3.096774193548387,0.09564076244031139,
254.5,249.4385987520218,2,9.909090909090908,0.051400853968959284,
100.5,136.18376553058624,4,0.22950819672131148,0.06809657184337731,Rectangle
149.5,200.46803629398346,8,0.8157894736842105,0.0467477576868441,
151.5,168.6690467596054,4,0.5,0.06691935029673089,Rectangle
558.5,146.1248903274536,6,0.6666666666666666,0.3286886026188097,
204.0,216.56854152679443,8,0.8888888888888888,0.054657440143101255,
107.5,114.32590079307556,7,0.7272727272727273,0.1033544224311294,
1148.5,148.18376553058624,5,0.925,0.6572636442595795,
773.0,118.28427064418793,5,1.1,0.694281135893706,
508.5,115.98275542259216,4,0.868421052631579,0.4750222768799099,Square
177.0,211.1959581375122,6,1.0769230769230769,0.04986684885825621,
1340.5,160.66904664039612,4,0.8043478260869565,0.6525476783874196,Square
839.0,129.11269783973694,5,1.1290322580645162,0.6324612368717395,
164.0,232.42640602588654,9,1.1612903225806452,0.038148966631545614,
225.5,103.49747359752655,11,1.1481481481481481,0.2645433890046871,
386.0,100.42640602588654,3,1.0,0.4809515481861468,Triangle
106.0,161.74011433124542,10,1.2608695652173914,0.050919043592552324,
231.5,267.4385983943939,10,0.8571428571428571,0.040673606653811895,
324.0,236.1076456308365,5,1.4736842105263157,0.07303562885364949,
366.5,97.01219260692596,3,1.1481481481481481,0.4893630815968409,Triangle
261.5,171.09545266628265,10,2.8636363636363638,0.1122547231134705,
557.0,279.9655100107193,6,3.4516129032258065,0.08930093264498368,
344.5,310.7523069381714,2,10.538461538461538,0.044830168111052664,
104.0,103.31370830535889,2,0.12,0.12244112262304874,
139.5,126.18376541137695,5,0.14035087719298245,0.11009741084359209,
498.0,117.39696848392487,5,0.868421052631579,0.45407275253661444,
115.0,142.71067714691162,7,0.3898305084745763,0.07095692240948803,
403.5,101.01219248771667,4,1.0,0.4969421192982711,Square
252.5,119.982754945755,8,1.064516129032258,0.22041116355350007,
316.0,220.79393672943115,4,1.653061224489796,0.08145592141582098,Rectangle
190.0,225.88224971294403,6,0.782608695652174,0.04679497891660008,
107.0,140.71067667007446,8,1.1785714285714286,0.06791090821891409,
548.0,278.79393696784973,9,3.212121212121212,0.08859797035344939,
140.5,147.29646337032318,3,6.666666666666667,0.08137697639877159,Triangle
104.0,109.11269783973694,3,0.16,0.10977226248507968,Triangle
121.0,120.9116872549057,5,0.43902439024390244,0.10400606638870068,
105.0,127.74011421203613,6,0.6666666666666666,0.08086201565750877,
229.0,128.56854152679443,12,1.1333333333333333,0.1740908363624832,
206.0,144.36753070354462,5,1.25,0.12420469933743579,
163.0,202.71067690849304,6,0.9722222222222222,0.049847596256413114,
101.5,136.4680358171463,4,1.1,0.06848792755772225,Square
555.0,304.93607223033905,7,3.4242424242424243,0.07500414126740165,
233.0,113.4558436870575,5,7.142857142857143,0.22746367194388045,
109.5,91.35533845424652,7,5.0,0.1648754983862022,
122.5,56.38477599620819,8,1.1333333333333333,0.4841971556188255,
116.5,86.18376541137695,13,1.0588235294117647,0.19709919928762454,
103.5,115.35533845424652,4,0.19607843137254902,0.09774055895143181,Rectangle
142.5,187.09545254707336,7,0.8611111111111112,0.051156198587225886,
110.5,86.87005722522736,6,2.4285714285714284,0.18400597554595244,
205.5,103.982754945755,9,1.1071428571428572,0.23883559417905958,
466.0,266.4507908821106,6,3.193548387096774,0.08248248816652422,
170.0,115.4558436870575,8,7.0,0.16026066738853958,
561.0,305.11269783973694,3,14.5,0.0757272457047951,Triangle
249.5,194.61017155647278,8,3.6315789473684212,0.08278455964443815,
446.0,240.5096663236618,8,4.571428571428571,0.09689015510845658,
245.0,136.5685418844223,8,1.2916666666666667,0.1650724523394679,
213.0,109.94112491607666,7,0.7931034482758621,0.22144665000712574,
160.5,64.52691149711609,7,0.7727272727272727,0.48439889472001835,
116.5,120.81118202209473,9,0.6428571428571429,0.100304755209314,
143.0,186.08326029777527,8,1.0,0.05189568972373758,
183.5,231.63960921764374,8,1.0571428571428572,0.04297543540401194,
123.5,170.12489020824432,7,1.0833333333333333,0.05362176509153901,
286.5,87.8406194448471,3,0.9285714285714286,0.4665989002767405,Triangle
149.5,209.01219260692596,8,0.8181818181818182,0.04300389713319491,
819.0,129.25483298301697,5,1.1176470588235294,0.61602761950588,
240.5,306.9533175230026,10,0.875,0.03207600567341188,
182.0,216.85281229019165,8,1.0571428571428572,0.04863524797385112,
473.0,134.7106773853302,8,0.7021276595744681,0.32754197608227636,
131.5,184.5269113779068,9,0.9354838709677419,0.04853065934328065,
677.0,114.9116872549057,5,1.0294117647058822,0.6442732942215327,
985.5,142.5269112586975,6,0.9230769230769231,0.6096390050030239,
140.0,190.42640614509583,8,1.0714285714285714,0.04851584024475911,
453.5,108.32590079307556,3,0.7837837837837838,0.4856490428674224,Triangle
921.5,141.982754945755,6,0.9523809523809523,0.5744258904931807,
1250.0,153.5979790687561,4,0.813953488372093,0.6658077926098972,Square
129.5,206.81118202209473,8,1.0571428571428572,0.03804797948797096,
376.0,107.74011445045471,4,0.8235294117647058,0.40704539313598265,Square
127.5,108.81118190288544,7,1.3333333333333333,0.13532342887230187,
187.5,117.1543276309967,9,1.096774193548387,0.1716700226017591,
216.5,266.9533175230026,10,0.8372093023255814,0.03817658878254529,
313.5,159.4385985136032,6,4.0,0.1549745816943619,
146.5,110.5269113779068,4,8.166666666666666,0.15069936440909354,Rectangle
546.5,302.87005722522736,3,14.5,0.07486646909122956,Triangle
255.5,177.9827550649643,6,3.55,0.10135493939382678,
739.0,399.56348872184753,7,5.708333333333333,0.058167809528141566,
226.0,106.28427076339722,7,0.8275862068965517,0.2514087038074221,
165.0,64.76955211162567,6,0.8181818181818182,0.4942560800920956,
252.5,75.35533833503723,4,0.7037037037037037,0.5587830170953011,Rectangle
609.5,105.69848430156708,4,1.0,0.6855609228006869,Square
192.0,69.11269772052765,5,0.9545454545454546,0.5051209739474016,
952.5,133.35533833503723,4,1.088235294117647,0.6730603968123801,Square
291.0,88.42640614509583,5,0.9285714285714286,0.4676693452423287,
710.0,113.4558436870575,5,0.8484848484848485,0.6931296441208374,
1444.5,171.15432798862457,4,0.8571428571428571,0.6196573978275671,Square
120.5,134.32590091228485,6,1.1428571428571428,0.08392230176339903,
475.5,133.29646396636963,7,0.7021276595744681,0.3362971042316725,
158.5,206.66904664039612,10,0.9354838709677419,0.04663245270156112,
655.0,112.08326017856598,4,1.0,0.6551936117762673,Square
997.5,136.5269113779068,4,1.0285714285714285,0.6724906300892889,Square
143.5,193.01219260692596,8,1.0357142857142858,0.04840522870941194,
469.0,110.08326005935669,5,0.7837837837837838,0.48634016943854547,
116.5,134.81118214130402,6,1.3076923076923077,0.08055341475745893,
132.5,177.8406195640564,8,1.1,0.052645810587216436,
1230.5,148.87005722522736,4,0.7727272727272727,0.6977129300810643,Rectangle
102.0,140.22539603710175,8,1.105263157894737,0.0651863531728606,
102.0,132.42640614509583,11,1.0952380952380953,0.07309048598743904,
392.5,100.66904735565186,4,0.9354838709677419,0.48669581002921225,Square
127.5,176.81118190288544,8,1.0294117647058822,0.051250793561661956,
227.0,129.88224959373474,8,0.9090909090909091,0.169097083430325,
139.5,136.95331704616547,8,1.1538461538461537,0.09346283724547927,
473.0,97.94112491607666,6,1.3181818181818181,0.6196419743333387,
1182.5,142.04163014888763,4,0.7906976744186046,0.7365118143052665,Rectangle
390.5,209.92387986183167,7,3.32,0.1113543566774634,
200.5,201.2132030725479,3,16.0,0.06223164654704978,Triangle
157.5,110.87005722522736,5,8.166666666666666,0.16101334735184256,
181.5,69.69848418235779,9,2.6363636363636362,0.4695045736249494,
122.5,115.35533845424652,3,7.428571428571429,0.11568327025652558,Triangle
227.0,151.88224971294403,8,3.1052631578947367,0.12365784634635657,
299.0,178.36753070354462,8,2.6,0.11809987889343163,
195.0,94.62741661071777,9,1.0434782608695652,0.2736594866316007,
256.5,78.18376517295837,8,0.6785714285714286,0.5273076485406696,
116.5,179.63960921764374,7,0.7777777777777778,0.04536611466027324,
277.0,92.42640602588654,6,0.9285714285714286,0.40747174689161786,
146.0,187.74011433124542,6,0.6122448979591837,0.05205333551288418,
139.0,161.88224983215332,7,1.1612903225806452,0.06665399754292439,
160.5,182.61017191410065,8,0.7021276595744681,0.060483229200977054,
149.5,205.92387986183167,11,0.9166666666666666,0.0443034586889365,
170.0,216.56854128837585,8,0.918918918918919,0.04554786688620428,
179.5,190.75230705738068,8,0.7435897435897436,0.061991867331368036,
148.0,149.5391048192978,8,0.90625,0.08316910469519508,
209.0,132.71067678928375,12,0.9375,0.14912292793800405,
228.5,242.81118214130402,6,0.723404255319149,0.0487033350927262,
329.5,191.09545266628265,7,3.8,0.113387342750894,
180.5,137.2964631319046,7,4.909090909090909,0.12032846347786676,
665.0,350.9949473142624,5,10.461538461538462,0.06783124368509452,
167.5,86.5269113779068,8,1.3888888888888888,0.28113976154230497,
255.0,78.42640590667725,6,0.6551724137931034,0.5209852392324126,
269.5,89.84061968326569,4,0.9285714285714286,0.41958809347403464,Square
104.0,132.76955199241638,6,0.3673469387755102,0.07413891461263034,
132.0,168.22539567947388,9,1.09375,0.0586139079952008,
450.5,137.29646337032318,8,0.7021276595744681,0.30032117788649365,
146.5,195.01219248771667,9,0.8235294117647058,0.04840876004614214,
150.5,188.95331740379333,8,1.0,0.05297089632406044,
945.0,133.11269772052765,5,0.9444444444444444,0.6701973438237062,
129.0,173.94112491607666,8,1.0357142857142858,0.05357905203808473,
459.0,112.08326005935669,4,0.7435897435897436,0.45913567701528946,Rectangle
166.5,239.92387986183167,10,0.9743589743589743,0.036347718011707414,
120.5,168.6101713180542,8,0.45454545454545453,0.053263459604766,
1208.5,151.35533845424652,5,0.7727272727272727,0.6629198625493338,
387.5,101.84062004089355,5,0.875,0.4695042212323896,
217.5,123.63960921764374,12,0.7714285714285715,0.1787943858604525,
1162.5,146.5269113779068,5,0.7608695652173914,0.6804058439073457,
384.5,193.4385986328125,7,4.0,0.12912785404072863,
377.5,249.8406196832657,3,14.5,0.07599774798386699,Triangle
117.5,51.899494767189026,4,2.2222222222222223,0.5481778339211302,Rectangle
178.0,85.4558436870575,8,1.9285714285714286,0.30629953244536695,
259.0,80.42640614509583,7,0.6785714285714286,0.5031671765594455,
644.5,112.87005722522736,6,0.90625,0.6357337899111392,
967.5,134.66904652118683,5,1.0555555555555556,0.670386511043888,
284.5,87.84061932563782,4,0.9629629629629629,0.46334166662840487,Square
165.0,207.25483310222626,8,0.7941176470588235,0.048270797541949906,
163.0,236.5096663236618,8,1.1142857142857143,0.03661842641782328,
1446.5,168.66904664039612,4,0.8958333333333334,0.6389362398749123,Square
164.0,206.3675309419632,8,1.0571428571428572,0.04839171076967352,
462.0,134.71067655086517,5,0.723404255319149,0.31992472478809514,
726.0,117.79898953437805,5,0.90625,0.6574509457393353,
660.0,114.08326005935669,5,1.0606060606060606,0.6372501601310926,
971.5,133.69848430156708,5,1.0285714285714285,0.682966971080004,
656.5,107.21320307254791,4,1.1111111111111112,0.7177084381722032,Square
545.5,93.84061908721924,8,0.7575757575757576,0.7784359607144399,
460.5,111.15432786941528,4,0.7894736842105263,0.4683674924000863,Rectangle
892.5,131.49747383594513,4,1.0263157894736843,0.6486094460271968,Square
778.5,117.55634891986847,4,1.1379310344827587,0.7079071559391037,Square
1224.0,149.94112491607666,4,0.7727272727272727,0.6841475125865647,Rectangle
193.0,321.70562398433685,11,0.7361111111111112,0.023434185674667624,
356.0,82.62741649150848,5,1.1428571428571428,0.655256766228336,
162.5,228.32590091228485,10,1.125,0.039169936678340664,
276.0,160.02438533306122,9,1.125,0.1354398957029402,
393.5,99.84061968326569,4,0.9032258064516129,0.4960666888821032,Square
116.5,92.32590043544769,5,1.28,0.17174681246898366,
474.0,96.28427076339722,5,1.1666666666666667,0.6425064838413775,
1155.5,141.69848430156708,4,0.7906976744186046,0.7231849911311836,Rectangle
136.0,76.08326029777527,12,1.625,0.29523683653683686,
106.5,162.95331740379333,8,1.1481481481481481,0.05040029277646915,
484.0,259.62236416339874,7,3.161290322580645,0.09023416938320095,
112.0,161.79898953437805,2,19.5,0.05376210647237218,
173.5,78.04163014888763,8,2.6363636363636362,0.35797828101327384,
135.0,129.05382251739502,7,0.6551724137931034,0.10185958141814035,
306.5,89.84061932563782,4,1.0,0.47719388376124505,Square
111.5,164.6101723909378,9,1.1714285714285715,0.05170962543628621,
574.0,95.25483298301697,8,0.7272727272727273,0.7949644660583652,
490.5,134.4680359363556,6,0.723404255319149,0.3408872459006891,
1542.0,152.36753070354462,8,0.8431372549019608,0.8346595734227897,Circle
483.0,113.74011433124542,5,0.8108108108108109,0.46916939445910766,
103.0,180.85281229019165,11,0.8095238095238095,0.039572779550823334,
140.0,201.53910374641418,8,1.1666666666666667,0.043313098581913116,
145.0,251.27921795845032,9,0.9310344827586207,0.028857899906459965,
185.0,122.71067655086517,10,1.0333333333333334,0.15438919093740003,
162.0,173.19595777988434,8,0.9375,0.06786555029430782,
1141.5,145.8406195640564,4,0.8604651162790697,0.6744174186421629,Square
116.0,232.93607187271118,12,0.9534883720930233,0.026865464777335167,
467.0,278.59292674064636,6,3.566666666666667,0.075611277000947,
214.5,117.982754945755,11,1.36,0.19364223863308078,
162.0,74.28427076339722,8,3.3333333333333335,0.36891910803219236,
277.5,87.0121922492981,7,0.59375,0.46058801188339127,
192.0,253.27921843528748,13,0.8837209302325582,0.03761074862653051,
1022.5,137.01219260692596,5,1.0555555555555556,0.6844705200015095,
1341.0,139.8822499513626,8,0.8297872340425532,0.8612186450740826,Circle
219.5,310.61017167568207,8,0.8979591836734694,0.028589926661881,
193.0,293.0782070159912,14,0.9166666666666666,0.028235801564723148,
145.5,190.46803629398346,8,1.1428571428571428,0.05039978093558173,
185.5,178.55129647254944,8,0.7659574468085106,0.07311858226005688,
197.5,280.1492757797241,12,0.8269230769230769,0.03162262775418863,
160.5,202.26702570915222,10,1.09375,0.04929861565936929,
179.5,248.81118214130402,8,1.0588235294117647,0.036436321683619405,
139.0,198.911687374115,9,1.1071428571428572,0.044147291200831974,
166.5,186.40916073322296,8,0.8378378378378378,0.060212907651975865,
158.0,239.33809340000153,9,1.1081081081081081,0.03466117626287474,
2831.5,206.89444184303284,8,0.7777777777777778,0.8312444960701872,Circle
186.5,108.81118202209473,12,1.16,0.19794368179909927,
346.5,82.87005722522736,5,1.25,0.6340417054722409,
391.0,103.25483393669128,4,0.90625,0.4608566263466971,Square
105.5,83.49747347831726,6,1.2173913043478262,0.1901584613279062,
225.0,259.88224971294403,9,0.8333333333333334,0.04186384818722774,
1129.5,132.12488973140717,8,0.9302325581395349,0.8130679152364254,Circle
512.0,321.4213535785675,6,4.357142857142857,0.0622773857466025,
239.0,147.88224947452545,9,1.6666666666666667,0.1373332408152452,
151.0,70.14213538169861,5,3.75,0.38568153309815356,
294.5,83.0121922492981,5,0.6451612903225806,0.5370458893501812,
687.0,106.97056245803833,4,0.9666666666666667,0.7544631670953263,Square
219.5,76.18376541137695,4,0.9583333333333334,0.47524714936349205,Square
187.5,214.89444208145142,12,0.8604651162790697,0.051022386651345966,
209.0,247.68123936653137,10,1.054054054054054,0.04281243463869552,
105.5,154.6690467596054,4,0.8809523809523809,0.05541859431664803,Square
307.0,96.08326005935669,6,1.0714285714285714,0.4178811482626839,
149.5,212.6690467596054,8,0.8787878787878788,0.04153770405572027,
1285.0,139.0538228750229,8,0.8085106382978723,0.835116617737097,Circle
855.5,127.84061968326569,4,1.1142857142857143,0.6577973864650984,Square
1505.5,177.49747383594513,5,0.88,0.6004906794386807,
1587.0,153.53910422325134,8,0.9375,0.8459579687387012,Circle
524.0,90.42640590667725,8,0.696969696969697,0.8052868580185387,Circle
167.0,219.1959581375122,8,1.0571428571428572,0.04367784992375308,
183.5,211.37972402572632,10,0.7083333333333334,0.051608267444843675,
128.5,187.154327750206,7,1.064516129032258,0.04610130755826571,
1378.0,146.36753153800964,8,0.82,0.8082944269103174,Circle
664.5,115.49747371673584,5,1.125,0.6259791662679732,
194.5,243.2964632511139,9,1.0571428571428572,0.04129123553485456,
686.5,111.21320307254791,4,1.1071428571428572,0.6974895533373404,Square
150.0,159.82337427139282,8,0.8648648648648649,0.07379391168456903,
878.5,129.49747383594513,4,1.0810810810810811,0.6583078544366373,Square
248.5,373.4041074514389,13,0.782608695652174,0.02239639277624385,
124.0,193.25483310222626,10,1.2142857142857142,0.041722547832463194,
1199.0,146.28427076339722,4,0.7906976744186046,0.7040990932040142,Rectangle
203.5,118.81118178367615,11,1.3333333333333333,0.18115888797649937,
390.0,99.25483298301697,3,1.0,0.4974748677442675,Triangle
107.0,162.7695518732071,10,1.3181818181818181,0.0507513157590199,
217.5,265.2964633703232,8,0.8809523809523809,0.03883347046941069,
511.0,286.45079123973846,6,5.95,0.07825835446138933,
276.5,146.95331704616547,8,1.6428571428571428,0.16089635766101165,
144.5,67.89949476718903,5,3.625,0.39386249310202953,
167.5,54.72792184352875,4,1.1428571428571428,0.7027595579521118,Square
186.0,70.42640590667725,7,0.7916666666666666,0.47125042762368213,
288.5,79.01219260692596,5,0.6896551724137931,0.5807208967562328,
696.5,109.55634891986847,4,0.9666666666666667,0.7292154873240335,Square
219.5,73.35533905029297,8,0.9166666666666666,0.5126027492246336,
147.5,214.5512968301773,11,0.9722222222222222,0.040266102664332094,
164.5,194.75230717658997,11,0.813953488372093,0.05450176208978935,
1049.0,135.5979790687561,5,1.027027027027027,0.7169335731729003,
215.5,295.09545278549194,8,0.8627450980392157,0.031097974547086484,
312.0,94.08326029777527,6,0.9655172413793104,0.4429347365389944,
762.0,119.11269783973694,4,0.8529411764705882,0.6749144286022225,Square
155.5,202.0660150051117,12,0.7872340425531915,0.04785790727898167,
185.5,239.09545290470123,8,1.1388888888888888,0.04077661252074257,
1538.5,178.32590079307556,5,0.9,0.6079649070219582,
208.5,273.5218584537506,13,0.9166666666666666,0.035021266365531434,
157.0,183.88224983215332,7,1.0857142857142856,0.05834852727534406,
198.5,209.72286903858185,9,0.7083333333333334,0.05671250029542841,
779.5,123.69848418235779,5,0.96875,0.6401728152728403,
194.5,282.8355667591095,12,0.82,0.030553532340620384,
172.0,183.19595801830292,8,1.15625,0.06440306500411304,
194.0,245.88224983215332,9,1.0571428571428572,0.04032340867642086,
140.5,198.18376553058624,10,1.1428571428571428,0.044952105318111266,
180.0,187.82337510585785,8,0.8648648648648649,0.06411846081007466,
157.0,195.19595766067505,7,1.1081081081081081,0.05178069524739195,
266.0,390.9604585170746,12,0.7857142857142857,0.021868844168811696,
147.0,217.7401144504547,10,1.1724137931034482,0.03896281308337275,
195.5,272.8111820220947,8,0.7727272727272727,0.03300899418805117,
202.0,116.56854140758514,8,1.4074074074074074,0.18680930679977564,
133.5,198.18376553058624,8,1.2333333333333334,0.04271249864745803,
143.0,168.71067655086517,7,1.0333333333333334,0.06313363098409314,
115.5,96.5269113779068,8,2.1875,0.15577402014478833,
104.5,143.92387998104095,4,0.7804878048780488,0.06339579283793356,Rectangle
133.5,250.83556735515594,12,0.8888888888888888,0.0266632383312462,
213.5,132.95331740379333,8,4.25,0.1517781961595221,
101.5,131.2964632511139,6,1.1851851851851851,0.07398945886851375,
410.5,235.72286939620972,6,4.571428571428571,0.09283667711575462,
271.0,141.05382251739502,11,1.6923076923076923,0.17116282078047163,
116.0,63.3137081861496,4,4.0,0.36364058922422915,Rectangle
168.0,55.31370830535889,4,1.1428571428571428,0.6900071571083589,Square
187.5,70.18376553058624,5,0.7916666666666666,0.47834121812942876,
288.0,78.42640662193298,5,0.6896551724137931,0.5884068476945508,
697.5,109.55634891986847,4,0.9354838709677419,0.7302624585908304,Square
228.0,73.94112479686737,4,0.9166666666666666,0.5240498553204039,Square
884.5,116.32590043544769,8,0.9722222222222222,0.8214002967330588,Circle
162.5,202.75230634212494,10,0.8095238095238095,0.04967428482529131,
1058.5,134.5269113779068,5,1.0,0.7349916137493108,
248.5,309.5807340145111,8,0.8431372549019608,0.032582800241867736,
328.5,91.84061932563782,5,0.9310344827586207,0.4894131458099404,
765.0,115.79898953437805,5,0.8529411764705882,0.7169052481774655,
152.0,222.7939372062683,12,0.7659574468085106,0.038481032404411024,
187.0,235.68123924732208,8,1.0810810810810811,0.04230594927871757,
218.0,285.0782079696655,13,0.9166666666666666,0.033708413860096195,
1543.0,173.5979789495468,4,0.9,0.6434080059944575,Square
172.5,219.4385987520218,8,1.0555555555555556,0.045016623845065114,
521.5,141.2964631319046,7,0.6938775510204082,0.3282476268537093,
776.5,122.87005722522736,4,0.9375,0.6463372751584225,Square
160.5,191.78174459934235,10,1.0294117647058822,0.05483658120012148,
1018.0,139.11269783973694,5,1.0277777777777777,0.6610344537383792,
695.5,112.87005722522736,4,1.0689655172413792,0.6860401099816871,Square
496.5,115.982754945755,4,0.8421052631578947,0.46381231545752705,Square
156.5,199.78174436092377,7,1.0789473684210527,0.04927340834183575,
112.5,177.49747383594513,8,1.1724137931034482,0.044872269303787175,
227.5,278.95331740379333,10,0.8181818181818182,0.036739073839587334,
195.0,124.71067678928375,11,1.25,0.15755681870148225,
112.5,178.32590079307556,8,1.2666666666666666,0.044456322417920247,
140.0,97.11269783973694,8,1.9444444444444444,0.18654596569472776,
193.0,139.88224971294403,8,4.75,0.1239486943071589,
214.0,127.5391036272049,9,1.6,0.16532438532735438,
177.5,56.38477599620819,5,1.0666666666666667,0.7015917969170736,
191.5,71.0121922492981,7,0.7916666666666666,0.4772135889924776,
283.5,81.8406194448471,6,0.6666666666666666,0.5318940247716958,
708.5,112.04163014888763,4,0.967741935483871,0.7092361778537617,Square
232.0,75.59797894954681,5,1.0,0.5101260228928051,
895.5,116.32590067386627,8,0.918918918918919,0.8316155598748085,Circle
173.0,193.33809292316437,10,0.7727272727272727,0.058159559204070815,
1073.0,136.76955199241638,5,1.0,0.7208264882771152,
256.5,311.09545278549194,8,0.8269230769230769,0.03330503597744192,
324.5,93.01219236850739,4,0.9310344827586207,0.47135140163650124,Square
768.0,119.4558436870575,5,0.8,0.676326312731214,
171.5,217.03657913208008,12,0.7659574468085106,0.04575179285450948,
195.5,235.4385987520218,8,1.054054054054054,0.04432015770638009,
1587.0,153.0538226366043,8,0.9166666666666666,0.8513309628951063,Circle
1555.0,173.5979789495468,4,0.88,0.6484118271687501,Square
181.0,220.02438509464264,8,1.0555555555555556,0.04698365588568175,
531.5,137.2964630126953,6,0.6938775510204082,0.3543189941803038,
779.5,121.55634891986847,5,0.9090909090909091,0.6629346045661874,
1398.5,147.29646348953247,8,0.8,0.8100049915264959,Circle
671.0,113.25483310222626,4,1.0303030303030303,0.6573836453991551,Square
1017.5,136.04163014888763,5,1.0,0.690876828922186,
142.0,202.08326017856598,10,1.1071428571428572,0.04369558207860881,
508.0,116.56854104995728,4,0.775,0.46979766552762325,Rectangle
900.0,134.56854152679443,4,1.0256410256410255,0.6245472242106055,Square
209.0,339.01933228969574,11,0.7605633802816901,0.022851105835613943,
121.0,222.08326029777527,10,1.1,0.03082929442521568,
1222.0,148.62741661071777,4,0.7727272727272727,0.6951574984410743,Rectangle
249.0,205.62236404418945,10,0.5818181818181818,0.07400626990176608,
172.5,233.63960909843445,9,0.8571428571428571,0.03971056091268579,
220.0,120.22539532184601,9,2.05,0.19126703136305712,
199.5,72.18376541137695,7,0.8695652173913043,0.48114247527955234,
293.0,82.91168761253357,6,0.7,0.5356066670855542,
733.5,112.38477599620819,4,0.967741935483871,0.7297851361010044,Square
881.5,115.15432751178741,8,0.868421052631579,0.8353561105480309,Circle
236.0,75.59797966480255,5,1.0,0.5189212893302295,
1103.5,137.35533845424652,5,1.0,0.7350063899840126,
299.5,318.0660150051117,8,0.8653846153846154,0.037202502567068155,
324.5,94.66904699802399,4,0.9333333333333333,0.4549970225352464,Square
175.5,218.18376553058624,8,0.8235294117647058,0.04632784717535195,
208.0,235.1959581375122,8,1.054054054054054,0.04725127054776912,
1573.5,153.29646289348602,9,0.8775510204081632,0.8414190547957622,Circle
1575.5,175.01219260692596,4,0.8627450980392157,0.6463855808317721,Square
189.0,218.3675309419632,8,1.0555555555555556,0.049807591445127676,
517.0,141.88224935531616,6,0.7142857142857143,0.3227336703338223,
790.0,123.4558436870575,5,0.8823529411764706,0.6513488516643657,
193.5,281.17871248722076,12,0.7843137254901961,0.030755724178184365,
674.5,114.66904652118683,4,1.0606060606060606,0.6446135278126913,Square
1006.5,136.5269113779068,5,1.0,0.6785582147216735,
144.5,201.01219260692596,9,1.0714285714285714,0.044939983589538886,
487.0,91.59797883033752,6,0.696969696969697,0.7294021576618441,
472.5,113.49747371673584,5,0.8157894736842105,0.460934576086422,
115.5,205.23758840560913,11,0.7674418604651163,0.03445704597563898,
900.0,132.08326029777527,4,1.0263157894736843,0.6482713262924032,Square
2758.5,203.2375876903534,8,0.7605633802816901,0.8392179983508254,Circle
770.0,120.62741661071777,4,1.1,0.6649799259941279,Square
1223.5,151.01219260692596,4,0.7555555555555555,0.674201650067015,Rectangle
182.5,117.15432786941528,11,1.2222222222222223,0.16709215465228663,
360.5,80.38477599620819,4,1.1428571428571428,0.701079908525045,Square
850.0,129.11269783973694,4,1.125,0.6407533389046228,Square
383.5,98.66904616355896,4,0.9666666666666667,0.495009316192909,Square
473.5,92.38477599620819,5,1.2727272727272727,0.6971544873475298,
1144.0,141.11269783973694,4,0.7906976744186046,0.7219443112732927,Rectangle
137.5,213.72286999225616,11,0.8695652173913043,0.03782775496643551,
340.0,90.76955199241638,4,1.25,0.5185712043283427,Square
188.0,107.39696848392487,11,2.0,0.20482533227025865,
198.5,71.8406195640564,5,0.8333333333333334,0.4833149587877238,
298.0,81.59797883033752,6,0.6666666666666666,0.562428507150824,
754.0,113.79898953437805,4,1.0,0.7316517206510283,Square
862.0,113.74011433124542,8,0.8918918918918919,0.8373168075025897,Circle
234.5,75.35533845424652,4,0.9583333333333334,0.5189489785911466,Square
153.5,221.37972390651703,13,0.8372093023255814,0.03935886452666402,
1145.0,142.42640614509583,5,1.0256410256410255,0.709307119516743,
124.5,158.32590091228485,4,0.975609756097561,0.06241303180127992,Square
326.5,95.01219248771667,5,0.9,0.4545005046623644,
149.5,205.72286999225616,13,0.7608695652173914,0.044390077966219896,
807.0,122.28427076339722,4,0.8285714285714286,0.6781756662856514,Square
163.5,193.9827550649643,8,1.1111111111111112,0.05460109780676036,
1536.5,151.29646337032318,8,0.8958333333333334,0.8434995903883239,Circle
1601.0,174.76955199241638,4,0.8627450980392157,0.6586726793876131,Square
518.0,90.42640578746796,8,0.6666666666666666,0.7960660182317406,
200.0,222.85281217098236,8,1.0833333333333333,0.050606187712877865,
520.0,139.88224935531616,7,0.7142857142857143,0.33395503300150187,
166.0,182.42640614509583,9,0.9393939393939394,0.06268195698987793,
1402.0,147.53910386562347,8,0.7843137254901961,0.8093634628163047,Circle
674.0,115.25483322143555,4,1.09375,0.637604637729267,Square
1018.5,135.69848430156708,5,1.0571428571428572,0.6950577718133161,
696.0,113.4558436870575,4,1.1481481481481481,0.6794622990254969,Square
482.5,112.32590067386627,4,0.8648648648648649,0.4805597161881891,Square
633.5,301.6639940738678,16,0.9193548387096774,0.08748015210739912,
907.0,132.08326029777527,4,1.0526315789473684,0.6533134366080108,Square
2792.0,204.651801943779,8,0.7746478873239436,0.8377108339348042,Circle
771.5,118.38477599620819,4,1.1379310344827587,0.6917578257764121,Square
1218.0,145.4558436870575,4,0.7727272727272727,0.7234271520458805,Rectangle
184.5,107.98275470733643,8,1.2592592592592593,0.19883710426020607,
369.0,80.97056245803833,4,1.1428571428571428,0.7072645945825905,Square
868.0,127.11269783973694,4,1.1612903225806452,0.6750745205210287,Square
386.0,97.59797966480255,5,1.0344827586206897,0.5092317967823872,
105.5,157.5807342529297,7,0.7441860465116279,0.05338952833500897,
482.5,92.38477599620819,5,1.2173913043478262,0.710405575808201,
1146.0,140.28427076339722,4,0.8333333333333334,0.7317732399511324,Square
155.5,214.8944422006607,12,0.851063829787234,0.04231456594923625,
168.0,91.5979790687561,11,1.9411764705882353,0.25162127689790187,
345.0,89.59797894954681,4,1.25,0.5400482115726588,Square
199.5,71.35533845424652,8,0.7916666666666666,0.49237934149536655,
304.0,84.42640578746796,4,0.6451612903225806,0.5359531724686247,Rectangle
104.5,101.01219260692596,7,2.923076923076923,0.12870000333109824,
101.5,106.87005722522736,7,1.4761904761904763,0.11167702146871256,
241.5,77.35533845424652,4,1.0,0.5071616636833027,Square
136.5,159.8406195640564,6,1.56,0.06713797018277257,
340.0,93.25483298301697,7,0.9655172413793104,0.4912992304052123,
104.0,122.22539591789246,8,2.235294117647059,0.087482321212529,
820.5,122.04163014888763,4,0.8285714285714286,0.6922651188488467,Square
153.0,191.0538226366043,7,1.1111111111111112,0.05267321556638272,
141.5,167.43859922885895,8,1.3125,0.06342422069945666,
178.5,233.29646337032318,6,0.9555555555555556,0.041212767026879434,
538.5,142.12489068508148,5,0.7,0.33500808193048,
179.5,221.982754945755,8,0.9393939393939394,0.045775789463433775,
146.5,241.03657722473145,13,0.7450980392156863,0.03168703367988312,
173.5,196.26702570915222,10,1.0909090909090908,0.05659976929425486,
1018.0,137.11269783973694,4,1.0571428571428572,0.6804595126085629,Square
695.5,113.69848430156708,4,1.1428571428571428,0.6760793138504633,Square
484.0,112.56854104995728,4,0.8888888888888888,0.47997780001507595,Square
902.5,132.6690467596054,4,1.0810810810810811,0.6443441014635812,Square
305.5,391.06096172332764,13,0.7638888888888888,0.025103377133204968,
761.0,121.11269783973694,4,1.1724137931034482,0.6519513126917571,Square
1219.0,149.11269783973694,4,0.813953488372093,0.6889446215364752,Square
182.5,100.32590091228485,10,1.1111111111111112,0.22784872157429875,
374.5,83.21320307254791,4,1.1904761904761905,0.6796373022867078,Square
160.0,229.39696848392487,10,1.1935483870967742,0.03820801697032682,
385.5,98.18376636505127,5,1.0,0.5025217585007212,
490.0,92.97056245803833,5,1.2173913043478262,0.7123854279833246,
1152.5,141.35533833503723,5,0.8333333333333334,0.7248136594709614,
151.5,210.06601524353027,12,0.8695652173913043,0.04314305574462954,
339.0,91.59797894954681,4,1.2916666666666667,0.5077357922048417,Square
164.5,89.35533809661865,10,1.8235294117647058,0.25890161616868895,
208.0,72.42640614509583,6,0.8333333333333334,0.49828673695162523,
311.5,84.66904664039612,4,0.625,0.5460326040920425,Rectangle
192.0,212.56854140758514,9,1.096774193548387,0.05339653892164335,
249.0,80.42640614509583,5,1.0,0.4837398724451813,
113.0,124.76955199241638,4,1.5769230769230769,0.09121601102587783,Rectangle
233.0,260.1665201187134,10,1.0769230769230769,0.043257654635622055,
361.5,97.49747359752655,3,0.9032258064516129,0.4778938495958236,Triangle
826.5,124.18376529216766,6,0.8108108108108109,0.673477474440835,
287.0,340.30865597724915,8,0.8867924528301887,0.031141947566242282,
102.5,115.01219236850739,7,1.1111111111111112,0.09737466246578766,
547.0,143.88224935531616,6,0.68,0.33203414959777244,
188.0,191.1959581375122,10,1.121212121212121,0.0646264498174793,
182.0,187.39696860313416,8,0.9722222222222222,0.06512625860241855,
160.5,197.9827550649643,9,1.1428571428571428,0.05145530701712737,
494.5,114.32590067386627,4,0.8648648648648649,0.47543034417467156,Square
175.0,203.1959581375122,8,1.0526315789473684,0.053262038330481355,
156.5,218.46803629398346,9,1.1333333333333333,0.04120485553614473,
216.5,276.2670257091522,8,0.7777777777777778,0.03564590624665157,
156.5,86.66904664039612,11,1.0869565217391304,0.26181599019673474,
375.5,84.87005710601807,7,1.1363636363636365,0.6551048528191987,
856.0,127.94112491607666,4,1.1935483870967742,0.6571481640186385,Square
378.5,98.18376564979553,3,1.0,0.4933968569747133,Triangle
489.5,93.21320307254791,5,1.2173913043478262,0.7079583305940766,
1150.5,142.5269113779068,4,0.813953488372093,0.7117094612711279,Square
327.5,90.18376553058624,5,1.25,0.5060162206274976,
153.0,90.42640602588654,12,1.875,0.23513146746561722,
171.0,137.5391036272049,7,0.6875,0.11359352984453246,
134.5,119.63960862159729,8,1.0833333333333333,0.11808158691488847,
147.5,164.75230705738068,7,0.9354838709677419,0.06828713225053722,
199.0,230.4507907629013,7,0.6862745098039216,0.047087597780333425,
135.0,193.74011433124542,11,1.0689655172413792,0.04519647134215502,
521.0,115.740114569664,4,0.8205128205128205,0.48874212353383556,Square
101.5,155.01219260692596,6,1.1290322580645162,0.05308162232782472,
176.5,81.8406195640564,9,1.1818181818181819,0.3311438980554307,
209.5,224.81118202209473,8,0.8536585365853658,0.052090445674013205,
115.0,80.7695517539978,12,1.6666666666666667,0.22151970225372136,
189.0,175.1370828151703,8,0.8260869565217391,0.07743110286710202,
169.5,191.5807340145111,8,0.9166666666666666,0.05803311745114728,
109.0,67.11269783973694,12,1.2666666666666666,0.30410738553659955,
123.5,114.5269113779068,8,1.9444444444444444,0.11832097083428161,
101.0,108.56854140758514,8,0.7586206896551724,0.1076770704708963,
395.5,105.15432810783386,4,0.5897435897435898,0.4494713830883216,Rectangle
123.0,131.05382311344147,6,0.8888888888888888,0.08999442075173653,
103.5,93.69848418235779,4,4.666666666666667,0.1481443468681735,Rectangle
127.0,166.85281205177307,8,1.0,0.05732532480507824,
157.5,155.58073329925537,6,0.9459459459459459,0.08176713743419133,
108.0,207.0538226366043,6,1.3333333333333333,0.03165680738335181,
105.0,86.62741661071777,7,2.5,0.17582816222505,
405.5,94.66904640197754,5,0.6571428571428571,0.5685710168299605,
263.0,83.25483298301697,5,0.7586206896551724,0.4768114816381337,
901.5,128.87005722522736,4,1.0,0.6821369143586316,Square
292.0,86.4264065027237,4,0.9285714285714286,0.49124687819981194,Square
110.0,123.94112491607666,6,1.0,0.08998532344211942,
387.5,103.49747371673584,5,0.9375,0.45459229713157934,
116.0,126.08326029777527,9,1.8695652173913044,0.09169654924018034,
113.5,173.01219236850739,7,0.9545454545454546,0.04764883718773201,
202.5,230.55129599571228,8,0.7115384615384616,0.047874004453557654,
109.0,174.08326017856598,8,1.0303030303030303,0.04519832484049871,
164.0,199.6812391281128,10,1.088235294117647,0.051686745343672076,
1076.5,148.66904664039612,4,1.1388888888888888,0.61204419791768,Square
740.0,117.4558436870575,4,1.1379310344827587,0.6740503309047208,Square
175.5,193.9238796234131,8,0.8918918918918919,0.05864411041514261,
144.0,203.19595801830292,6,1.1842105263157894,0.043827048734791686,
108.5,226.32590079307556,10,1.1666666666666667,0.026617734390615665,
112.5,195.8406196832657,8,1.2666666666666666,0.03686012783997538,
120.5,164.61017179489136,8,1.0,0.05588349695243886,
143.0,148.76955199241638,5,0.8809523809523809,0.08119285094185671,
421.5,98.6690468788147,5,0.6388888888888888,0.5440584713177031,
140.5,132.1248905658722,8,0.7666666666666667,0.10113859287096057,
310.0,87.25483310222626,5,0.9642857142857143,0.5116730858400964,
114.5,96.38477599620819,3,7.5,0.15488111480370143,Triangle
409.0,110.08326029777527,6,0.9117647058823529,0.42412180903785096,
164.5,192.26702558994293,8,0.6981132075471698,0.055919869708282575,
170.5,163.8406196832657,6,0.8409090909090909,0.07981620663453891,
265.0,75.4558436870575,6,1.2105263157894737,0.5848843206893511,
131.0,119.05382287502289,6,0.7741935483870968,0.11614338220378072,
448.5,103.49747335910797,5,0.575,0.5261539268968515,
232.0,257.0538226366043,9,1.054054054054054,0.04412144381057271,
102.0,114.28427076339722,3,5.888888888888889,0.09813797962721998,Triangle
160.0,143.88224971294403,7,0.9655172413793104,0.09712150579808156,
291.0,306.85281217098236,10,1.1363636363636365,0.038836728365951194,
451.5,109.15432751178741,3,0.9142857142857143,0.4761959549700434,Triangle
122.5,162.32590091228485,4,1.1538461538461537,0.05842117788252501,Square
131.5,176.32590091228485,4,1.0714285714285714,0.05315001529918701,Square
670.5,159.4385987520218,5,0.7222222222222222,0.3314528124890015,
135.5,181.78174483776093,8,0.8717948717948718,0.0515286333082959,
185.0,178.56854152679443,6,0.9285714285714286,0.07290741319111683,
114.0,113.94112491607666,9,1.0,0.1103452669553885,
164.0,144.36753058433533,10,0.6764705882352942,0.09888141128630677,
244.0,170.36753058433533,8,0.5476190476190477,0.10563942614041083,
249.5,259.63960921764374,8,0.925,0.04650916263055898,
354.5,93.8406195640564,3,0.9333333333333333,0.5058763432975524,Triangle
1600.0,168.08326029777527,5,1.1111111111111112,0.7116737050081642,
157.0,178.71067678928375,5,1.0222222222222221,0.06177439736678405,
157.5,186.95331740379333,6,0.7692307692307693,0.05662706731109833,
452.0,110.56854140758514,3,0.9411764705882353,0.46460634632238074,Triangle
214.0,258.08326029777527,8,0.85,0.04037420320903157,
227.5,275.7228693962097,8,1.170731707317073,0.03760500805859513,
2035.0,203.74011433124542,4,0.9473684210526315,0.616057411193193,Square
119.0,170.36753106117249,6,1.3666666666666667,0.05152086737843893,
673.0,162.0243854522705,7,0.7272727272727273,0.32215447058281704,
982.0,136.28427076339722,4,1.0,0.6644003957557286,Square
1178.5,151.01219260692596,4,1.131578947368421,0.6494046952218858,Square
143.0,217.7401144504547,10,1.2413793103448276,0.03790260048246465,
556.0,122.56854140758514,4,0.9473684210526315,0.46507888194469504,Square
1311.5,157.01219260692596,4,0.8666666666666667,0.6685153784959763,Square
180.0,218.56854152679443,6,0.9743589743589743,0.04734859108021285,
128.0,114.76955187320709,10,1.0,0.12211428244640424,
216.5,173.09545230865479,8,0.631578947368421,0.09080221629221975,
147.5,126.46803593635559,10,0.7419354838709677,0.11588849860818748,
1132.5,142.04163014888763,4,0.925,0.7053696657088493,Square
179.0,157.19595789909363,8,0.967741935483871,0.09102907843206784,
1671.5,173.15432798862457,5,1.0425531914893618,0.7005667844800166,
370.5,385.1787132024765,8,0.8888888888888888,0.031381487131564974,
465.5,113.15432798862457,5,1.0,0.4568642861549352,
1098.0,142.28427076339722,5,0.85,0.681551094244905,
248.0,279.1370829343796,8,1.1666666666666667,0.0399969130122329,
2103.5,205.15432798862457,4,0.9482758620689655,0.628045363193916,Square
217.5,253.5807341337204,8,1.125,0.04250466676486378,
703.0,158.85281252861023,6,0.7407407407407407,0.35008650655137846,
1024.5,138.87005722522736,4,0.9722222222222222,0.6675819685443843,Square
810.0,126.91168737411499,4,1.1111111111111112,0.6319629913775429,Square
1217.5,151.8406196832657,5,1.105263157894737,0.6635946849610214,
845.5,122.04163014888763,5,1.1666666666666667,0.7133579012634977,
210.5,212.06601512432098,7,0.9230769230769231,0.05881929471461865,
1013.0,144.71067690849304,4,1.125,0.6078804262925072,Square
201.0,275.53910398483276,11,0.8478260869565217,0.033268976313180834,
123.0,141.53910398483276,4,0.96875,0.07715464751755043,Square
195.5,209.15432798862457,6,1.0,0.05615945883671499,
137.0,79.25483274459839,9,1.0909090909090908,0.2740809958437256,
122.5,126.66904664039612,11,1.0476190476190477,0.09594115642725339,
148.5,120.12488973140717,8,0.9310344827586207,0.12932137502217275,
243.5,225.2964631319046,7,1.05,0.06028372524132066,
141.0,135.05382239818573,8,1.0,0.09714382861348485,
1723.5,186.81118202209473,5,1.0416666666666667,0.6206052068706147,
405.0,394.7350617647171,8,0.8769230769230769,0.0326628051314873,
196.0,172.02438509464264,7,1.088235294117647,0.08323115226763557,
218.5,217.15432798862457,6,0.925,0.05822698815046118,
278.0,277.8233746290207,8,1.1666666666666667,0.04526026531532376,
145.0,215.2792181968689,9,1.0666666666666667,0.0393163915095692,
2152.5,207.982754945755,4,0.9482758620689655,0.6253143151448596,Square
245.0,253.82337474822998,8,1.175,0.04778732496527717,
218.5,209.03657793998718,6,0.7818181818181819,0.06283718644362153,
227.0,251.88224959373474,11,1.0555555555555556,0.044961479579787994,
819.5,126.32590079307556,4,1.1428571428571428,0.6453183496059836,Square
1256.0,154.76955199241638,5,1.1025641025641026,0.6589135712081878,
878.0,131.5979790687561,4,1.2333333333333334,0.6370975574641256,Square
1035.5,142.81118214130402,4,1.125,0.6380218309085337,Square
225.0,388.47517573833466,13,0.8493150684931506,0.018735523759322702,
1399.5,159.35533845424652,4,0.8888888888888888,0.6925474471297959,Square
195.5,201.49747383594513,6,1.0555555555555556,0.06050864312172516,
171.0,139.1959582567215,10,0.6388888888888888,0.11090540807768236,
123.5,111.01219260692596,6,3.8461538461538463,0.12593181439115625,
112.0,91.59797894954681,6,1.9411764705882353,0.16774751836856128,
114.5,104.04163014888763,2,4.9,0.13292328151357785,
105.0,97.4558436870575,5,5.625,0.1389259553383111,
115.5,121.01219260692596,3,3.533333333333333,0.0991136770255364,Triangle
112.0,101.59797894954681,4,2.933333333333333,0.13635081844600486,Rectangle
134.5,115.35533845424652,5,7.428571428571429,0.12701550897553215,
116.5,112.46803605556488,7,1.3225806451612903,0.1157384245769767,
101.0,87.79898953437805,7,4.75,0.16464638601509715,
113.0,98.97056245803833,6,4.666666666666667,0.14496936302976254,
180.5,185.58073389530182,8,1.0256410256410255,0.06585993451773219,
184.5,219.4385986328125,9,1.236842105263158,0.04814821512138236,
122.0,194.50966584682465,9,0.92,0.040521668482453366,
204.5,248.95331752300262,6,0.9111111111111111,0.041463631901869934,
105.5,176.75230741500854,13,0.8611111111111112,0.04243577515446722,
405.0,89.94112491607666,4,1.2272727272727273,0.6291413893105223,Square
149.5,185.98275482654572,8,1.4827586206896552,0.0543132391383872,
102.0,98.71067702770233,5,1.1333333333333333,0.13154725029524958,
219.5,199.154327750206,6,1.1470588235294117,0.06954483673690656,
112.5,160.61017227172852,9,1.1578947368421053,0.05480450892538412,
122.0,128.08326017856598,4,4.071428571428571,0.09345121407120581,Rectangle
112.5,121.69848430156708,2,5.7,0.09545354186764608,
113.0,100.28427076339722,4,6.571428571428571,0.14119608854098123,Rectangle
116.5,104.5269113779068,3,3.9166666666666665,0.13399221110244972,Triangle
112.5,108.5269113779068,3,4.166666666666667,0.12002936256333244,Triangle
108.0,108.2253954410553,5,1.3928571428571428,0.11587113387065903,
109.5,105.15432798862457,6,1.9090909090909092,0.12444277259105488,
111.0,88.28427076339722,4,4.444444444444445,0.17896420466042062,Rectangle
142.5,160.95331740379333,6,1.3103448275862069,0.06912336368999686,
108.5,103.21320307254791,4,5.444444444444445,0.1279879521554876,Rectangle
102.0,94.14213538169861,4,6.428571428571429,0.144624525081744,Rectangle
103.5,88.87005722522736,6,3.6363636363636362,0.16467940689180535,
110.5,106.04163014888763,3,4.0,0.12348646295748694,Triangle
165.5,147.78174459934235,5,1.0625,0.0952283553175454,
116.0,119.05382263660431,10,1.625,0.10284452205801119,
134.5,97.69848430156708,4,4.5,0.17707469243876717,Rectangle
131.5,109.98275458812714,7,0.8214285714285714,0.13661123941481887,
169.5,164.26702547073364,9,0.6285714285714286,0.07893666618818986,
124.0,101.4558436870575,3,5.222222222222222,0.1513831074328022,Triangle
112.0,113.3969691991806,6,1.0,0.10945232525513472,
104.0,114.28427076339722,5,2.8,0.10006225373755764,
110.5,110.87005722522736,3,5.777777777777778,0.1129649198881181,Triangle
146.5,141.78174436092377,6,0.9393939393939394,0.09158131142497375,
196.5,195.86500430107117,7,0.7407407407407407,0.06436632679641756,
171.5,195.58073377609253,7,1.0,0.056340649083624614,
128.0,98.76955199241638,8,2.6,0.1648821591512646,
142.5,180.9533178806305,8,1.1333333333333333,0.054687947895972415,
104.0,96.28427076339722,9,1.1176470588235294,0.1409718867500069,
118.0,68.42640566825867,8,1.0476190476190477,0.31669734006272826,
247.0,86.4264063835144,9,0.7857142857142857,0.4155410248290421,
956.0,129.4558436870575,4,0.9722222222222222,0.7168436416411396,Square
305.0,89.25483310222626,5,1.037037037037037,0.4811120327763622,
1429.5,160.6690467596054,5,0.9777777777777777,0.6958723646927257,
288.5,363.37972342967987,8,0.864406779661017,0.02745581257104602,
414.5,104.66904652118683,4,0.96875,0.47544234895417486,Square
200.0,254.56854152679443,8,0.8205128205128205,0.03878201686336533,
208.5,269.4385986328125,8,1.2307692307692308,0.036090782747430154,
158.0,260.9360727071762,11,0.7962962962962963,0.02916075121521841,
1978.5,206.6690467596054,5,0.9298245614035088,0.5820965776883443,
202.0,253.68123936653137,8,1.1842105263157894,0.03944432530960186,
655.0,161.68123853206635,6,0.7222222222222222,0.31487045323758955,
970.0,135.4558436870575,4,0.9722222222222222,0.6643334297812705,Square
185.5,234.2670258283615,11,1.1142857142857143,0.04247481051476902,
1195.5,153.35533845424652,4,0.975,0.6387952040074192,Square
831.0,119.79898953437805,4,1.1724137931034482,0.7276199161982726,Square
580.5,126.81118166446686,4,0.9487179487179487,0.45362500833686986,Square
175.5,266.7523069381714,9,1.1,0.030993499592649937,
1388.5,162.5269113779068,5,0.7872340425531915,0.6605492194276164,
124.5,202.32590091228485,8,1.1875,0.038218729844573085,
432.0,110.4264063835144,5,1.1333333333333333,0.44519239061630733,
172.5,190.66904664039612,6,1.0277777777777777,0.05962639781643147,
217.5,65.21320295333862,8,1.1176470588235294,0.6426848508844099,
106.0,104.56854128837585,8,0.88,0.12181860722358923,
971.5,123.63960897922516,8,0.8536585365853658,0.7986149265900152,
1408.0,159.7401144504547,6,1.0232558139534884,0.6934011160152158,
319.0,350.6518017053604,8,0.8275862068965517,0.03260231187999051,
168.0,150.02438485622406,7,1.0303030303030303,0.09379840130128393,
243.5,258.61017167568207,8,1.1,0.04575279442086356,
1745.0,164.36753129959106,8,0.8490566037735849,0.8116582934438819,Circle
362.5,356.6101715564728,8,0.875,0.035820399256987094,
221.0,240.85281229019165,8,1.105263157894737,0.047873887441462495,
106.5,103.6396095752716,4,1.5769230769230769,0.1245971002954267,Rectangle
200.5,250.61017167568207,8,0.9459459459459459,0.04011685261922947,
120.5,223.37972283363342,11,0.7272727272727273,0.030346556342068336,
788.0,124.08326029777527,4,1.0857142857142856,0.6431461724293558,Square
1214.0,151.11269783973694,5,1.0,0.6680771721759013,
823.0,123.11269783973694,4,1.1666666666666667,0.6823449826911363,Square
1033.5,141.49747383594513,4,1.075,0.648668744120061,Square
219.0,318.87719774246216,11,0.7532467532467533,0.02706493878692978,
1415.0,159.94112491607666,4,0.7872340425531915,0.6950979560185853,Rectangle
101.5,157.8406196832657,6,1.0,0.051196273642481555,
104.5,153.8406194448471,10,1.0869565217391304,0.05548608905660712,
179.5,249.15432786941528,10,1.1818181818181819,0.03633602755318089,
438.5,107.49747431278229,3,1.032258064516129,0.476851266841903,Triangle
211.5,230.32590079307556,8,0.8780487804878049,0.050099648521762456,
111.5,182.40916121006012,10,0.9555555555555556,0.042110600916310685,
173.5,213.72286987304688,12,0.875,0.04773174904725852,
114.0,143.53910422325134,9,0.45652173913043476,0.06953032383564219,
139.5,136.18376553058624,5,1.7307692307692308,0.09452210718558343,
100.5,90.04163014888763,5,4.444444444444445,0.15577193964843417,
113.0,109.53910374641418,3,1.4827586206896552,0.11834500739343813,Triangle
106.0,174.16652047634125,7,0.5373134328358209,0.0439123195582488,
129.5,89.01219248771667,6,2.642857142857143,0.20539063405775237,
135.5,164.06601464748383,8,0.6122448979591837,0.0632574821790191,
103.5,102.5269113779068,8,3.1538461538461537,0.12372984386988574,
114.0,119.19595801830292,3,1.5666666666666667,0.10083043904633703,Triangle
117.0,95.11269783973694,5,3.25,0.16252445741721655,
139.0,150.50966560840607,7,1.1379310344827587,0.077107368616838,
106.0,97.39696860313416,5,1.625,0.14041866805076417,
109.0,85.4558436870575,4,3.5454545454545454,0.18756544402553366,Rectangle
128.0,115.5391036272049,9,0.8,0.12049300789243762,
112.0,104.56854140758514,6,1.64,0.12871399979183107,
100.5,120.3259003162384,5,1.75,0.08722835572493262,
109.5,89.69848430156708,3,3.4166666666666665,0.17102270615177195,Triangle
146.5,114.12489032745361,10,0.7666666666666667,0.1413470478529571,
116.0,129.88224959373474,7,1.2,0.08641084439611323,
114.5,90.87005722522736,5,4.1,0.17425038551014868,
129.0,151.53910434246063,4,1.1724137931034482,0.0705911313320621,Square
151.5,119.63960886001587,8,0.7419354838709677,0.133006396626807,
273.5,83.01219248771667,7,0.9615384615384616,0.4987505938660688,
131.5,153.92387974262238,6,1.1666666666666667,0.06974669192050142,
154.5,162.40916097164154,9,0.9210526315789473,0.07360669234254236,
116.0,99.94112491607666,9,2.176470588235294,0.1459416951301281,
193.0,62.97056233882904,6,1.2,0.6116345779965846,
103.0,106.71067678928375,9,1.0,0.11366619969120038,
174.5,190.6690467596054,7,1.15625,0.0603177182954017,
106.0,128.08326017856598,8,1.3703703703703705,0.08119531714383456,
100.5,107.69848430156708,4,2.2222222222222223,0.10888216386510496,Rectangle
116.0,193.82337427139282,11,0.7368421052631579,0.03880212884018325,
128.5,131.2964631319046,9,1.08,0.09367138405782027,
206.0,243.1959581375122,8,1.0789473684210527,0.04376877369694283,
166.5,214.6101713180542,8,1.1666666666666667,0.045427987685560826,
175.5,211.43859839439392,10,1.1818181818181819,0.049330832242516345,
115.0,98.76955187320709,8,2.176470588235294,0.1481363152200487,
125.5,163.7817440032959,7,1.2142857142857142,0.05879259196928724,
191.0,60.97056245803833,8,1.0625,0.6456584339421209,
148.0,116.71067678928375,9,0.7666666666666667,0.13653701514755948,
128.5,146.5269113779068,7,1.2,0.07521045242330661,
131.0,201.82337415218353,10,0.7435897435897436,0.04041459532382586,
253.5,83.01219260692596,5,0.9615384615384616,0.4622788854914828,
261.0,267.5391038656235,9,1.0,0.045822189313275336,
197.0,269.3380935192108,8,0.8461538461538461,0.03412561814160857,
169.0,194.71067690849304,6,1.0833333333333333,0.05601663743364666,
184.0,197.39696872234344,8,1.02,0.059339888854372115,
204.0,241.76449942588806,8,0.7592592592592593,0.04385862096901887,
157.5,163.15432786941528,6,1.0,0.07435209759671993,
115.5,88.52691125869751,5,3.0833333333333335,0.18520010335685255,
129.0,163.68123948574066,7,1.206896551724138,0.060506462694735086,
193.5,59.55634891986847,4,1.0625,0.6855430022809977,Square
197.0,72.42640578746796,5,0.8333333333333334,0.4719350391773351,
292.5,87.15432810783386,6,0.7333333333333333,0.4839024446096143,
801.5,121.69848430156708,4,0.9696969696969697,0.6800534560614964,Square
757.5,110.32590055465698,8,0.7631578947368421,0.7820554356444848,
252.5,81.01219260692596,5,1.0,0.48347104940003804,
1196.0,147.25483322143555,5,0.9523809523809523,0.6931096210439496,
257.0,321.82337486743927,8,0.7636363636363637,0.03118227646103399,
383.5,103.15432834625244,5,0.96875,0.4528979146643134,
861.0,131.5979789495468,7,0.8108108108108109,0.6247619566861212,
182.5,244.2670258283615,8,0.95,0.03843643004140443,
187.5,290.83556711673737,13,0.7358490566037735,0.027855829976321776,
134.0,185.39696836471558,7,0.5862068965517241,0.0489902218262661,
109.0,143.74011433124542,6,0.6923076923076923,0.06629494124460229,
208.0,238.45079123973846,8,0.7272727272727273,0.04597012273233044,
155.0,172.56854152679443,8,0.925,0.06540610765993043,
135.0,182.56854128837585,8,0.7872340425531915,0.0508969480459578,
132.5,97.8406194448471,8,2.4375,0.17393514959304368,
197.5,60.38477599620819,8,1.0625,0.6806471726401011,
207.5,73.01219236850739,6,0.8,0.4891445131475502,
134.0,133.396968126297,9,0.6451612903225806,0.09462867181231349,
782.5,116.38477599620819,4,0.96875,0.7259418939206996,Square
251.0,79.5979790687561,3,1.0,0.4978282097615885,Triangle
1161.5,142.18376541137695,5,0.975609756097561,0.7219864641761058,
201.5,227.92387986183167,6,0.8695652173913043,0.048742214465932895,
358.0,98.08326017856598,4,1.0,0.467630796914553,Square
842.5,126.5269113779068,6,0.8333333333333334,0.6613235070423086,
207.5,239.4385987520218,8,1.0,0.0454820090807097,
1660.0,180.42640614509583,4,0.8301886792452831,0.6407929939541865,Square
186.0,223.1959581375122,8,0.9736842105263158,0.046919152285192604,
597.5,156.26702535152435,6,0.7222222222222222,0.30747731737647216,
854.5,135.01219248771667,5,0.8648648648648649,0.5890822694237946,
688.0,117.25483298301697,5,1.0,0.6288351325865504,
1065.5,146.5269113779068,5,0.9487179487179487,0.6236321949963672,
127.5,200.46803629398346,10,1.103448275862069,0.039868488997141294,
564.0,123.39696872234344,5,0.8048780487804879,0.46545744951488577,
936.5,138.32590091228485,4,1.0,0.6150502945919811,Square
162.0,213.7401144504547,6,0.7391304347826086,0.04456078196534836,
137.0,182.16652154922485,6,1.0303030303030303,0.05187920352739588,
239.0,281.53910398483276,10,0.7659574468085106,0.03789049830085044,
101.0,100.91168677806854,9,0.7916666666666666,0.12463737868141889,
292.5,81.0121921300888,5,0.6129032258064516,0.5600605291653454,
771.0,119.94112491607666,4,1.032258064516129,0.6734851227455139,Square
247.5,77.01219320297241,7,0.96,0.5244041065220333,
284.5,262.2670257091522,9,1.0256410256410255,0.051976227252682375,
345.5,96.66904675960541,4,0.9666666666666667,0.4646041059215994,Square
841.5,125.21320307254791,4,0.8285714285714286,0.6744717026344877,Square
228.0,240.85281229019165,8,1.0263157894736843,0.04939025491698393,
1653.5,181.01219248771667,4,0.8653846153846154,0.6341593583755983,Square
218.0,219.1959581375122,8,0.9736842105263158,0.05701659451124652,
588.0,150.36753034591675,6,0.7115384615384616,0.3267977489316682,
856.5,128.87005722522736,6,0.8888888888888888,0.6480868187999644,
691.0,116.91168713569641,4,1.0,0.6352900534966399,Square
1066.0,140.28427076339722,5,0.9230769230769231,0.680689593183165,
759.0,114.62741661071777,4,1.0333333333333334,0.7258963798286934,Square
551.0,121.39696788787842,3,0.85,0.469835451823685,Triangle
946.0,136.911687374115,4,0.975,0.6341908246940546,Square
141.0,261.62236416339874,9,0.746031746031746,0.02588685224868237,
1298.0,153.94112491607666,4,0.7083333333333334,0.6882959986885734,Rectangle
842.5,125.21320307254791,5,1.0625,0.6752732138675649,
152.5,251.2964631319046,10,1.0857142857142856,0.03034638444277016,
430.5,109.49747431278229,5,1.032258064516129,0.45120594817617077,
149.5,240.2081505060196,13,0.74,0.032559338881692684,
1287.5,152.18376553058624,4,0.75,0.6985869205008347,Rectangle
171.5,58.3847758769989,9,1.1333333333333333,0.6322294960754562,
101.0,100.56854152679443,8,0.8333333333333334,0.12548936854952625,
292.0,82.7695517539978,6,0.6666666666666666,0.5356134928765307,
773.0,123.5979790687561,4,1.03125,0.6358674857625718,Square
250.5,78.18376612663269,6,1.0416666666666667,0.5149729541403288,
1116.0,143.59797883033752,6,1.0512820512820513,0.6801072496844572,
113.5,147.8406196832657,4,0.925,0.06525565857787068,Square
353.0,97.25483322143555,3,0.9666666666666667,0.46898848808656024,Triangle
844.0,127.94112491607666,4,0.8333333333333334,0.6479358065791249,Square
181.0,236.85281229019165,8,1.054054054054054,0.040544443839352254,
1655.0,182.08326017856598,4,0.8653846153846154,0.6272892147402066,Square
181.0,224.5096663236618,8,1.0555555555555556,0.045125117948397055,
582.0,152.02438461780548,6,0.7115384615384616,0.316450903867357,
850.0,126.62741661071777,4,0.8857142857142857,0.6661519389582902,Square
682.0,115.25483310222626,5,1.0,0.6451726466333716,
1061.5,141.35533845424652,5,0.9473684210526315,0.6675832522609333,
755.5,116.04163014888763,4,1.0666666666666667,0.7050447620232264,Square
551.5,121.15432834625244,3,0.825,0.4721473018374714,Triangle
937.0,134.42640614509583,4,0.95,0.651598804506158,Square
226.0,324.0487697124481,11,0.6666666666666666,0.02704565783335543,
1308.0,152.28427076339722,4,0.723404255319149,0.7087735661554406,Rectangle
845.0,125.4558436870575,4,1.0303030303030303,0.6746597206787348,Square
111.5,151.8406196832657,10,1.0,0.06077273706213871,
955.5,132.04163014888763,4,1.088235294117647,0.6886821088534336,Square
434.5,107.49747359752655,3,0.9375,0.47250143261115446,Triangle
119.5,177.01219260692596,8,1.08,0.04792602457166981,
1321.5,142.46803617477417,9,0.7755102040816326,0.8181673712399107,Circle
1298.0,152.42640614509583,4,0.75,0.7020436835659668,Rectangle
184.0,58.14213538169861,4,1.2857142857142858,0.6839836666050861,Square
155.5,109.29646325111389,8,0.7586206896551724,0.16357918493237994,
117.5,190.26702523231506,13,0.75,0.040786897763357394,
1137.0,146.08326029777527,5,1.0256410256410255,0.669529046365956,
127.5,151.49747383594513,4,0.95,0.06980865433077964,Square
145.0,157.19595777988434,7,1.0,0.07373863906519018,
201.5,222.81118214130402,10,0.8857142857142857,0.05100478824441453,
202.0,232.36753106117249,8,1.0277777777777777,0.04701217523892434,
181.0,263.76449978351593,12,0.7755102040816326,0.03269307362421524,
1646.5,183.15432798862457,4,0.8653846153846154,0.6167898635578261,Square
188.0,221.1959581375122,8,1.0555555555555556,0.04828512270532035,
600.5,148.61017084121704,6,0.7254901960784313,0.34168491756566965,
870.0,129.11269783973694,4,0.9705882352941176,0.6558298880553198,Square
688.5,115.8406194448471,4,1.0909090909090908,0.6447510620829773,Square
1073.0,143.5979790687561,4,0.9736842105263158,0.6539023982868896,Square
761.5,115.21320307254791,4,1.1379310344827587,0.7209004062110204,Square
548.5,119.98275566101074,4,0.8717948717948718,0.47879414561465633,Square
953.5,133.8406196832657,4,1.0526315789473684,0.6688899702348047,Square
234.0,324.8771970272064,11,0.6666666666666666,0.027860394548045623,
1308.0,154.76955199241638,4,0.723404255319149,0.6861934324365524,Rectangle
850.5,126.87005722522736,4,1.0606060606060606,0.663996683924552,Square
110.0,185.33809280395508,11,0.6153846153846154,0.040241408193385425,
403.5,85.21320307254791,4,1.0,0.6982961096909694,Square
956.0,133.4558436870575,4,1.088235294117647,0.6745164815393071,Square
435.0,106.91168797016144,3,0.96875,0.47824313884211533,Triangle
524.0,96.14213538169861,4,1.1666666666666667,0.7123831249274524,Square
188.0,271.76449954509735,14,0.7755102040816326,0.03198764476795382,
1302.5,153.01219260692596,4,0.7291666666666666,0.6990939102668452,Rectangle
116.0,169.19595801830292,12,0.8,0.05091994027884172,
115.5,122.81118202209473,7,1.1304347826086956,0.0962312274971535,
131.0,135.53910398483276,7,1.0666666666666667,0.0896090636070372,
125.0,146.42640602588654,8,1.9090909090909092,0.07326238811852416,
210.0,232.36753106117249,8,1.027027027027027,0.04887404356521838,
201.0,270.9360728263855,13,0.7755102040816326,0.03440901641643767,
137.5,176.32590091228485,7,1.4137931034482758,0.05557511105428299,
194.5,219.78174459934235,8,1.0833333333333333,0.050599501332984076,
124.0,138.50966572761536,6,1.0555555555555556,0.08122157126642816,
217.5,201.92387926578522,10,1.121212121212121,0.06703378823940569,
206.5,252.81118214130402,8,0.9736842105263158,0.04060105897744552,
958.0,136.42640614509583,4,1.0526315789473684,0.6468126360056141,Square
239.5,336.0904002189636,11,0.6447368421052632,0.026644229516603557,
211.0,232.85281217098236,7,0.7291666666666666,0.04890230666148622,
117.5,180.2670248746872,13,0.6153846153846154,0.04543757533194564,
409.0,88.28427076339722,4,1.1304347826086956,0.6594266640190274,Square
184.0,207.0538226366043,8,1.1515151515151516,0.053933819986451234,
175.0,178.16652083396912,7,1.0,0.0692780594295521,
546.5,97.21320307254791,5,1.12,0.7266905698950753,
208.5,272.6934320926666,14,0.7959183673469388,0.03523437461104423,
1288.5,151.35533845424652,5,0.7446808510638298,0.7068036763713832,
129.0,105.05382251739502,7,0.6666666666666666,0.14688446154520954,
731.5,107.49747359752655,9,0.7837837837837838,0.7954770954086524,
118.5,117.98275482654572,7,1.125,0.10697718099948895,
223.5,263.92387998104095,10,1.075,0.040320881401274926,
122.5,200.4091602563858,13,0.6521739130434783,0.03832752857995493,
172.5,207.2964632511139,8,1.1388888888888888,0.050444657580739856,
211.0,283.76449954509735,11,0.7755102040816326,0.032928822069599885,
171.0,188.22539567947388,8,1.0833333333333333,0.06065261596804574,
103.0,100.71067714691162,4,1.4814814814814814,0.12761333445445625,Square
140.5,237.0365775823593,13,0.6226415094339622,0.03142356485976688,
106.5,106.87005722522736,5,1.894736842105263,0.1171783525755457,
179.0,186.02438497543335,9,1.0606060606060606,0.06500146431175874,
165.5,161.09545302391052,7,0.8947368421052632,0.08013851623003411,
195.0,254.30865573883057,9,1.0769230769230769,0.03788978936123756,
254.5,404.3746705055237,11,0.6493506493506493,0.019558239610248836,
644.5,103.49747371673584,8,0.6,0.7560896400033622,
412.0,86.62741661071777,5,1.1304347826086956,0.689916217492577,
142.0,126.42640602588654,7,1.6666666666666667,0.11164071876635741,
117.0,103.53910338878632,5,0.9696969696969697,0.13714719388762053,
221.5,274.8355668783188,14,0.76,0.03685001976597326,
117.5,155.15432786941528,6,1.2962962962962963,0.06133663438814953,
104.5,114.8111822605133,9,0.9583333333333334,0.0996225780521874,
144.5,115.29646301269531,11,0.7,0.1365984407923294,
750.0,108.9116872549057,8,0.7631578947368421,0.7945516888169493,
123.0,124.56854128837585,8,1.125,0.09960891689242074,
244.5,273.09545278549194,8,1.1,0.0411964496423525,
213.5,257.4385985136032,8,0.7777777777777778,0.04048185625500744,
132.0,206.65180110931396,13,0.6521739130434783,0.03884234180330129,
379.5,102.6690468788147,4,1.0666666666666667,0.4524208211497683,Square
196.0,238.3675309419632,8,1.0810810810810811,0.04334826696885396,
1424.0,148.7106775045395,8,0.78,0.8091621299170269,Circle
1684.0,187.74011433124542,4,0.8679245283018868,0.6003960068746367,Square
175.5,223.78174459934235,8,1.0555555555555556,0.04403902286061238,
208.5,249.3797231912613,8,0.803921568627451,0.04213021216886403,
151.0,218.30865573883057,12,0.6792452830188679,0.039814833183444455,
695.0,117.59797894954681,4,1.0909090909090908,0.6315314057168986,Square
176.5,208.89444208145142,7,0.8947368421052632,0.050827740439790436,
175.0,247.33809328079224,10,1.0256410256410255,0.03594726851271504,
214.0,321.56348967552185,12,0.6410256410256411,0.026006994823440658,
1322.5,157.01219248771667,4,0.7291666666666666,0.6741224471242296,Rectangle
124.5,199.9827550649643,8,1.09375,0.0391195743915409,
110.0,142.9116871356964,8,1.0,0.0676810451520179,
149.5,174.40916240215302,8,1.0,0.061760736150033836,
192.0,182.71067667007446,9,0.813953488372093,0.07227419126202442,
102.5,61.35533821582794,8,1.375,0.3421598292287611,
211.5,75.35533821582794,5,0.875,0.46804993461218614,
767.5,108.32590115070343,8,0.7631578947368421,0.8219087936927071,Circle
124.0,132.2253954410553,10,1.0416666666666667,0.0891254632365177,
236.0,227.53910398483276,10,1.025,0.057280892990057196,
230.0,261.33809328079224,7,0.7962962962962963,0.04231869470723037,
145.0,205.82337415218353,12,0.6595744680851063,0.043011885325357574,
156.5,171.43859899044037,9,1.0666666666666667,0.06691245864609395,
181.0,192.56854152679443,8,1.0810810810810811,0.06133632572536358,
1446.5,150.1248904466629,9,0.78,0.8065343991663222,Circle
162.0,205.74011421203613,6,0.9777777777777777,0.048093559957113695,
119.0,134.7695517539978,5,1.28125,0.0823328705856165,
194.5,225.78174448013306,8,1.054054054054054,0.04794593819105303,
216.5,240.20815014839172,7,0.7884615384615384,0.04715114975836929,
146.5,220.89444184303284,11,0.6981132075471698,0.03772922741246815,
728.0,119.25483310222626,4,1.121212121212121,0.6432640273601066,Square
219.0,267.1959581375122,8,0.95,0.03854732187511746,
147.5,193.9827550649643,10,1.1333333333333333,0.04925787111007433,
174.0,204.99494814872742,7,0.9210526315789473,0.05203227264449036,
977.5,137.8406196832657,4,1.0789473684210527,0.6465054589644832,Square
218.0,354.8771973848343,13,0.6623376623376623,0.02175254963363021,
197.5,294.61017167568207,10,0.7291666666666666,0.028594433021516694,
103.5,136.66904664039612,9,1.0416666666666667,0.06963216267602504,
137.5,219.29646337032318,8,1.121212121212121,0.03592934554638709,
101.5,98.95331931114197,6,1.0,0.13026122935646128,
110.5,151.8406196832657,9,1.12,0.060227690092971554,
1309.0,158.08326029777527,4,0.72,0.6582301061454748,Rectangle
111.5,105.01219248771667,9,2.6,0.127058955103447,
128.0,111.11269760131836,6,1.7272727272727273,0.1302844099941834,
143.5,210.0660148859024,13,0.6595744680851063,0.04086487472233814,
1474.5,153.2964631319046,8,0.7843137254901961,0.7884794359308364,
208.5,191.3797231912613,6,0.7843137254901961,0.07153590555566709,
150.0,227.62236416339874,11,0.7169811320754716,0.036380717801258795,
167.5,174.81118202209473,8,1.0909090909090908,0.06887890853547929,
181.0,162.16652035713196,6,0.9736842105263158,0.08649002901029776,
185.0,210.71067667007446,9,1.0769230769230769,0.05236106952566009,
276.0,409.30360329151154,12,0.6538461538461539,0.020702739151092196,
120.5,153.49747371673584,10,1.0416666666666667,0.06426794991341345,
151.5,157.43859946727753,6,1.1290322580645162,0.07680686895652625,
118.5,114.18376553058624,7,1.4,0.11421403964296226,
556.5,99.21320295333862,5,1.16,0.7104542095270694,
1430.0,149.05382227897644,9,0.78,0.8088344987744593,Circle
101.0,95.4558436870575,3,5.0,0.13929200725428445,Triangle
173.0,176.30865621566772,6,0.7872340425531915,0.06993727335230947,
148.0,172.50966620445251,7,1.0789473684210527,0.06249491903370277,
108.5,82.87005722522736,3,3.4545454545454546,0.1985383118145401,Triangle
114.5,170.32590091228485,6,1.2916666666666667,0.04959683478669456,
113.0,113.53910374641418,5,1.2258064516129032,0.11015326747675652,
115.5,88.87005722522736,4,3.727272727272727,0.18377267145897122,Rectangle
104.0,103.4558436870575,4,7.0,0.12210491617671086,Rectangle
103.5,107.63960933685303,6,1.3571428571428572,0.11225507595072796,
122.5,92.04163014888763,3,3.8181818181818183,0.18170938103073214,Triangle
115.5,90.87005722522736,4,3.8181818181818183,0.17577222293818492,Rectangle
110.0,82.62741661071777,7,3.7,0.2024669777447687,
101.0,113.39696824550629,7,1.5416666666666667,0.09870254497062089,
113.0,83.4558436870575,7,3.3636363636363638,0.20388008388923287,
159.5,168.26702558994293,6,0.9743589743589743,0.07079009833817179,
112.0,83.4558436870575,5,3.3636363636363638,0.20207583535923965,
148.5,165.09545254707336,7,0.9487179487179487,0.06846460321715843,
116.5,82.87005722522736,5,3.3636363636363638,0.21317708134925276,
100.5,92.38477599620819,4,6.285714285714286,0.14797048781082733,Rectangle
111.5,80.87005722522736,4,3.7,0.21424427744152863,Rectangle
102.0,83.79898953437805,6,5.571428571428571,0.18252925116398958,
111.5,128.46803605556488,7,1.3703703703703705,0.08489743351582614,
123.0,83.4558436870575,7,3.3636363636363638,0.22192256918916498,
118.0,106.76955187320709,8,4.0,0.13007595750164533,
107.0,121.39696836471558,6,1.125,0.09123846270454224,
103.5,135.29646396636963,6,1.0,0.07105216591923749,
164.5,191.37972354888916,6,0.6981132075471698,0.05643959913634158,
121.0,129.0538228750229,6,1.3703703703703705,0.09129636506137788,
121.0,99.11269772052765,7,2.1176470588235294,0.1547877687103565,
106.0,104.76955199241638,8,3.5,0.12135161364908047,
107.5,107.69848430156708,7,2.235294117647059,0.11646599617411724,
110.0,135.5391035079956,7,0.967741935483871,0.07524425241320203,
188.0,190.79393649101257,7,0.6981132075471698,0.06489908536083677,
162.5,168.7523066997528,6,1.0,0.07170736985770879,
118.0,91.94112491607666,5,3.272727272727273,0.17541722849657576,
203.0,62.97056233882904,7,1.2666666666666666,0.6433254887736097,
141.5,117.63960874080658,8,0.7,0.12848699172251418,
158.5,205.49747383594513,9,1.1612903225806452,0.047165686019146606,
108.5,121.01219248771667,8,1.6956521739130435,0.09310678769227648,
255.5,80.5269113779068,6,1.0416666666666667,0.49512936547461384,
125.0,132.28427076339722,6,1.8095238095238095,0.08976426143275543,
128.5,138.95331752300262,7,0.9354838709677419,0.0836325139359831,
102.5,124.52691125869751,5,2.1904761904761907,0.0830629396996802,
164.0,208.71067678928375,9,1.135135135135135,0.04731124528581282,
113.0,155.5979789495468,7,1.3125,0.05865167294218744,
183.5,190.20815002918243,8,0.6792452830188679,0.06373642342582873,
152.0,179.25483322143555,6,1.088235294117647,0.059444503404362505,
116.0,126.7695517539978,6,1.608695652173913,0.09070640272513023,
169.5,197.23758792877197,7,1.0,0.054752026868772445,
107.0,146.08326029777527,7,1.125,0.06300757076618935,
160.5,160.32590079307556,7,1.088235294117647,0.07846527901453636,
199.5,62.38477599620819,5,1.125,0.6441626265367302,
143.0,109.88224995136261,8,0.6774193548387096,0.14883011405039795,
823.0,120.62741661071777,4,1.0,0.7107512715495679,Square
264.5,84.18376529216766,6,1.08,0.4690064844396395,
1226.5,150.18376553058624,6,1.025,0.6833314955604242,
191.0,240.22539567947388,11,0.9166666666666666,0.04159157785798662,
132.5,144.95331704616547,7,0.967741935483871,0.07924455414817264,
104.5,147.8406196832657,6,1.2857142857142858,0.06008120106949327,
1795.0,191.25483310222626,4,0.8518518518518519,0.6166652547787286,Square
608.0,156.02438461780548,8,0.6981132075471698,0.3138545915902183,
143.5,177.8406196832657,6,1.088235294117647,0.05701640610669836,
762.0,127.25483298301697,5,1.088235294117647,0.5913114174936305,
205.0,233.53910374641418,8,0.95,0.04723288864097612,
167.0,217.25483310222626,9,1.206896551724138,0.0444618410633536,
185.0,236.71067678928375,8,1.0512820512820513,0.04149023533184386,
188.0,218.30865621566772,8,0.95,0.04957078546879969,
1440.0,170.08326029777527,4,0.7755102040816326,0.6255315393757394,Rectangle
161.5,218.46803617477417,8,1.0588235294117647,0.04252130464121186,
449.0,95.4558436870575,6,1.2083333333333333,0.6192288243284527,
445.5,113.84061992168427,4,1.0625,0.43197943123298355,Square
175.0,182.911687374115,6,1.0571428571428572,0.06573020706217052,
197.5,62.38477599620819,4,1.0625,0.6377048558446327,Square
211.5,75.84061980247498,5,0.88,0.46207927330797954,
151.5,131.78174448013306,8,0.6451612903225806,0.10962560225609799,
818.5,120.5269113779068,4,1.0,0.7080444009237779,Square
264.5,81.01219260692596,3,1.04,0.506447891351723,Triangle
1218.5,144.5269113779068,5,0.975,0.7330573528134702,
255.5,321.78174448013306,8,0.8113207547169812,0.031008300555242934,
371.0,100.08326017856598,6,0.9354838709677419,0.4654369798188151,
880.0,132.7695518732071,6,0.8648648648648649,0.6273292786180028,
194.0,247.19595801830292,8,1.1081081081081081,0.03989595483729529,
1762.5,186.66904664039612,4,0.8333333333333334,0.6356153412156066,Square
187.5,228.1248904466629,8,1.027027027027027,0.04527576422068478,
596.0,153.1959581375122,7,0.7115384615384616,0.31912550082464985,
912.5,130.87005722522736,4,0.9166666666666666,0.6695178381323924,Square
197.0,221.19595801830292,10,1.088235294117647,0.05059664459149419,
1161.5,149.8406195640564,5,0.9024390243902439,0.6500847195932733,
805.5,120.04163014888763,4,1.1666666666666667,0.7024438909707261,Square
574.5,127.15432786941528,4,0.925,0.4465165946262765,Square
1044.0,144.911687374115,4,1.025,0.62474607415716,Square
1429.5,164.18376541137695,4,0.7346938775510204,0.6663978703491614,Rectangle
139.5,193.01219260692596,8,1.0,0.047055954041553764,
444.5,90.87005722522736,4,1.04,0.6764567367621056,Square
176.5,225.15432798862457,8,1.0571428571428572,0.04375160351132441,
443.5,110.66904771327972,4,1.0,0.45504164248327056,Square
277.5,297.09545278549194,11,0.74,0.039507617645625395,
193.5,60.38477599620819,8,1.0,0.6668619134473903,
208.0,73.94112491607666,7,0.8,0.47808056822444145,
313.0,83.254833817482,6,0.6451612903225806,0.5674600409164422,
140.5,208.7523069381714,11,0.8108108108108109,0.04051572559251278,
808.0,119.4558436870575,4,1.03125,0.7115516415192981,Square
127.0,202.16652071475983,13,0.8095238095238095,0.039047668806841594,
259.5,81.01219260692596,4,0.9615384615384616,0.4968742072051876,Square
1216.5,144.5269113779068,5,0.926829268292683,0.7318541400882942,
263.5,320.6101714372635,8,0.7592592592592593,0.03221334997347761,
367.5,99.49747383594513,5,0.9354838709677419,0.4664908164777913,
198.5,236.32590091228485,8,0.8378378378378378,0.04466298350859412,
201.5,241.63960921764374,8,1.054054054054054,0.043365930062643755,
199.5,292.0071395635605,13,0.7647058823529411,0.02940125196325998,
1750.0,186.08326017856598,4,0.7962962962962963,0.635087112817485,Rectangle
191.5,226.81118214130402,8,1.0555555555555556,0.04677886906935819,
586.0,151.19595789909363,7,0.6792452830188679,0.3221269929042928,
900.0,129.4558436870575,5,0.9444444444444444,0.6748528007081858,
757.0,123.25483310222626,4,1.0588235294117647,0.6261780323915609,Square
1153.5,145.69848430156708,5,0.9,0.6828375496346588,
796.5,120.5269113779068,4,1.1333333333333333,0.6890132746924729,Square
1029.5,141.01219260692596,4,1.0,0.6506132205355786,Square
568.5,121.15432727336884,4,0.8974358974358975,0.4867012617380238,Square
209.0,318.0487699508667,10,0.6708860759493671,0.025963827169969,
1414.5,161.01219260692596,4,0.7346938775510204,0.6856386443981429,Rectangle
907.5,128.87005722522736,4,1.0,0.6866769270997872,Square
125.0,156.7695518732071,10,1.0,0.06391406547224195,
157.5,211.8406196832657,10,1.0285714285714285,0.044103387265487896,
453.5,109.84062004089355,3,0.9393939393939394,0.4723470461739222,Triangle
1402.0,159.5979790687561,4,0.74,0.6916766299416222,Rectangle
203.5,63.21320307254791,6,1.0,0.6399686260876,
796.5,109.49747371673584,8,0.8108108108108109,0.8348096205224864,Circle
837.5,120.04163014888763,4,1.03125,0.7303497935294639,Square
161.5,215.23758792877197,13,0.7727272727272727,0.043807266802334884,
261.0,83.59797894954681,7,1.0416666666666667,0.4693089268120574,
1224.0,147.25483322143555,5,0.9512195121951219,0.7093362676904634,
291.0,318.02438497543335,8,0.7735849056603774,0.03615613590635367,
139.5,210.89444243907928,12,0.6808510638297872,0.03941429848649922,
152.0,168.02438485622406,7,0.967741935483871,0.06765639042155748,
898.5,130.5269113779068,4,0.8888888888888888,0.6627165592009352,Square
208.5,242.46803629398346,8,1.027027027027027,0.04456633627578416,
1498.5,149.63960909843445,8,0.7647058823529411,0.8409564022956771,Circle
1753.0,183.5979790687561,4,0.8301886792452831,0.6535156424013289,Square
199.0,226.22539567947388,8,1.0277777777777777,0.04886301125002875,
611.0,153.19595777988434,7,0.6923076923076923,0.32715718441984665,
900.5,130.04163014888763,4,0.9166666666666666,0.6691581490328907,Square
121.5,225.72286903858185,14,0.6296296296296297,0.029966430789921904,
754.5,121.01219248771667,4,1.0588235294117647,0.6474568784684112,Square
1148.5,143.69848430156708,5,0.9,0.6989345173249479,
799.5,118.38477599620819,4,1.1,0.7168637481636313,Square
1024.5,139.01219260692596,4,0.975,0.666217505374462,Square
573.5,124.46803677082062,3,0.9,0.4651870404150642,Triangle
262.5,405.88939023017883,12,0.6582278481012658,0.020022752235297103,
1412.5,158.5269113779068,5,0.7346938775510204,0.7063050705463795,
906.5,128.87005722522736,4,1.0,0.6859202583095946,Square
436.5,89.21320307254791,4,1.0,0.6891850488609207,Square
171.5,252.1248903274536,9,1.0571428571428572,0.03390334459008807,
465.5,111.49747359752655,3,0.9696969696969697,0.4705431934084828,Triangle
147.5,207.72286927700043,12,0.8076923076923077,0.042956932223297425,
1389.0,153.94112479686737,4,0.72,0.7365509581349108,Rectangle
120.5,77.8406194448471,7,0.9583333333333334,0.24991040842679046,
174.5,54.72792184352875,5,1.0666666666666667,0.7321286141053344,
149.5,160.95331728458405,12,0.8333333333333334,0.0725188974523656,
1099.5,127.98275518417358,8,0.8333333333333334,0.8435332130621339,Circle
115.5,113.01219260692596,6,2.0526315789473686,0.11364262224954064,
719.0,141.5391035079956,5,0.6037735849056604,0.4510096905601425,
157.0,215.48022842407227,13,0.7021276595744681,0.042490775934298924,
135.5,128.46803605556488,7,1.0,0.10317132055062278,
102.5,98.87005722522736,7,2.769230769230769,0.13176624152119473,
1491.0,149.8822501897812,8,0.78,0.8340404201057302,Circle
109.5,172.6101714372635,12,0.6176470588235294,0.04618396500369108,
410.0,96.91168773174286,5,0.8484848484848485,0.5485818147856208,
218.5,229.29646337032318,8,1.0833333333333333,0.052223574315548554,
208.0,200.1076456308365,6,0.7692307692307693,0.06527484276895197,
178.0,281.76449966430664,11,0.6851851851851852,0.028174571387730593,
755.0,120.76955187320709,4,1.0909090909090908,0.650491919440222,Square
211.5,227.2964632511139,7,0.9487179487179487,0.051444017759237085,
133.0,171.2792191505432,7,0.6346153846153846,0.05697077878244507,
1046.0,142.08326029777527,4,1.0512820512820513,0.6511120314892178,Square
106.0,92.22539591789246,6,1.44,0.1566082630051417,
2978.0,212.65180230140686,8,0.6753246753246753,0.8275541515059613,Circle
267.0,301.8233746290207,9,0.7551020408163265,0.036831158902692236,
438.5,90.04163014888763,4,0.9615384615384616,0.6796616471227699,Square
110.0,102.36753010749817,5,0.9411764705882353,0.13191011513461895,
179.0,266.93607223033905,11,0.8367346938775511,0.0315680941594366,
135.0,178.9116872549057,11,1.0740740740740742,0.05299882114628245,
1385.0,156.76955199241638,4,0.74,0.7081678443554437,Rectangle
145.0,103.39696800708771,10,0.8709677419354839,0.17043636324959913,
181.5,57.55634891986847,6,1.0666666666666667,0.6884937781823789,
104.0,107.59797894954681,6,2.25,0.11288467202370382,
122.5,158.18376553058624,7,1.3,0.06152082255366827,
1073.5,127.15432822704315,9,0.7906976744186046,0.8343525877023458,Circle
110.0,147.5979789495468,4,1.0263157894736843,0.06345147579726684,Square
712.5,140.12488925457,4,0.6037735849056604,0.45599929158726155,Rectangle
114.5,116.81118202209473,10,1.8888888888888888,0.1054499828555715,
161.5,210.06601572036743,10,0.6956521739130435,0.045990781987627675,
130.5,134.61017096042633,8,1.0344827586206897,0.09050334354922332,
113.5,133.29646289348602,9,1.5,0.08027281166086174,
122.5,172.61017155647278,12,0.6176470588235294,0.0516669927409832,
108.0,143.94112479686737,6,1.3666666666666667,0.06550339885996365,
399.0,96.0832599401474,4,0.8181818181818182,0.5431093764512763,Square
164.0,186.308655500412,9,0.72,0.059372816129000465,
1411.5,148.1248903274536,8,0.6851851851851852,0.8084155579273627,Circle
104.5,116.18376553058624,6,1.1851851851851851,0.09728262004886325,
168.5,242.00714087486267,6,0.6346153846153846,0.03615375474127054,
507.5,93.01219260692596,9,0.5833333333333334,0.7371674425398581,
102.5,128.6101714372635,8,0.7368421052631579,0.07787231669691821,
138.0,163.53910386562347,7,0.875,0.06484040564100699,
104.5,106.1248893737793,7,1.4444444444444444,0.1165981482908759,
252.0,286.2497806549072,10,0.7323943661971831,0.03864738198541362,
119.5,196.2670259475708,8,0.6097560975609756,0.038983702675682366,
112.5,165.63960909843445,12,1.0,0.05152689735874005,
129.5,99.35533845424652,8,2.235294117647059,0.16485313792329787,
111.5,171.43859922885895,9,0.64,0.047672454429957004,
145.5,97.63960897922516,9,0.967741935483871,0.1917877191550128,
178.0,58.14213538169861,7,1.0666666666666667,0.6616798513897029,
725.5,104.66904640197754,9,0.7777777777777778,0.8321674908370433,Circle
1045.5,127.98275470733643,8,0.8095238095238095,0.8021045755599068,Circle
217.0,254.3675309419632,10,0.95,0.04214501851394531,
111.0,155.25483310222626,4,0.9047619047619048,0.05786854799240947,Square
190.5,233.37972378730774,7,0.6153846153846154,0.043951995845423905,
1147.0,131.39696848392487,8,0.7391304347826086,0.8348387340376362,Circle
130.0,154.02438485622406,6,1.0344827586206897,0.06886114668656983,
164.0,229.0538227558136,8,1.1714285714285715,0.03928064618789916,
199.0,281.76449859142303,12,0.7551020408163265,0.03149853791492308,
516.5,91.01219248771667,9,0.6176470588235294,0.7835758393155186,
211.0,271.88224971294403,8,0.8627450980392157,0.03586993664240115,
133.0,162.99494802951813,10,0.8484848484848485,0.06290906310761092,
174.0,207.74011433124542,8,1.1714285714285715,0.050666205433580545,
1384.0,145.88224959373474,8,0.6792452830188679,0.8172238837059,Circle
141.5,200.0660148859024,8,0.6470588235294118,0.044424204620324016,
602.5,328.977702498436,14,0.7692307692307693,0.06995745289725133,
118.0,197.33809340000153,8,0.4657534246575342,0.038077639293107424,
106.0,205.0538226366043,6,1.0588235294117647,0.03167962189723981,
120.5,96.52691113948822,8,1.75,0.16251748502314692,
143.5,107.29646325111389,9,1.0625,0.15663577184348557,
181.0,59.79898953437805,7,1.1333333333333333,0.6360639002767956,
717.5,103.8406195640564,8,0.8,0.8361750947683715,Circle
193.5,233.72286975383759,13,0.8536585365853658,0.04451315867415875,
1097.0,140.42640614509583,5,1.0,0.6990672052759339,
234.0,306.02438521385193,8,0.7647058823529411,0.031398843570526254,
1138.5,130.81118154525757,9,0.7391304347826086,0.8360902560808232,Circle
131.0,142.85281217098236,8,1.0,0.08066842379420948,
191.0,233.88224983215332,8,1.0857142857142856,0.04387819011316231,
1365.0,144.225395321846,8,0.7551020408163265,0.8246298271491278,Circle
510.5,90.18376553058624,9,0.6363636363636364,0.7887672691002673,
1558.5,183.49747371673584,5,0.8076923076923077,0.5816429809919283,
190.5,220.46803629398346,8,1.0571428571428572,0.04925083254763996,
173.5,278.83556735515594,12,0.6923076923076923,0.02804225943233465,
104.0,106.28427052497864,8,1.894736842105263,0.11569250138617884,
683.5,121.154327750206,5,1.0303030303030303,0.5851544587148313,
183.0,248.36753106117249,8,0.9743589743589743,0.03727960597381579,
116.0,169.19595801830292,8,0.44776119402985076,0.05091994027884172,
1288.5,153.8406196832657,4,0.7291666666666666,0.684151440457793,Rectangle
175.0,56.97056245803833,6,1.0666666666666667,0.6775586567436136,
707.0,103.25483286380768,8,0.8,0.8333136613764383,Circle
145.5,175.49747371673584,9,1.0666666666666667,0.059365088417908475,
151.0,185.68123960494995,11,0.7560975609756098,0.055036493689235806,
1060.0,138.42640602588654,5,0.9743589743589743,0.6951489040993135,
235.0,299.53910398483276,8,0.7450980392156863,0.03291324280274122,
188.0,244.79393649101257,12,0.717391304347826,0.03942451877119871,
117.5,142.1248903274536,8,0.9285714285714286,0.07309832836570353,
157.5,208.6690467596054,8,0.8571428571428571,0.04545423552228542,
851.0,126.76955199241638,4,1.0,0.6654409347304765,Square
1338.5,141.63960933685303,8,0.7708333333333334,0.838414535590924,Circle
1549.5,179.8406196832657,5,0.82,0.6020407164285664,
181.5,220.61017155647278,8,0.9722222222222222,0.04686357639185999,
157.5,193.37972390651703,8,0.7142857142857143,0.052925936385838875,
174.0,221.39696860313416,8,0.9444444444444444,0.04460831018541556,
144.5,229.72286915779114,11,0.72,0.03440877785593295,
673.0,116.42640614509583,7,0.9705882352941176,0.6239099971465841,
189.5,260.95331740379333,9,0.8974358974358975,0.0349698229750297,
110.0,153.25483322143555,8,1.1379310344827587,0.05885375669784802,
146.5,178.75230741500854,7,0.8717948717948718,0.05761614215553079,
172.0,238.85281193256378,10,0.9743589743589743,0.037885898728260155,
130.0,187.3380936384201,8,0.3472222222222222,0.04654799974832552,
168.0,288.02438509464264,9,0.7291666666666666,0.02544840861849857,
1264.5,149.35533845424652,4,0.7083333333333334,0.7123397786880071,Rectangle
173.0,142.50966608524323,9,0.8780487804878049,0.10704523062654032,
167.5,57.21320307254791,6,1.0666666666666667,0.6430313557497719,
181.0,68.76955163478851,7,0.8260869565217391,0.48094570780777635,
135.5,125.63960933685303,8,0.6551724137931034,0.10786883903626557,
704.0,105.74011433124542,8,0.8285714285714286,0.7912304124848009,
702.0,110.97056245803833,4,1.0333333333333334,0.7163601217529966,Square
214.0,76.4264063835144,7,1.0,0.4604015306627988,
1046.0,133.94112491607666,5,0.9736842105263158,0.7326788657225833,
248.5,296.1248904466629,8,0.76,0.035611185446485505,
127.5,175.4385985136032,13,0.6444444444444445,0.052055874910565327,
305.5,91.84061992168427,5,0.896551724137931,0.4551467704846883,
767.5,125.35533845424652,6,0.8823529411764706,0.6137656521356636,
188.5,227.63960921764374,8,1.0285714285714285,0.045711508745861607,
1338.0,143.0538228750229,8,0.7551020408163265,0.8216125062042888,Circle
1538.0,172.7695518732071,4,0.803921568627451,0.6474880923449075,Square
175.0,215.0538227558136,8,0.9722222222222222,0.04755033477642131,
519.5,146.61017155647278,7,0.6938775510204082,0.3037156786831567,
786.5,125.69848430156708,5,0.8611111111111112,0.6255305274094894,
670.5,115.8406195640564,5,1.0,0.6278948238734668,
1015.5,139.35533833503723,6,0.8717948717948718,0.6571168016216096,
123.5,200.32590091228485,10,1.0333333333333334,0.038672532449178613,
158.5,197.23758852481842,6,0.8461538461538461,0.05119879767699057,
910.0,136.911687374115,4,0.9487179487179487,0.6100567129720821,Square
214.0,335.2203425168991,9,0.6805555555555556,0.02393111349169671,
1247.5,154.6690467596054,5,0.7083333333333334,0.6553051792418807,
144.5,242.0660148859024,11,0.7916666666666666,0.030989178968684618,
1254.5,151.01219260692596,5,0.7083333333333334,0.6912839967381041,
171.5,120.95331704616547,6,1.0277777777777777,0.14731210058133712,
182.5,67.35533845424652,5,0.8260869565217391,0.5055087615915276,
272.0,75.5979791879654,5,0.6206896551724138,0.5980787816881252,
693.5,110.04163014888763,5,1.0,0.7196847475613269,
219.0,73.94112491607666,5,1.0,0.5033636751978494,
1038.5,132.04163014888763,4,0.972972972972973,0.7485048352111886,Square
276.0,299.6812390089035,8,0.76,0.03861889426398795,
309.0,92.08326029777527,6,0.9310344827586207,0.45793830088511106,
762.5,120.87005722522736,5,0.8529411764705882,0.6558616791794172,
200.0,225.39696860313416,8,1.0285714285714285,0.04947020590252059,
202.5,235.03657686710358,12,0.7708333333333334,0.046064247920668315,
1517.0,173.25483298301697,4,0.7843137254901961,0.6350745781654923,Rectangle
182.0,211.0538227558136,8,1.0,0.05134460373011991,
513.0,142.71067702770233,7,0.6938775510204082,0.3165295761467849,
776.0,122.28427076339722,5,0.8571428571428571,0.6521243085968593,
658.5,113.01219236850739,5,1.0,0.6479105373772415,
994.0,136.28427076339722,5,0.8947368421052632,0.6725193415287111,
685.5,111.21320307254791,4,1.0689655172413792,0.6964735452479925,Square
514.0,118.22539556026459,3,0.8461538461538461,0.4621164532848167,Triangle
900.5,133.8406196832657,5,0.9487179487179487,0.6317099299385859,
209.0,273.3969682455063,10,0.7021276595744681,0.03513733033502096,
119.5,221.15432798862457,10,0.9393939393939394,0.030703429189091084,
127.0,169.6812400817871,6,0.90625,0.05543013368665419,
214.0,235.74011433124542,6,0.723404255319149,0.048390115390639386,
190.5,122.95331728458405,10,1.1142857142857143,0.1583522880813594,
272.0,75.59797966480255,5,0.6206896551724138,0.5980787741433155,
698.5,112.5269113779068,4,1.0333333333333334,0.6932078583228507,Square
228.5,75.35533821582794,5,0.9583333333333334,0.5056709695455534,
1032.5,135.35533845424652,5,0.9736842105263158,0.7081889499325746,
114.5,145.35533845424652,4,0.9487179487179487,0.06810098245763682,Square
309.5,91.84061932563782,4,0.9642857142857143,0.46110614498683883,Square
766.0,119.4558436870575,5,0.8529411764705882,0.6745650462918097,
212.0,227.53910398483276,8,1.0571428571428572,0.051455717431746296,
1507.0,171.11269783973694,4,0.8,0.6467830635304483,Square
195.0,209.0538226366043,8,1.0294117647058822,0.056069702134713115,
511.5,141.2964630126953,7,0.6938775510204082,0.32195332966247076,
772.0,120.62741661071777,5,0.9117647058823529,0.6667071465811256,
663.0,114.42640602588654,4,1.0625,0.6363131190304455,Square
982.0,133.4558436870575,5,0.8947368421052632,0.6928610720414222,
673.5,110.38477599620819,4,1.1071428571428572,0.6945909216330156,Square
899.0,130.42640614509583,4,1.0,0.6641076768192549,Square
505.5,115.15432751178741,3,0.8421052631578947,0.47903858636645447,Triangle
207.0,277.5391037464142,10,0.723404255319149,0.033770061106814915,
133.0,208.08326029777527,9,1.0303030303030303,0.03859999222992545,
150.5,175.43859958648682,8,0.90625,0.06144634571151701,
241.5,272.95331740379333,8,0.6938775510204082,0.040733360905344365,
261.0,156.99494814872742,8,0.875,0.1330696504056809,
102.0,108.42640602588654,8,1.631578947368421,0.10902846822507901,
235.0,74.76955223083496,7,1.0434782608695652,0.528236208023099,
197.0,210.3675308227539,9,1.0,0.05593951172286141,
189.0,221.1959581375122,9,0.9090909090909091,0.0485419584643912,
318.0,93.25483322143555,5,0.9310344827586207,0.459509277852927,
289.0,324.6518017053604,8,0.82,0.03445657228663028,
144.0,180.2253955602646,8,1.088235294117647,0.05571092653693858,
521.5,141.29646337032318,8,0.6938775510204082,0.3282476257459628,
768.0,119.4558436870575,4,0.9393939393939394,0.676326312731214,Square
239.0,252.71067690849304,10,0.9459459459459459,0.04702844108872421,
688.0,109.79898941516876,5,1.1428571428571428,0.7171361518357338,
152.5,209.29646337032318,8,1.0857142857142856,0.04374777079364588,
500.5,111.9827561378479,3,0.8648648648648649,0.5015470050552453,Triangle
1217.0,150.76955199241638,5,0.7391304347826086,0.672780125535853,
156.5,219.15432786941528,11,0.96875,0.04094718992003277,
415.5,105.8406195640564,3,0.90625,0.46609682574370864,Triangle
243.0,275.6812392473221,8,0.7446808510638298,0.04017923955607048,
225.0,167.82337403297424,9,0.9555555555555556,0.10038931381975556,
130.5,102.46803593635559,12,0.7142857142857143,0.1561865212191165,
156.0,197.39696860313416,10,1.1379310344827587,0.05030990582860218,
997.0,135.94112491607666,6,0.972972972972973,0.6779588019168398,
101.5,172.551295876503,8,0.6122448979591837,0.0428390129572379,
123.5,131.29646337032318,7,1.0357142857142858,0.09002658279476343,
732.0,124.76955199241638,4,0.8823529411764706,0.5908860183269253,Square
187.5,231.15432798862457,6,0.7959183673469388,0.044096800261749336,
211.5,217.03657722473145,8,0.7142857142857143,0.05642276594055846,
152.5,194.6690467596054,10,1.1851851851851851,0.050569179039458505,
488.5,114.32590103149414,5,0.8918918918918919,0.46966172229791403,
142.0,222.71067690849304,9,1.064516129032258,0.03597626988701411,
144.0,234.2253955602646,10,1.0606060606060606,0.0329840814323823,
379.0,102.76955211162567,5,1.0,0.4509414390175807,
215.0,276.16652035713196,11,0.7391304347826086,0.035424707095967525,
235.5,148.61017155647278,7,1.1578947368421053,0.1339996624681886,
156.5,56.38477599620819,7,1.2142857142857142,0.6185865702395607,
189.5,73.0121921300888,6,1.0,0.4467127028762942,
134.0,95.74011480808258,11,0.6666666666666666,0.1837074523868468,
106.0,178.36753058433533,12,0.7647058823529411,0.04186818454661196,
154.0,195.25483310222626,11,1.0714285714285714,0.05076062952348595,
109.0,116.56854104995728,8,1.0869565217391304,0.10080304240651758,
1010.5,135.8406194448471,5,0.972972972972973,0.6881559594402954,
119.5,150.40916168689728,7,0.6511627906976745,0.06637876804957517,
329.5,96.66904640197754,3,1.0357142857142858,0.443088434251405,Triangle
103.5,143.01219260692596,6,1.12,0.06359223422023436,
144.5,179.15432798862457,7,1.0588235294117647,0.056574809803104587,
1450.5,169.8406195640564,4,0.8163265306122449,0.6318943414247821,Square
183.5,186.55129551887512,9,0.75,0.06625968911199283,
618.0,111.59797883033752,5,1.0666666666666667,0.6235706717450243,
673.5,110.04163014888763,4,1.1481481481481481,0.6989295998306471,Square
143.0,189.39696836471558,9,1.0555555555555556,0.0500956314663106,
500.0,114.56854128837585,5,0.9166666666666666,0.4786842091143506,
153.5,220.32590079307556,10,0.7333333333333333,0.03973627339536993,
856.5,130.18376553058624,4,1.09375,0.6350728883608028,Square
375.5,101.01219272613525,5,1.0,0.46245790561494504,
123.0,204.6518017053604,13,0.7916666666666666,0.03690488281305863,
215.0,258.71067690849304,8,0.7555555555555555,0.04036636281694021,
364.0,96.42640590667725,5,1.1071428571428572,0.4919481009165225,
238.5,160.7523066997528,8,1.1428571428571428,0.11598019120277468,
157.5,54.72792184352875,6,1.1428571428571428,0.6608037634475081,
137.5,113.982754945755,9,0.6666666666666666,0.13299467821046282,
656.0,100.42640614509583,8,0.7941176470588235,0.8173684322826049,Circle
672.5,109.21320307254791,4,1.0344827586206897,0.7085195915548276,Square
124.0,186.85281145572662,12,0.7692307692307693,0.04463055377669656,
227.5,76.18376553058624,4,1.0869565217391304,0.49256822843660497,Square
999.0,134.7695518732071,5,0.972972972972973,0.6911809879791835,
100.5,149.15432786941528,8,0.7804878048780488,0.05676808015080988,
132.0,164.3086565732956,8,0.5918367346938775,0.06144165504265045,
731.0,119.4558436870575,4,0.8787878787878788,0.6437428836022363,Square
319.5,93.497474193573,4,0.9310344827586207,0.4592836329169102,Square
164.0,217.39696860313416,8,1.0294117647058822,0.043606049569830725,
168.5,253.03657841682434,13,0.7608695652173914,0.033070682398250915,
241.5,307.2964632511139,8,0.7959183673469388,0.032137484141035136,
109.0,150.02438485622406,9,0.8387096774193549,0.06085729608238064,
150.0,181.39696848392487,8,1.0909090909090908,0.05728502057507446,
505.5,140.6101714372635,4,0.7083333333333334,0.32129025145839135,Rectangle
732.0,121.11269772052765,5,0.9696969696969697,0.6271069143624476,
622.5,109.35533833503723,4,1.0666666666666667,0.6541377949076955,Square
947.0,135.5979790687561,4,0.918918918918919,0.6472222057147154,Square
125.5,186.5512968301773,6,0.6382978723404256,0.045316571480390026,
670.5,110.87005722522736,5,1.1851851851851851,0.6854568215835583,
856.0,128.76955199241638,4,1.0277777777777777,0.6487199579355678,Square
495.0,116.56854140758514,4,0.9444444444444444,0.45777528151430175,Square
173.5,311.1198374032974,11,0.6666666666666666,0.02252443659786806,
1151.0,149.25483322143555,4,0.7333333333333333,0.6492745511045329,Rectangle
129.0,197.74011433124542,9,1.0666666666666667,0.041458158967631,
364.0,80.97056245803833,4,1.0909090909090908,0.6976810634906855,Square
855.5,128.5269113779068,4,1.1290322580645162,0.6507912956023355,Square
378.0,102.4264065027237,5,1.0,0.4527701541978179,
126.0,146.99494755268097,6,0.5319148936170213,0.0732783351662507,
132.5,103.49747383594513,10,0.6756756756756757,0.15544123672562418,
485.0,95.4558436870575,4,1.125,0.6688774605775045,Square
140.5,226.55129671096802,15,0.7708333333333334,0.03439957553045468,
207.0,257.0538226366043,9,0.7555555555555555,0.03936697788270927,
118.0,166.36753106117249,6,1.1481481481481481,0.05357408076969049,
250.0,185.48022854328156,10,0.9423076923076923,0.09131762925059946,
159.0,54.97056245803833,6,1.1428571428571428,0.6612209831198684,
139.0,117.05382299423218,8,0.6785714285714286,0.12748334770861638,
669.5,99.8406194448471,8,0.7941176470588235,0.8440067339078827,Circle
674.5,110.04163014888763,4,1.0344827586206897,0.6999673572171811,Square
925.5,118.32590079307556,8,0.8205128205128205,0.8306664087074456,Circle
220.0,73.11269772052765,6,1.0454545454545454,0.5171861988105607,
998.0,131.11269783973694,5,0.972972972972973,0.7295430051937595,
219.0,289.1959580183029,8,0.7551020408163265,0.03290557934149113,
621.5,133.29646337032318,5,0.6,0.43955552502457257,
122.5,192.40916097164154,12,0.6590909090909091,0.04158095514160459,
319.0,91.25483310222626,3,0.9642857142857143,0.48138083597245346,Triangle
727.0,116.62741661071777,4,0.8787878787878788,0.6716499137985001,Square
172.0,219.88224983215332,8,1.0294117647058822,0.044705192254959655,
1250.0,137.39696860313416,8,0.782608695652174,0.8320809421226911,Circle
1459.5,166.5269112586975,4,0.7959183673469388,0.661370941774941,Rectangle
349.0,88.08325982093811,4,0.8064516129032258,0.565260363381499,Square
165.5,203.9827550649643,8,1.0606060606060606,0.0499828430837169,
201.0,275.76450181007385,6,0.39759036144578314,0.03321461333112274,
495.0,139.5391035079956,8,0.6666666666666666,0.31946494222019733,
742.0,119.4558436870575,4,0.9393939393939394,0.6534298490189594,Square
111.5,222.55129659175873,11,0.6530612244897959,0.02828944802531638,
627.5,109.35533821582794,4,1.1,0.6593919151799142,Square
953.0,134.76955199241638,4,0.8918918918918919,0.6593548352140888,Square
230.0,86.42640602588654,5,0.5428571428571428,0.3869410384681925,
666.0,107.79898941516876,5,1.1851851851851851,0.7202026486627228,
149.5,224.35028755664825,8,0.6326530612244898,0.03732482632904204,
252.5,84.52691161632538,5,0.47058823529411764,0.4441004812793308,
105.0,158.9949471950531,7,0.7297297297297297,0.05219543453108492,
861.5,128.18376553058624,4,1.0277777777777777,0.6588690317145659,Square
482.0,114.56854140758514,4,0.9166666666666666,0.4614515766259475,Square
223.5,364.09039974212646,12,0.6666666666666666,0.021186974119620294,
1175.5,144.87005710601807,4,0.7333333333333333,0.7038420910048628,Rectangle
758.0,118.28427076339722,4,1.032258064516129,0.6808086674601136,Square
363.0,80.97056245803833,4,1.0454545454545454,0.6957643572723046,Square
863.5,128.5269113779068,4,1.096774193548387,0.6568770119843563,Square
383.5,101.84061992168427,3,1.0,0.4646577271332826,Triangle
129.0,148.65180218219757,7,0.5531914893617021,0.07335998212230183,
177.0,151.53910374641418,8,0.4807692307692308,0.09685759956639435,
492.0,93.4558435678482,5,1.0833333333333333,0.707883913005335,
162.5,259.17871284484863,13,0.7916666666666666,0.030399369201628324,
1163.0,142.28427076339722,4,0.7555555555555555,0.721897925871425,Rectangle
122.5,166.95331740379333,8,1.1481481481481481,0.05522755879700512,
237.0,183.48022878170013,8,0.96,0.08846666671929133,
160.0,53.31370830535889,4,1.0,0.7073788386337545,Square
181.5,67.35533821582794,6,0.8636363636363636,0.502738854128211,
141.5,116.81118249893188,9,0.6428571428571429,0.13031591661347916,
671.5,99.84061980247498,8,0.7941176470588235,0.8465280325003082,Circle
674.5,108.38477599620819,4,1.0,0.7215314225713363,Square
932.0,117.74011421203613,9,0.8,0.8448446745547511,Circle
220.0,72.76955223083496,3,1.0,0.5220752914864766,Triangle
1009.5,133.35533845424652,5,0.9459459459459459,0.713338025582508,
218.0,285.88224959373474,8,0.75,0.03351907118898423,
629.5,130.81118190288544,4,0.58,0.46229144780416925,Rectangle
154.0,230.308655500412,12,0.7272727272727273,0.03648463995794026,
310.0,92.08326053619385,4,0.9642857142857143,0.45942029947982105,Square
733.5,116.04163014888763,4,0.8484848484848485,0.6845140078676857,Square
174.5,218.81118214130402,8,1.0294117647058822,0.045800083568243874,
1248.5,136.81118214130402,8,0.782608695652174,0.8382145972850248,Circle
1453.0,170.42640614509583,4,0.8163265306122449,0.6286395584764427,Square
354.5,90.32590043544769,4,0.8125,0.5460111409877171,Square
173.0,209.0538227558136,8,1.0294117647058822,0.04974388952945022,
213.5,272.3502870798111,7,0.4024390243902439,0.03617029648054163,
498.5,140.4680359363556,7,0.6875,0.31748265725930436,
746.5,118.04163014888763,4,0.9090909090909091,0.6732390200558577,Square
1229.0,138.71067690849304,8,0.7,0.802679117870668,Circle
625.0,107.94112479686737,4,1.0666666666666667,0.6740870792487119,Square
947.0,133.94112491607666,5,0.8918918918918919,0.6633335428673867,
233.5,87.84061908721924,4,0.5428571428571428,0.38028217836568196,Rectangle
670.0,108.62741661071777,4,1.1481481481481481,0.7135193647845642,Square
628.0,127.5391035079956,4,0.6326530612244898,0.48515754289562685,Rectangle
255.5,84.5269113779068,5,0.47058823529411764,0.4493769251761115,
116.5,165.92387926578522,7,0.7027027027027027,0.053176286253817116,
864.5,127.35533845424652,4,1.0,0.669792920605027,Square
482.0,110.91168701648712,4,0.8888888888888888,0.4923821268594583,Square
2538.5,195.92387998104095,8,0.6527777777777778,0.8310215504180023,Circle
1177.0,147.94112491607666,4,0.7333333333333333,0.6757849155932922,Rectangle
756.5,117.21320307254791,4,1.0333333333333334,0.6919356840533009,Square
105.0,208.65180122852325,8,0.5777777777777777,0.03030783307881744,
626.0,100.42640590667725,8,0.6052631578947368,0.7799887820707264,
367.5,82.04163014888763,4,1.0434782608695652,0.6861177349197077,Square
859.5,124.38477599620819,4,1.096774193548387,0.6981058676034502,Square
386.0,104.08326029777527,3,0.967741935483871,0.44774979278413046,Triangle
134.0,148.9949471950531,7,0.5531914893617021,0.07585279377777089,
197.0,146.02438521385193,7,0.49019607843137253,0.1160981547719733,
491.0,91.31370830535889,4,1.0833333333333333,0.7399790016307854,Square
177.5,257.86500453948975,13,0.7708333333333334,0.03354466100669903,
1167.5,143.35533845424652,4,0.7333333333333333,0.7139026802108787,Rectangle
376.5,96.18376553058624,3,1.1481481481481481,0.5114124468245111,Triangle
256.0,195.13708209991455,10,0.9074074074074074,0.08448317287887996,
163.0,53.31370830535889,6,1.0714285714285714,0.7206421918581374,
176.5,66.52691125869751,6,0.8636363636363636,0.501140905256756,
268.5,76.52691149711609,5,0.6428571428571429,0.5761370194558743,
678.0,101.25483286380768,8,0.8235294117647058,0.8310134169065422,Circle
678.5,109.21320307254791,4,1.0344827586206897,0.7148409559404469,Square
940.0,120.56854128837585,8,0.8,0.8125866901068234,Circle
216.5,73.35533833503723,5,1.0,0.5055967989582618,
1010.0,131.94112491607666,5,0.9459459459459459,0.7290727609855873,
222.0,287.8822498321533,8,0.7708333333333334,0.033661468802836866,
630.5,132.12489020824432,5,0.6,0.45386393701314554,
164.5,230.89444196224213,12,0.7272727272727273,0.038774732349998044,
308.0,89.25483322143555,5,0.9285714285714286,0.48584428098128746,
736.0,118.28427076339722,4,0.8235294117647058,0.6610490491433293,Square
176.5,218.81118214130402,8,1.0294117647058822,0.04632501289280827,
1264.0,138.22539603710175,8,0.7659574468085106,0.8313449291186901,Circle
1462.0,170.42640614509583,4,0.8163265306122449,0.6325334029542734,Square
364.5,90.32590079307556,3,0.8125,0.5614134254275102,Triangle
167.0,209.0538227558136,8,1.0294117647058822,0.04801866792727276,
227.5,271.03657853603363,7,0.4024390243902439,0.03891665034593869,
495.5,140.9533176422119,7,0.673469387755102,0.31340283308146255,
755.0,116.97056245803833,4,0.9090909090909091,0.6934316485481616,Square
1230.0,137.88224959373474,8,0.7,0.8130144313303173,Circle
627.0,107.94112491607666,5,1.032258064516129,0.6762441564086309,
952.0,133.11269783973694,5,0.8918918918918919,0.6751617673834862,
669.0,109.4558436870575,4,1.1481481481481481,0.7017106630894967,Square
632.0,128.3675321340561,3,0.6122448979591837,0.48196617321556917,Triangle
444.5,87.35533833503723,7,0.6060606060606061,0.7319859229682604,
108.0,204.99494802951813,14,0.6744186046511628,0.03229589340310735,
255.0,84.76955223083496,5,0.47058823529411764,0.44593367144538815,
333.0,100.56854140758514,4,0.7297297297297297,0.4137421764956362,Rectangle
870.0,126.76955199241638,4,1.0,0.6802980178795706,Square
483.0,111.74011445045471,4,0.9166666666666666,0.486114718834058,Square
2547.5,196.7523066997528,8,0.6666666666666666,0.8269597868945209,Circle
1190.0,145.4558436870575,4,0.7333333333333333,0.7067966428034463,Rectangle
759.0,116.62741661071777,4,1.0,0.7012135963866047,Square
118.0,207.82337415218353,8,0.5777777777777777,0.03433231496678559,
631.5,101.0121922492981,9,0.6052631578947368,0.7777421309002944,
369.5,82.04163014888763,5,1.0434782608695652,0.689851708987298,
868.5,126.87005722522736,4,1.0625,0.6780495237959712,Square
386.5,100.66904747486115,4,0.967741935483871,0.4792558729446799,Square
132.0,154.99494671821594,8,0.5531914893617021,0.06904762054643113,
184.0,156.16652131080627,13,0.5098039215686274,0.09480949088669585,
491.0,92.14213538169861,4,1.0833333333333333,0.7267328816206791,Square
185.0,260.4507910013199,14,0.7708333333333334,0.034271272559795965,
1170.5,143.35533845424652,4,0.7333333333333333,0.7157371196461101,Rectangle
254.0,185.48022866249084,8,0.9148936170212766,0.09277871119935016,
370.0,94.76955199241638,3,1.1111111111111112,0.5176949552289759,Triangle
161.0,52.485281229019165,4,1.0714285714285714,0.734447374833132,Square
180.5,67.35533833503723,5,0.8260869565217391,0.49996894131643543,
268.0,75.94112503528595,5,0.6428571428571429,0.583970091008928,
681.5,102.66904675960541,8,0.8,0.8124500403940986,Circle
679.5,108.38477599620819,4,1.0,0.7268800617305011,Square
948.0,118.91168713569641,8,0.8,0.8424984671561526,Circle
217.5,73.35533833503723,4,1.0,0.5079321190458288,Square
1003.5,129.69848430156708,5,0.9459459459459459,0.7496480907281096,
243.0,289.88224971294403,8,0.7551020408163265,0.03633899325849188,
195.5,225.52185726165771,8,0.6,0.048303583038874894,
163.0,231.1370837688446,12,0.7272727272727273,0.03834053859133074,
306.0,90.42640590667725,5,0.9285714285714286,0.47026293617113135,
739.0,118.28427076339722,5,0.8235294117647058,0.6637435425501635,
181.0,222.22539567947388,8,1.0294117647058822,0.04605757442919514,
1268.5,137.63960897922516,8,0.7872340425531915,0.8414212487934684,Circle
1462.5,167.69848430156708,4,0.8163265306122449,0.6535028170646046,Square
355.0,88.08326005935669,4,0.8064516129032258,0.5749783034788613,Square
174.5,207.63960921764374,8,1.0294117647058822,0.05086099939471835,
237.0,269.4213533401489,6,0.3855421686746988,0.041029307164818285,
498.5,140.95331752300262,7,0.673469387755102,0.31530032806330976,
753.5,118.38477599620819,4,0.9090909090909091,0.6756183042417714,Square
163.5,263.0365777015686,14,0.68,0.029695820554864,
624.5,109.35533833503723,5,1.032258064516129,0.6562394424415356,
962.0,133.11269783973694,5,0.8918918918918919,0.6822538027551616,
669.0,107.79898953437805,4,1.1481481481481481,0.7234468031377358,Square
627.5,126.1248916387558,3,0.6122448979591837,0.4957034961344139,Triangle
207.0,362.5340509414673,19,0.7619047619047619,0.019791677324488943,
116.0,161.33809340000153,8,0.7027027027027027,0.056000771797608095,
871.5,127.35533845424652,4,1.0,0.6752163450633674,Square
480.0,111.74011409282684,4,0.9166666666666666,0.48309537584666823,Square
2564.5,196.75230717658997,8,0.6666666666666666,0.8324782583755088,Circle
1192.5,145.69848430156708,4,0.7333333333333333,0.7059243848628788,Rectangle
757.5,117.21320307254791,4,1.0,0.6928503379648057,Square
634.5,101.01219248771667,8,0.6052631578947368,0.7814368641753482,
371.0,81.79898953437805,4,1.0434782608695652,0.6967675171373431,Square
865.5,125.21320307254791,4,1.0625,0.6937079722283411,Square
384.5,99.84061884880066,4,0.9354838709677419,0.48472082608266376,Square
140.5,156.89444208145142,7,0.5416666666666666,0.07172508472664692,
182.5,144.95331692695618,10,0.5098039215686274,0.10914815966663213,
492.5,92.38477599620819,4,1.125,0.7251290074311688,Square
1306.5,140.46803641319275,8,0.7916666666666666,0.8320784130253874,Circle
1181.5,145.01219260692596,4,0.7333333333333333,0.7060485274661723,Rectangle
220.5,140.6101711988449,6,1.0238095238095237,0.14014738019153936,
370.0,96.42640614509583,4,1.1481481481481481,0.5000571330741875,Square
105.5,101.49747371673584,9,3.3636363636363638,0.12869209122928055,
161.0,54.14213538169861,4,1.0714285714285714,0.6901841461207295,Square
179.5,67.35533833503723,5,0.8260869565217391,0.4971990302842114,
267.0,77.94112479686737,5,0.6206896551724138,0.5523162073067375,
681.0,101.25483298301697,8,0.7714285714285715,0.8346904654584332,Circle
677.5,108.38477599620819,4,1.0,0.7247406060668352,Square
944.0,118.91168761253357,8,0.8461538461538461,0.838943614574827,Circle
217.0,72.76955199241638,4,1.0,0.5149560863405599,Square
1008.0,131.11269783973694,5,0.9210526315789473,0.7368530553460015,
249.0,289.88224971294403,8,0.7551020408163265,0.037236252351294144,
623.0,134.36753070354462,6,0.6,0.43361993342456034,
165.5,232.06601536273956,13,0.7272727272727273,0.03861755479162025,
308.0,91.25483286380768,5,0.9642857142857143,0.464781499229629,
739.5,118.87005722522736,4,0.8235294117647058,0.6576625299185901,Square
179.5,222.46803629398346,8,1.0285714285714285,0.04557630095480849,
1275.0,138.2253955602646,8,0.7659574468085106,0.8385797404584386,Circle
1464.5,166.5269113779068,4,0.7959183673469388,0.6636366857435264,Rectangle
354.0,89.74011504650116,4,0.8125,0.5523824629372959,Square
166.5,207.9827550649643,8,1.0,0.04836926055854509,
227.0,266.93607330322266,6,0.38095238095238093,0.04003328109825987,
501.5,138.1248905658722,5,0.673469387755102,0.33032154979859313,
754.5,116.38477599620819,4,0.9090909090909091,0.6999656983554862,Square
1238.5,138.46803641319275,8,0.68,0.8117210486027214,Circle
634.0,111.59797894954681,5,1.03125,0.6397148948895318,
969.0,132.28427076339722,5,0.8918918918918919,0.6958525546267201,
671.0,107.79898953437805,4,1.1481481481481481,0.7256095738496572,Square
632.0,127.53910338878632,4,0.6326530612244898,0.48824771924080185,Rectangle
200.5,363.948264837265,18,0.7619047619047619,0.019021507578210445,
115.5,157.5807341337204,8,0.75,0.058450147222970567,
873.0,127.11269783973694,4,1.0,0.6789631986346292,Square
479.0,111.74011409282684,4,0.9166666666666666,0.48208892714698776,Square
2576.0,197.33809351921082,8,0.6666666666666666,0.831254226275741,Circle
1194.0,145.94112479686737,4,0.7333333333333333,0.7044640132547179,Rectangle
765.5,118.04163014888763,4,1.0,0.6903743735468975,Square
635.5,101.01219236850739,8,0.6052631578947368,0.7826684450048286,
371.0,81.79898953437805,4,1.0434782608695652,0.6967675171373431,Square
865.5,124.38477599620819,4,1.03125,0.702979206993352,Square
388.5,99.84061920642853,4,0.9354838709677419,0.4897634319480825,Square
142.5,148.89444160461426,6,0.5208333333333334,0.0807732872169363,
190.0,144.3675308227539,7,0.49019607843137253,0.11455773220941724,
495.0,92.14213538169861,4,1.0833333333333333,0.7326533124281794,Square
1310.5,140.46803665161133,8,0.7916666666666666,0.8346259139442275,Circle
1182.5,142.5269113779068,4,0.7333333333333333,0.7315049438966613,Rectangle
243.5,161.58073377609253,11,0.9347826086956522,0.11720055749093758,
370.0,94.76955199241638,3,1.1111111111111112,0.5176949552289759,Triangle
101.0,94.42640614509583,9,3.7,0.14234568810889173,
158.0,54.97056245803833,7,1.0,0.6570623605845234,
181.0,67.94112479686737,7,0.8260869565217391,0.49274584836065466,
267.5,76.18376541137695,5,0.6206896551724138,0.5791736330511805,
679.0,100.42640602588654,8,0.7941176470588235,0.8460261689595692,Circle
675.5,108.38477599620819,4,1.0,0.7226011504031693,Square
943.5,117.49747347831726,9,0.8205128205128205,0.8588052925205009,Circle
217.0,72.76955199241638,4,1.0,0.5149560863405599,Square
1008.0,130.28427076339722,5,0.9210526315789473,0.7462535725270484,
241.5,291.78174459934235,8,0.7755102040816326,0.03564599696547004,
632.0,135.1959582567215,6,0.5882352941176471,0.43450974949449095,
171.0,234.30865514278412,12,0.7272727272727273,0.03914076519302839,
307.0,90.42640590667725,4,0.9285714285714286,0.4717997431520828,Square
738.5,118.87005722522736,4,0.8235294117647058,0.6567731958686663,Square
183.0,221.0538227558136,8,1.0,0.047061405608983135,
1276.0,137.39696872234344,8,0.7659574468085106,0.8493882242449393,Circle
102.5,160.6101713180542,13,0.625,0.04993299761389185,
1471.0,167.11269783973694,4,0.7959183673469388,0.6619171534056268,Rectangle
356.0,88.91168773174286,4,0.78125,0.5659032051544448,Rectangle
162.0,206.56854152679443,8,1.0,0.04770858239222186,
225.5,261.86500465869904,6,0.37349397590361444,0.04132391721763494,
502.0,137.88224983215332,7,0.673469387755102,0.3318156448100611,
756.5,117.21320307254791,4,0.9090909090909091,0.6919356840533009,Square
1244.5,139.29646337032318,8,0.7,0.8059805929565614,Circle
636.5,111.01219248771667,4,1.03125,0.6490331986406435,Square
966.5,132.87005722522736,5,0.8918918918918919,0.6879509556650741,
669.5,108.38477599620819,4,1.1481481481481481,0.7161827834121716,Square
168.5,224.35028529167175,7,0.6326530612244898,0.04206845059151969,
107.5,207.58073389530182,14,0.6511627906976745,0.03135048343373535,
117.0,159.3380936384201,8,0.7297297297297297,0.057910390313201464,
873.5,126.5269113779068,4,1.0,0.6856570722865952,Square
479.0,110.91168713569641,4,0.8888888888888888,0.4893175067607658,Square
2577.0,197.33809340000153,8,0.6666666666666666,0.8315769191384562,Circle
1199.0,145.11269783973694,4,0.7333333333333333,0.7155141297960093,Rectangle
771.5,118.04163014888763,4,1.0,0.6957855378072259,Square
638.5,101.01219248771667,8,0.6052631578947368,0.7863631801039556,
372.0,80.97056245803833,4,1.0,0.7130147132377335,Square
863.0,127.4558436870575,4,1.03125,0.6675766771767977,Square
389.0,100.08325970172882,4,0.9354838709677419,0.4880188325465163,Square
141.0,149.48022973537445,6,0.5416666666666666,0.0792978592986264,
177.5,143.78174471855164,6,0.5,0.10789485182089516,
503.0,93.79898953437805,6,1.04,0.7184251532508471,
1304.5,140.46803617477417,8,0.7916666666666666,0.8308046639696195,Circle
1178.0,143.11269783973694,4,0.7333333333333333,0.7227678347660448,Rectangle
249.0,162.9949473142624,8,0.8958333333333334,0.11777711918249645,
370.0,94.76955199241638,3,1.1111111111111112,0.5176949552289759,Triangle
110.5,101.84061968326569,7,3.9,0.13388443047883514,
156.0,54.14213538169861,6,1.0,0.668749855868533,
180.0,67.94112432003021,7,0.8260869565217391,0.4900235024856308,
271.0,76.76955199241638,6,0.6206896551724138,0.577831405772326,
678.0,100.42640578746796,9,0.7941176470588235,0.8447801845038876,Circle
675.5,108.38477599620819,4,1.0,0.7226011504031693,Square
948.5,119.15432739257812,8,0.8,0.8395132602687789,Circle
215.5,73.35533821582794,4,1.0,0.5032614805063889,Square
1007.0,131.11269783973694,5,0.9210526315789473,0.7361220503307773,
240.0,287.8822498321533,8,0.7551020408163265,0.03639077708414796,
629.5,132.12488985061646,5,0.6,0.4531440918262438,
173.0,235.96551024913788,13,0.7272727272727273,0.03904441396500916,
305.5,90.66904640197754,5,0.896551724137931,0.4669850553826663,
734.5,118.87005722522736,4,0.8529411764705882,0.6532158596689714,Square
183.5,218.81118214130402,8,1.0294117647058822,0.04816226552878367,
1277.0,138.22539567947388,8,0.7659574468085106,0.8398951582104616,Circle
1472.0,168.28427076339722,4,0.78,0.6531766090122145,Rectangle
357.5,89.49747371673584,4,0.78125,0.5608727718060947,Rectangle
174.5,208.81118214130402,8,1.0,0.05029187080408103,
223.5,262.2081515789032,6,0.37349397590361444,0.04085027772692305,
511.0,137.88224983215332,6,0.6875,0.33776453087239283,
752.5,118.87005722522736,4,0.8823529411764706,0.6692238725675984,Square
1250.0,139.0538226366043,8,0.7,0.8123702535027643,Circle
636.0,109.59797894954681,4,1.064516129032258,0.665367966752992,Square
967.0,133.4558436870575,5,0.918918918918919,0.6822776544440481,
669.5,109.21320307254791,4,1.1071428571428572,0.7053589093620181,Square
631.0,125.88225054740906,3,0.6122448979591837,0.5003918479489476,Triangle
448.5,87.35533833503723,9,0.6060606060606061,0.7385729728937339,
330.0,100.56854128837585,5,0.7297297297297297,0.410014770472205,
878.0,129.5979790687561,4,1.0,0.656913098260358,Square
479.0,110.91168713569641,4,0.8888888888888888,0.4893175067607658,Square
2583.0,198.99494791030884,8,0.6712328767123288,0.8196910041325243,Circle
1194.5,144.87005722522736,4,0.7333333333333333,0.7152185251566733,Rectangle
776.0,118.62741661071777,4,0.96875,0.6929492671880669,Square
638.0,101.59797894954681,8,0.6052631578947368,0.7767126979334921,
376.0,81.79898953437805,4,1.0,0.7061579149424285,Square
866.0,127.4558436870575,4,1.0625,0.6698973377000079,Square
390.0,100.08326160907745,4,0.9354838709677419,0.48927336102511443,Square
135.5,153.23758792877197,8,0.5416666666666666,0.07251344607841398,
168.0,154.3675308227539,8,0.48,0.0885945957410486,
506.5,92.3847758769989,5,1.0833333333333333,0.7457418136278693,
194.0,266.4507910013199,14,0.7708333333333334,0.03433820319739819,
1172.0,141.4558436870575,4,0.7333333333333333,0.7360302929785723,Rectangle
372.0,95.5979790687561,3,1.0714285714285714,0.5115114751511127,Triangle
127.0,97.25483298301697,7,3.727272727272727,0.16872957019552795,
247.5,182.0660148859024,8,0.8867924528301887,0.0938268842137193,
161.5,54.72792184352875,4,1.0,0.6775860812493496,Square
177.5,68.18376541137695,7,0.8260869565217391,0.4797845502469644,
273.0,77.5979790687561,5,0.6206896551724138,0.5697334120655451,
677.5,99.8406195640564,8,0.7941176470588235,0.8540919504960448,Circle
679.5,109.21320307254791,4,1.0,0.7158945166713835,Square
944.5,119.15432798862457,8,0.825,0.8359728691523475,Circle
218.5,74.18376529216766,4,0.9583333333333334,0.4989345282454704,Square
1002.5,130.5269112586975,6,0.9210526315789473,0.7394249881051445,
238.5,289.2964632511139,8,0.7551020408163265,0.035810633085020166,
635.5,134.12488985061646,5,0.5882352941176471,0.44392199371610375,
1051.5,123.98275530338287,8,0.7272727272727273,0.8596003307105906,Circle
734.5,119.69848430156708,6,0.8787878787878788,0.6442054014165433,
307.0,91.25483357906342,3,0.896551724137931,0.46327246112571163,Triangle
183.5,220.81118214130402,8,1.0,0.047293756064590006,
1276.0,137.39696896076202,8,0.7659574468085106,0.8493882212971313,Circle
100.5,157.29646289348602,13,0.6451612903225806,0.051043213964312203,
1474.0,167.11269783973694,4,0.78,0.663267086417331,Rectangle
363.0,88.0832599401474,4,0.8064516129032258,0.5879355626134363,Square
185.0,204.56854152679443,8,1.0,0.055552536665864904,
226.0,263.6223635673523,6,0.37349397590361444,0.04086521650920444,
517.0,137.88224947452545,6,0.6875,0.3417304566866532,
751.0,120.28427076339722,4,0.8823529411764706,0.652277085261498,Square
1248.5,137.63960909843445,8,0.7142857142857143,0.8281548500582973,Circle
637.5,110.18376553058624,4,1.064516129032258,0.6598646034714122,Square
975.0,132.28427076339722,5,0.8947368421052632,0.7001612391754924,
228.5,85.01219308376312,7,0.4857142857142857,0.3973137805780978,
671.0,107.79898953437805,4,1.1071428571428572,0.7256095738496572,Square
631.5,126.12489104270935,3,0.6122448979591837,0.49886336377307977,Triangle
448.5,87.35533833503723,10,0.6060606060606061,0.7385729728937339,
114.5,196.75230598449707,15,0.6744186046511628,0.03716855595205306,
336.0,99.74011421203613,5,0.7027027027027027,0.4244332694873088,
873.0,128.76955199241638,4,1.0,0.6616034150441013,Square
488.0,112.91168689727783,5,0.8648648648648649,0.481007551350248,
2587.5,198.40916204452515,8,0.6712328767123288,0.8259747603987911,Circle
1199.0,145.4558436870575,4,0.7333333333333333,0.7121421636313716,Rectangle
773.0,117.79898953437805,4,0.96875,0.7000131970475291,Square
642.0,101.59797883033752,8,0.6052631578947368,0.7815823718549779,
377.0,80.97056245803833,4,1.0,0.7225982443296385,Square
875.0,126.62741661071777,5,1.0303030303030303,0.6857446430452987,
389.0,101.25483405590057,4,0.9354838709677419,0.47679087251466035,Square
154.5,198.20815062522888,7,0.5416666666666666,0.04941915656384301,
173.0,145.53910374641418,8,0.4897959183673469,0.10263525717603508,
506.5,93.21320295333862,5,1.125,0.7325452407825735,
1316.5,140.46803605556488,8,0.7708333333333334,0.8384471766749332,Circle
1170.5,140.87005722522736,4,0.7333333333333333,0.7412144887282246,Rectangle
372.0,94.76955199241638,3,1.1111111111111112,0.5204933063383217,Triangle
122.5,97.8406195640564,8,3.727272727272727,0.1608079680998241,
263.0,173.82337415218353,9,0.9038461538461539,0.10938285650125493,
164.0,53.31370830535889,4,1.0,0.7250633095995983,Square
175.5,68.18376541137695,7,0.8260869565217391,0.4743785271455902,
268.0,78.42640566825867,6,0.6551724137931034,0.5475452743655254,
677.5,99.84061992168427,8,0.7941176470588235,0.8540919443773511,Circle
678.5,107.21320307254791,4,1.0,0.7417595968009747,Square
946.5,118.32590043544769,8,0.8,0.8495145981568559,Circle
217.5,74.18376529216766,4,0.9583333333333334,0.49665107502695566,Square
1005.0,131.11269783973694,5,0.9210526315789473,0.7346600403003289,
247.0,292.3675308227539,8,0.74,0.03631186351801953,
638.5,135.78174436092377,5,0.5882352941176471,0.4351991097427752,
1051.5,123.98275518417358,8,0.7272727272727273,0.8596003323636003,Circle
176.5,215.01219260692596,8,0.8235294117647058,0.04797648186471925,
307.0,91.25483310222626,3,0.896551724137931,0.4632724659672201,Triangle
183.5,221.15432798862457,8,1.0,0.04714710674642857,
1277.5,137.982754945755,8,0.7659574468085106,0.843181655428642,Circle
104.0,162.3675309419632,13,0.6451612903225806,0.049572957574725934,
1458.5,165.69848430156708,4,0.7959183673469388,0.6675429688203088,Rectangle
355.5,88.32590103149414,4,0.8387096774193549,0.57262897057468,Square
172.0,206.22539567947388,8,1.0,0.050822265404129825,
233.0,263.27921855449677,6,0.37349397590361444,0.042240847642351635,
510.0,137.05382215976715,6,0.6875,0.3411911336020754,
756.5,118.38477599620819,4,0.8823529411764706,0.6783082244975447,Square
1247.0,139.0538227558136,8,0.7,0.8104205635048286,Circle
645.0,111.5979790687561,5,1.0,0.6508140478268652,
978.5,132.87005722522736,5,0.8918918918918919,0.6964925091756595,
230.5,85.01219272613525,6,0.4857142857142857,0.40079136627471734,
631.0,126.71067702770233,4,0.6122448979591837,0.4938701758094641,Rectangle
672.0,109.4558435678482,5,1.1071428571428572,0.7048573492126744,
450.0,86.76955187320709,8,0.6060606060606061,0.7510825442721532,
115.0,200.1665199995041,12,0.6744186046511628,0.03606822969705237,
331.5,100.32590079307556,5,0.7027027027027027,0.4138731582541207,
870.0,127.94112491607666,4,0.972972972972973,0.6678959143647377,Square
486.0,111.74011409282684,3,0.8648648648648649,0.4891340680447517,Triangle
2585.5,198.40916168689728,8,0.6712328767123288,0.8253363287766803,Circle
1200.5,144.87005722522736,4,0.7333333333333333,0.7188110836756688,Rectangle
772.0,116.97056245803833,4,1.0,0.7090453412969282,Square
642.5,101.01219236850739,8,0.6052631578947368,0.7912894979002396,
376.5,81.55634891986847,4,1.0,0.7113106220568997,Square
879.5,125.21320307254791,4,1.0303030303030303,0.7049291294914224,Square
389.5,100.66904711723328,3,0.9354838709677419,0.48297584434216906,Triangle
151.0,199.96550977230072,7,0.5208333333333334,0.047454414793655975,
168.5,144.95331716537476,11,0.48,0.1007751498264499,
502.5,93.21320295333862,5,1.125,0.7267600858701742,
1317.0,139.05382239818573,8,0.7708333333333334,0.8559133020255721,Circle
1170.5,140.87005722522736,4,0.7333333333333333,0.7412144887282246,Rectangle
238.0,151.33809316158295,7,0.9130434782608695,0.13058410169817714,
375.0,95.5979790687561,3,1.1111111111111112,0.515636567692654,Triangle
141.0,135.05382251739502,6,4.583333333333333,0.09714382844199106,
164.0,54.14213538169861,4,1.0,0.7030447202720475,Square
176.0,67.59797894954681,7,0.8260869565217391,0.4840108627570598,
263.0,76.42640626430511,6,0.6785714285714286,0.5658205744955738,
680.0,101.25483310222626,8,0.7714285714285715,0.8334647799930487,Circle
675.0,106.97056245803833,4,1.0344827586206897,0.7412847711635303,Square
951.0,118.91168713569641,8,0.8,0.8451646015458874,Circle
215.5,74.18376588821411,3,0.9583333333333334,0.49208416068240046,Triangle
1001.5,129.69848430156708,5,0.9459459459459459,0.7481540237809683,
246.0,291.1959581375122,8,0.74,0.036456442414996085,
630.0,134.7106772661209,4,0.58,0.4362609837146862,Rectangle
1050.0,124.56854116916656,8,0.7272727272727273,0.8503200238798464,Circle
743.5,118.87005722522736,5,0.8235294117647058,0.661219866118285,
307.5,90.66904664039612,3,0.896551724137931,0.47004223821595686,Triangle
191.5,220.46803629398346,8,1.0,0.04950936710169582,
1279.0,137.39696836471558,8,0.7659574468085106,0.8513852229346762,Circle
110.5,160.9533176422119,14,0.625,0.05360092396572683,
1452.5,166.5269113779068,4,0.7959183673469388,0.658198897946379,Rectangle
360.0,88.91168689727783,4,0.8387096774193549,0.5722616788754311,Square
175.0,207.0538226366043,8,0.9705882352941176,0.051295752704505246,
232.5,263.03657829761505,6,0.37349397590361444,0.04222800151507888,
515.0,139.53910338878632,6,0.673469387755102,0.33237261722123335,
756.0,119.4558436870575,4,0.8823529411764706,0.6657587140947888,Square
1253.5,138.46803629398346,8,0.7,0.8215521487084873,Circle
648.5,111.01219248771667,4,1.0,0.6612694883243634,Square
976.5,134.5269113779068,5,0.868421052631579,0.6780531987021275,
231.5,87.01219296455383,6,0.4722222222222222,0.3842382810739948,
631.5,125.29646217823029,4,0.6122448979591837,0.5054818912397173,Rectangle
682.5,109.21320307254791,4,1.0689655172413792,0.7190551988641931,Square
454.0,87.59797883033752,8,0.5882352941176471,0.7434941324448093,
865.0,117.74011433124542,9,0.6744186046511628,0.7841101309120608,
334.0,99.74011445045471,4,0.7027027027027027,0.42190687896140494,Rectangle
479.0,110.91168749332428,4,0.8888888888888888,0.4893175036052178,Square
874.0,129.5979790687561,4,1.0,0.6539203278810398,Square
2592.0,198.99494802951813,8,0.6712328767123288,0.8225470693635089,Circle
1210.5,147.35533833503723,4,0.717391304347826,0.7005560854013021,Rectangle
776.0,117.79898953437805,4,1.0,0.702729936492733,Square
121.5,205.72286927700043,8,0.6,0.03607621746086384,
642.5,101.84061932563782,8,0.6052631578947368,0.7784683003330302,
375.0,81.79898953437805,5,1.0,0.7042798353814114,
876.5,125.21320307254791,4,1.0303030303030303,0.7025245957921906,Square
396.5,101.49747395515442,3,0.9354838709677419,0.4836626913050865,Triangle
151.5,200.89444172382355,7,0.5208333333333334,0.04717225687849847,
179.0,135.53910374641418,8,0.4897959183673469,0.12244291940526497,
502.0,92.62741649150848,6,1.125,0.7352490616031373,
1316.0,139.0538227558136,8,0.7708333333333334,0.8552634014212946,Circle
1171.5,140.87005722522736,4,0.7333333333333333,0.7418477347672918,Rectangle
253.0,175.4802280664444,9,0.9361702127659575,0.10324618301092374,
373.0,95.5979790687561,3,1.1111111111111112,0.5128865059982931,Triangle
115.0,141.0538226366043,7,4.166666666666667,0.07263366921211621,
162.0,54.14213538169861,4,1.0,0.6944710041711688,Square
178.5,67.35533845424652,8,0.8260869565217391,0.4944291175018502,
265.0,75.5979790687561,7,0.6428571428571429,0.5826870501735177,
688.0,102.08326029777527,8,0.8,0.8296391509830978,Circle
673.5,107.55634891986847,4,1.0344827586206897,0.7316028040940336,Square
951.5,118.32590067386627,9,0.8,0.8540022576744398,Circle
216.5,74.18376553058624,3,0.9583333333333334,0.49436761863075307,Triangle
1003.5,129.69848430156708,5,0.9459459459459459,0.7496480907281096,
242.0,291.53910398483276,8,0.7551020408163265,0.03577928031109768,
634.5,134.12488925457,6,0.6,0.4432234579328377,
1052.0,124.56854152679443,8,0.7272727272727273,0.8519396761764664,Circle
743.5,117.69848430156708,4,0.8529411764705882,0.6744489713652582,Square
306.0,89.2548336982727,4,0.8620689655172413,0.4826894428304392,Square
194.0,219.39696860313416,8,1.0,0.05064660617604101,
1281.0,139.0538228750229,8,0.7872340425531915,0.8325170329348026,Circle
102.5,160.6101713180542,12,0.625,0.04993299761389185,
1452.5,167.8406196832657,4,0.8163265306122449,0.6479356210471492,Square
364.5,90.32590055465698,3,0.8125,0.5614134283912534,Triangle
180.0,209.0538227558136,8,1.0,0.05175664806532393,
226.5,264.20815110206604,7,0.37349397590361444,0.04077421855930488,
507.0,138.71067667007446,5,0.673469387755102,0.33112962909634186,
751.5,119.21320307254791,6,0.8823529411764706,0.6644925788612763,
1254.0,139.05382227897644,8,0.7,0.8149698425059604,Circle
648.0,110.76955187320709,4,1.0,0.6636576003705069,Square
968.5,132.04163014888763,5,0.868421052631579,0.6980519334636843,
235.0,88.42640626430511,6,0.4722222222222222,0.37767111971005013,
630.5,126.46803796291351,4,0.6122448979591837,0.49537421037796103,Rectangle
674.5,110.87005722522736,4,1.0689655172413792,0.6895460494528114,Square
454.5,88.18376541137695,8,0.5882352941176471,0.7344571674676378,
116.0,219.8233745098114,12,0.6744186046511628,0.030166165707836045,
337.0,99.74011492729187,4,0.7027027027027027,0.4256964576362312,Rectangle
482.5,111.98275446891785,5,0.8918918918918919,0.48350936493970476,
880.0,128.76955199241638,4,1.0,0.6669083679711445,Square
2589.5,198.75230717658997,8,0.6575342465753424,0.8237613696350978,Circle
1211.5,146.5269112586975,4,0.717391304347826,0.709085317191409,Rectangle
771.5,118.04163014888763,4,1.0,0.6957855378072259,Square
123.5,208.06601476669312,8,0.5777777777777777,0.03584879183617671,
642.5,101.0121922492981,8,0.6052631578947368,0.7912894997679163,
376.0,81.79898953437805,5,1.0,0.7061579149424285,
869.5,124.38477599620819,4,1.0303030303030303,0.7062280999199533,Square
400.5,99.84061980247498,3,0.9666666666666667,0.504891253933542,Triangle
157.0,198.30865502357483,7,0.5416666666666666,0.05016792959893519,
187.5,148.95331716537476,10,0.4897959183673469,0.10619664031792721,
505.5,93.21320307254791,5,1.125,0.7310989501844857,
1318.5,139.63960909843445,8,0.7708333333333334,0.8497139521666144,Circle
1176.5,141.69848430156708,4,0.717391304347826,0.7363281194857962,Rectangle
260.0,157.82337415218353,9,0.9148936170212766,0.13117182588739748,
372.0,95.5979790687561,3,1.1111111111111112,0.5115114751511127,Triangle
104.5,97.84061968326569,6,4.0,0.1371790418406733,
141.5,119.63960933685303,8,0.6785714285714286,0.12422709552918479,
691.5,102.66904652118683,8,0.8,0.8243715415140009,Circle
672.5,109.21320307254791,4,1.0689655172413792,0.7085195915548276,Square
191.5,224.89444196224213,13,0.825,0.04757964501289418,
225.5,72.18376612663269,3,1.0909090909090908,0.5438477495006153,Triangle
1000.0,131.94112491607666,5,0.972972972972973,0.721854218797611,
213.0,263.5391037464142,8,0.7755102040816326,0.0385389020920975,
636.0,133.88224911689758,5,0.6,0.44588306782927045,
1041.5,124.81118190288544,8,0.7674418604651163,0.8401602820905317,Circle
311.5,91.01219236850739,5,0.9285714285714286,0.47257284527820775,
744.5,118.04163014888763,4,0.8529411764705882,0.6714352986357481,Square
199.0,221.0538227558136,8,1.0,0.05117606402288331,
1287.0,138.56854164600372,7,0.7659574468085106,0.8422851004688757,Circle
1460.5,166.5269112586975,4,0.8163265306122449,0.6618240907586853,Square
366.0,90.0832599401474,4,0.78125,0.5667646584496624,Rectangle
184.5,207.63960921764374,8,1.0294117647058822,0.05377566984713775,
229.0,269.2792193889618,6,0.38095238095238093,0.03968621373868458,
504.0,137.53910410404205,5,0.673469387755102,0.3348019803782108,
749.5,119.69848430156708,4,0.8823529411764706,0.6573614000840016,Square
1250.5,138.46803641319275,8,0.7,0.8195859275556747,Circle
651.5,113.01219260692596,5,1.03125,0.6410231029919976,
978.5,135.35533845424652,5,0.8947368421052632,0.6711504963767789,
238.5,88.66904699802399,6,0.4722222222222222,0.38120111817885266,
633.5,126.4680370092392,4,0.6122448979591837,0.4977312720180173,Rectangle
681.5,110.04163014888763,4,1.103448275862069,0.7072316589229191,Square
453.0,88.42640614509583,8,0.5882352941176471,0.7280213518720788,
118.0,217.8233746290207,14,0.6511627906976745,0.031252366392592726,
335.5,98.32590126991272,4,0.7222222222222222,0.4360803491207003,Rectangle
899.0,127.94112491607666,4,0.972972972972973,0.690159111510229,Square
479.5,112.32590079307556,4,0.8888888888888888,0.4775717791153127,Square
2598.5,198.7523069381714,8,0.6575342465753424,0.826624415575321,Circle
1204.0,147.11269783973694,5,0.717391304347826,0.6990947345788552,
766.0,118.62741661071777,4,1.0,0.6840195085902826,Square
128.0,206.3086552619934,8,0.5652173913043478,0.03779070005277354,
644.5,101.8406195640564,8,0.6052631578947368,0.7808915443042432,
370.0,81.31370830535889,4,1.0454545454545454,0.7032084052975374,Square
881.5,127.69848430156708,4,1.0625,0.6792985626577008,Square
396.0,99.59798014163971,3,0.9666666666666667,0.501653663297089,Triangle
156.0,203.13708293437958,7,0.5416666666666666,0.047506828573034184,
181.0,141.19595801830292,11,0.4897959183673469,0.1140890358495124,
503.5,92.38477599620819,5,1.0833333333333333,0.7413247822164335,
1321.5,139.63960886001587,8,0.7708333333333334,0.8516473201536715,Circle
1185.5,142.5269113779068,4,0.717391304347826,0.733360770392805,Rectangle
254.0,150.50966584682465,10,0.9347826086956522,0.1409012342922862,
378.0,95.5979790687561,3,1.1481481481481481,0.5197616602341952,Triangle
124.5,129.49747371673584,7,4.083333333333333,0.09329462496102124,
102.5,92.32590079307556,8,0.9545454545454546,0.1511077093707376,
143.0,102.56854176521301,10,0.7407407407407407,0.17081167020000262,
146.5,179.09545290470123,11,0.7941176470588235,0.057395569508689355,
172.0,208.16652059555054,12,0.8,0.04987886292672956,
230.5,74.52691173553467,6,1.0909090909090908,0.5215002768821707,
996.5,133.35533845424652,5,0.9459459459459459,0.7041518994482112,
186.5,211.17871272563934,6,0.7045454545454546,0.05255190015014573,
731.5,117.69848430156708,4,0.8787878787878788,0.6635634466088586,Square
129.5,143.7817441225052,8,0.9285714285714286,0.07871765310789185,
198.0,225.53910386562347,8,1.0588235294117647,0.04891379434381288,
224.5,262.6934322118759,14,0.8085106382978723,0.04088159012695516,
1477.5,169.01219260692596,4,0.7959183673469388,0.649981927972571,Rectangle
362.5,90.6690468788147,3,0.78125,0.5541148307550748,Triangle
184.0,207.39696860313416,8,1.0606060606060606,0.053755496624147504,
232.0,270.45079159736633,6,0.38095238095238093,0.03985853526275937,
501.5,136.46803617477417,7,0.6875,0.3383910885732013,
751.5,120.87005722522736,5,0.9117647058823529,0.6464000680699437,
1247.0,138.2253955602646,8,0.68,0.8201638716483709,Circle
655.5,110.52691125869751,4,1.032258064516129,0.6742896490324057,Square
975.5,133.69848430156708,4,0.918918918918919,0.6857789812542913,Square
687.0,109.79898953437805,4,1.1071428571428572,0.7160938012229001,Square
638.5,127.29646277427673,4,0.6122448979591837,0.49515149395359853,Rectangle
452.0,87.59797894954681,8,0.5882352941176471,0.740218825881914,
111.0,214.65180122852325,13,0.6744186046511628,0.030273579094949724,
122.5,161.9238796234131,7,0.75,0.05871163180761422,
907.0,131.5979790687561,4,1.0,0.6581406430751274,Square
488.0,111.740114569664,4,0.9166666666666666,0.49114696125229457,Square
282.5,384.5756812095642,13,0.6666666666666666,0.024002953301239725,
1202.0,146.28427076339722,4,0.7333333333333333,0.7058608090335489,Rectangle
773.5,119.21320307254791,4,1.032258064516129,0.6839454554214202,Square
127.0,203.13708245754242,7,0.5869565217391305,0.0386754311352589,
641.5,101.01219260692596,8,0.6052631578947368,0.7900579151856414,
371.0,81.79898953437805,4,1.0909090909090908,0.6967675171373431,Square
876.5,126.87005722522736,4,1.0625,0.6842952304054908,Square
394.5,101.01219236850739,3,1.0,0.4858579096056725,Triangle
156.5,203.37972331047058,7,0.5208333333333334,0.047545443365277,
170.0,151.68123924732208,11,0.4897959183673469,0.09285280949500818,
508.5,96.04163014888763,4,1.125,0.6927583601494758,Square
1324.5,140.46803557872772,8,0.7916666666666666,0.8435421899320795,Circle
1197.0,146.42640614509583,4,0.7391304347826086,0.7015606274806724,Rectangle
253.0,150.50966668128967,11,0.9555555555555556,0.14034650346718336,
374.0,96.42640602588654,3,1.1481481481481481,0.5054631573842293,Triangle
128.0,126.08326017856598,9,4.454545454545454,0.1011823993529103,
135.5,110.81118166446686,9,0.7407407407407407,0.1386698312337248,
229.0,76.76955199241638,5,1.1363636363636365,0.48827819897366287,
998.0,131.94112479686737,6,0.9459459459459459,0.7204105116618029,
220.0,293.53910398483276,8,0.7959183673469388,0.03208489455723791,
157.0,149.48022890090942,6,0.6818181818181818,0.08829619892825935,
720.0,118.76955199241638,4,0.8787878787878788,0.6414046791998453,Square
120.0,128.71067678928375,8,0.9285714285714286,0.09102526714768008,
176.0,218.2253955602646,8,1.0588235294117647,0.046442111102119425,
1269.0,141.0538228750229,9,0.7659574468085106,0.8014967471181262,Circle
1468.5,166.5269113779068,4,0.7959183673469388,0.6654492816759089,Rectangle
133.5,155.09545278549194,8,0.84375,0.06974177552940977,
181.0,207.0538227558136,8,1.0606060606060606,0.053054464164711365,
124.5,165.98275518417358,5,0.375,0.056787568923921186,
103.5,101.78174531459808,4,0.9411764705882353,0.12554818144649024,Square
181.5,174.06601464748383,6,0.723404255319149,0.0752763445523599,
749.5,119.21320307254791,4,0.9393939393939394,0.6627241355376269,Square
649.0,114.08326017856598,4,1.096774193548387,0.6266293228193373,Square
971.0,133.4558436870575,4,0.9444444444444444,0.6850998991366812,Square
680.5,111.69848430156708,4,1.1071428571428572,0.6853989481672891,Square
632.0,127.53910422325134,3,0.6122448979591837,0.4882477128517709,Triangle
117.5,157.09545266628265,6,0.7222222222222222,0.05983020661687483,
896.0,128.76955199241638,4,1.0277777777777777,0.6790339746615289,Square
491.0,114.56854104995728,5,0.9444444444444444,0.4700678953067268,
266.0,341.0193330049515,12,0.6575342465753424,0.028743092954583625,
1199.5,144.87005722522736,4,0.7333333333333333,0.7182123239225028,Rectangle
768.5,121.69848430156708,5,1.032258064516129,0.6520537504469869,
123.0,202.30865561962128,7,0.5869565217391305,0.037764700710719516,
644.0,102.42640602588654,8,0.6052631578947368,0.771386195815561,
389.5,81.55634891986847,4,1.0909090909090908,0.7358711481836983,Square
880.0,129.11269783973694,4,1.0625,0.6633681626306684,Square
407.0,103.2548336982727,3,1.0333333333333334,0.4797152117373638,Triangle
134.5,148.4091603755951,6,0.5416666666666666,0.07673804525154032,
164.5,147.43859815597534,10,0.46,0.09509405793466628,
504.0,92.97056245803833,5,1.0833333333333333,0.7327392973542768,
201.5,266.69343197345734,13,0.7916666666666666,0.0356008423683748,
1205.0,146.42640614509583,4,0.7608695652173914,0.7062494203126234,Rectangle
253.5,150.75230717658997,8,0.9777777777777777,0.1401715554778324,
377.5,97.8406195640564,5,1.1851851851851851,0.4955510853688457,
123.0,123.74011433124542,10,4.2727272727272725,0.10094712381729873,
162.5,58.72792184352875,5,1.2857142857142858,0.592071236605498,
178.0,68.76955235004425,5,0.9090909090909091,0.4729742221491733,
264.0,76.76955187320709,6,0.7037037037037037,0.562905873054065,
669.0,111.4558436870575,5,1.1379310344827587,0.6767531632360396,
222.5,74.18376564979553,3,1.0434782608695652,0.5080683362208996,Triangle
998.0,131.94112491607666,5,0.9459459459459459,0.7204105103600159,
219.5,289.78174448013306,8,0.7551020408163265,0.03284750168023558,
152.0,150.65180134773254,6,0.7045454545454546,0.08415981926303413,
314.0,92.08326017856598,6,0.9642857142857143,0.46534830695866486,
732.0,117.4558436870575,4,0.8235294117647058,0.6667633003003455,Square
178.0,218.56854152679443,8,1.0294117647058822,0.046822495623766044,
1275.5,137.982754945755,8,0.7659574468085106,0.841861605870241,Circle
1463.0,168.7695518732071,4,0.8163265306122449,0.6454550390685169,Square
114.5,147.982754945755,5,0.41818181818181815,0.065704200386421,
375.5,93.49747383594513,5,0.84375,0.5397840547093165,
168.5,209.63960921764374,8,1.0606060606060606,0.048179588487727416,
100.5,102.46803653240204,6,0.9705882352941176,0.12028157241309098,
170.5,173.23758780956268,8,0.723404255319149,0.07139207281184874,
746.5,118.04163014888763,4,0.9090909090909091,0.6732390200558577,Square
634.5,110.18376541137695,4,1.064516129032258,0.6567593596997191,Square
961.5,132.87005722522736,4,0.8918918918918919,0.6843919750356634,Square
666.0,107.79898953437805,4,1.1481481481481481,0.7202026470698536,Square
145.5,157.37972378730774,8,0.6122448979591837,0.07382021399619851,
109.5,118.61017203330994,6,0.7222222222222222,0.09780929117372186,
882.5,126.5269113779068,4,1.0,0.692721655744614,Square
500.0,113.740114569664,4,0.9166666666666666,0.48568260092359244,Square
272.5,370.91882824897766,13,0.6527777777777778,0.024889639841832838,
1195.5,145.69848430156708,4,0.7555555555555555,0.7077002952650494,Rectangle
772.5,120.87005722522736,5,1.064516129032258,0.6644631438243932,
125.0,176.8528118133545,14,0.631578947368421,0.05022222377193126,
380.5,84.04163014888763,5,1.1363636363636365,0.6769796118890161,
873.5,126.87005722522736,4,1.0625,0.6819530904269209,Square
158.5,170.95331799983978,7,1.0,0.06815285629220402,
146.0,148.6518017053604,7,0.5416666666666666,0.08302757719821359,
182.5,143.43859910964966,10,0.48,0.11146554985477457,
512.0,95.4558435678482,5,1.125,0.7061139395279434,
200.0,257.2792179584503,13,0.7916666666666666,0.03796911248390651,
218.5,266.61017167568207,9,0.7391304347826086,0.03862850285116422,
250.5,151.09545278549194,10,0.9347826086956522,0.13788429576285222,
374.0,97.25483322143555,4,1.1481481481481481,0.49688865310020836,Square
110.0,111.25483310222626,10,3.8181818181818183,0.11167726669820892,
156.5,55.55634891986847,4,1.1428571428571428,0.6371721898933957,Square
176.5,66.52691113948822,7,0.8181818181818182,0.5011409070527405,
263.5,74.1837660074234,4,0.6428571428571429,0.6016899114760368,Rectangle
667.5,108.38477599620819,4,1.0344827586206897,0.7140433277485055,Square
216.0,73.59797883033752,3,1.0434782608695652,0.5011085809314458,Triangle
1000.5,130.5269112586975,6,0.9459459459459459,0.7379498260341117,
236.0,287.0538227558136,8,0.7346938775510204,0.035991106387864034,
150.5,151.23758816719055,6,0.7209302325581395,0.08268502805997306,
111.5,177.9238796234131,11,0.7045454545454546,0.044260493488695984,
312.5,90.18376553058624,5,0.9285714285714286,0.48283990517890996,
728.5,118.04163014888763,5,0.8529411764705882,0.6570055272748724,
175.5,219.9827550649643,8,1.0294117647058822,0.045573219595869574,
1275.0,137.39696884155273,8,0.782608695652174,0.8487225580196475,Circle
1462.5,166.5269113779068,4,0.7959183673469388,0.6627303877773353,Rectangle
375.0,92.91168689727783,3,0.9032258064516129,0.5458840957929553,Triangle
176.5,205.9827550649643,8,1.0303030303030303,0.052274856400404655,
114.5,102.95331859588623,6,0.9714285714285714,0.1357483783635269,
508.5,142.12489008903503,6,0.7291666666666666,0.3163446816908034,
752.0,119.4558436870575,4,0.9117647058823529,0.6622361812159804,Square
638.0,109.11269772052765,4,1.032258064516129,0.6734106117164553,Square
957.5,131.2132030725479,4,0.8918918918918919,0.6988654523256883,Square
139.5,153.72286975383759,5,0.6458333333333334,0.07418346329951325,
669.0,109.79898953437805,4,1.1071428571428572,0.6973315182214268,Square
121.0,122.02438569068909,6,0.7297297297297297,0.10211792333279511,
878.0,128.76955199241638,4,1.0,0.6653926671348463,Square
489.5,113.49747359752655,4,0.9166666666666666,0.4775184665995093,Square
2564.5,198.75230646133423,8,0.6575342465753424,0.8158084756262207,Circle
1205.0,145.4558436870575,4,0.7333333333333333,0.7157058441833217,Rectangle
766.0,119.4558436870575,4,1.0,0.6745650462918097,Square
120.5,176.26702570915222,12,0.6052631578947368,0.04873654723910168,
381.0,81.79898953437805,5,1.0434782608695652,0.715548312747514,
881.0,126.62741661071777,4,1.0625,0.6904468920261808,Square
399.0,101.25483465194702,3,1.0333333333333334,0.48904770152602084,Triangle
138.0,146.6518018245697,6,0.5531914893617021,0.08063324611531604,
187.0,143.53910338878632,11,0.48,0.11405412902141587,
506.0,93.79898953437805,5,1.0833333333333333,0.7227099951191425,
195.0,230.79393661022186,12,0.7916666666666666,0.046004009618497335,
1183.5,146.18376553058624,4,0.7391304347826086,0.6959528810281109,Rectangle
237.5,149.58073437213898,9,0.9772727272727273,0.1333896570078204,
377.5,98.66904675960541,5,1.1851851851851851,0.48726470561970836,
127.0,140.22539567947388,11,4.083333333333333,0.0811634009331448,
159.0,53.31370830535889,4,1.0714285714285714,0.7029577208922936,Square
174.5,67.35533845424652,5,0.8636363636363636,0.48334947341217294,
261.5,74.1837660074234,4,0.6428571428571429,0.5971230051270725,Rectangle
663.5,107.21320307254791,4,1.0344827586206897,0.7253610795540851,Square
213.0,72.76955199241638,5,1.0,0.5054638082513331,
990.0,130.28427076339722,5,0.918918918918919,0.7329276158747796,
237.5,288.46803629398346,8,0.7346938775510204,0.0358655984380179,
149.5,166.5512957572937,7,0.6530612244897959,0.06772593742970452,
115.5,181.09545242786407,11,0.6818181818181818,0.044256468804159885,
302.0,88.42640614509583,4,0.9285714285714286,0.48534756791471917,Square
167.0,212.42640614509583,8,0.8235294117647058,0.04650603688513219,
184.0,221.39696860313416,8,1.0294117647058822,0.04717200617308313,
1274.5,138.81118202209473,8,0.8043478260869565,0.8311909367189239,Circle
1458.5,167.35533845424652,4,0.78,0.6543907571901644,Rectangle
369.0,93.25483310222626,5,0.8709677419354839,0.5332041634000954,
175.0,205.7401144504547,8,1.0303030303030303,0.05195291958634902,
112.0,105.53910410404205,6,0.9714285714285714,0.12635751614091956,
495.0,141.05382239818573,6,0.6875,0.3126405772307834,
741.0,119.4558436870575,4,0.8823529411764706,0.6525492157992573,Square
636.0,110.42640602588654,4,1.064516129032258,0.6554221348748747,Square
955.5,132.87005722522736,5,0.918918918918919,0.6801211982803708,
158.0,202.79393696784973,7,0.6666666666666666,0.048278861253603325,
673.5,107.55634891986847,4,1.1071428571428572,0.7316028040940336,Square
114.5,131.43859815597534,8,0.7297297297297297,0.08328552230074635,
869.0,127.94112491607666,4,0.972972972972973,0.6671282179114449,Square
486.0,113.74011397361755,4,0.9444444444444444,0.4720834930455674,Square
2566.0,197.3380936384201,8,0.6438356164383562,0.8280273066950778,Circle
1205.5,145.69848430156708,4,0.7333333333333333,0.7136199966056187,Rectangle
761.0,118.62741661071777,4,0.96875,0.6795546292913904,Square
104.5,164.12489008903503,13,0.5789473684210527,0.0487502961095564,
377.0,81.79898953437805,4,1.0,0.7080359945034456,Square
876.5,126.87005722522736,4,1.0625,0.6842952304054908,Square
397.5,102.66904628276825,3,1.0333333333333334,0.47387952172629255,Triangle
131.0,137.8233745098114,6,0.627906976744186,0.08666333576092058,
189.5,147.78174471855164,10,0.48,0.10903790515747026,
501.5,92.72792184352875,4,1.0833333333333333,0.7329253580194128,Square
187.0,230.7939374446869,14,0.7916666666666666,0.044116665315129824,
1188.0,142.28427076339722,4,0.717391304347826,0.7374159380354711,Rectangle
235.5,148.26702511310577,8,1.0,0.13462063286839587,
125.5,166.95331740379333,8,1.1851851851851851,0.05658007044101341,
157.0,53.31370830535889,4,1.0,0.6941154854093716,Square
176.0,65.94112479686737,5,0.8636363636363636,0.5086392029937856,
259.5,75.01219272613525,6,0.6428571428571429,0.5795401177207675,
117.0,179.68123984336853,13,0.7941176470588235,0.04553970934684868,
664.5,106.38477599620819,4,1.0344827586206897,0.737812285273899,Square
125.5,211.23758840560913,13,0.7948717948717948,0.03534363295595339,
214.5,73.35533845424652,6,1.0,0.5009261571550241,
987.0,130.28427076339722,5,0.9459459459459459,0.7307066230994015,
236.0,289.0538227558136,8,0.7551020408163265,0.03549477539269162,
159.5,225.37972283363342,8,0.62,0.03945852714676756,
117.0,176.85281217098236,11,0.6590909090909091,0.04700800126041056,
163.0,211.5979790687561,8,0.8484848484848485,0.045748244907617856,
302.0,88.42640614509583,4,0.9285714285714286,0.48534756791471917,Square
181.0,218.56854152679443,8,1.0294117647058822,0.04761163880843625,
1267.5,136.81118214130402,8,0.8043478260869565,0.8509707665668953,Circle
1453.5,167.35533845424652,4,0.76,0.6521473881219774,Rectangle
368.5,93.49747383594513,3,0.9032258064516129,0.5297215024244557,Triangle
177.0,207.39696860313416,8,1.0606060606060606,0.05171045055692451,
110.5,108.95331716537476,5,0.9722222222222222,0.11697450811533713,
487.0,137.05382239818573,6,0.6666666666666666,0.32580408134530814,
740.5,118.04163014888763,5,0.8823529411764706,0.6678278557955292,
129.5,239.37972378730774,13,0.7,0.028399121737014924,
628.5,110.18376529216766,4,1.064516129032258,0.6505488707083423,Square
966.0,131.4558436870575,5,0.8918918918918919,0.7024690537331424,
163.5,217.03657722473145,7,0.6875,0.04361759920227569,
669.0,106.97056245803833,4,1.0714285714285714,0.7346955731976322,Square
102.5,129.43859791755676,9,0.7567567567567568,0.07687871743588276,
874.5,128.18376553058624,4,0.972972972972973,0.6688113386353893,Square
482.0,113.74011433124542,4,0.8918918918918919,0.46819802925318826,Square
2586.5,198.7523069381714,8,0.6575342465753424,0.8228070236234626,Circle
1200.0,144.62741661071777,4,0.7333333333333333,0.7209246123631513,Rectangle
760.5,115.55634891986847,4,0.967741935483871,0.7156842490831838,Square
102.5,160.12489008903503,13,0.6216216216216216,0.0502361143249701,
372.0,81.79898953437805,4,1.0434782608695652,0.69864559669836,Square
875.0,125.79898953437805,4,1.0625,0.6948060823823964,Square
396.0,101.25483429431915,3,0.967741935483871,0.48537065456722517,Triangle
136.5,136.75230658054352,6,0.6046511627906976,0.09172193219382656,
179.0,149.5391036272049,11,0.4897959183673469,0.1005896620121352,
507.0,95.4558436870575,6,1.08,0.699218293840814,
170.5,225.72286939620972,13,0.8085106382978723,0.042051657888820954,
1185.0,143.11269783973694,4,0.717391304347826,0.727062720032057,Rectangle
237.0,143.19595801830292,11,1.0,0.1452434951761932,
387.5,97.8406195640564,3,1.1851851851851851,0.5086782664382191,Triangle
107.5,116.81118214130402,10,4.4,0.09900325881080127,
155.0,53.31370830535889,4,1.0714285714285714,0.6852732499264497,Square
177.0,66.76955235004425,4,0.8260869565217391,0.4989145863922926,Square
256.0,74.76955199241638,5,0.6428571428571429,0.5754402983673306,
119.5,180.26702558994293,13,0.7941176470588235,0.04621098050280279,
663.5,108.04163014888763,4,1.0344827586206897,0.7142800735764221,Square
213.0,72.7695517539978,4,1.0,0.5054638115634866,Square
987.5,129.69848430156708,5,0.9459459459459459,0.7376955551509797,
232.5,288.9533175230026,8,0.7551020408163265,0.03499269981337767,
177.5,230.6934313774109,8,0.64,0.04191193999707389,
124.0,174.85281205177307,10,0.6590909090909091,0.05096667559728257,
164.5,211.8406196832657,8,0.8484848484848485,0.04606353781062069,
301.0,88.42640602588654,3,0.9285714285714286,0.48374045806696275,Triangle
181.0,220.56854152679443,8,1.0,0.04675211859255104,
1273.5,137.982754945755,9,0.7659574468085106,0.8405415563118399,Circle
1452.5,169.8406195640564,4,0.78,0.632765619386071,Rectangle
367.5,92.66904640197754,3,0.8709677419354839,0.5377715458570597,Triangle
176.5,206.81118214130402,8,1.0,0.05185689862459511,
487.5,136.4680359363556,7,0.6666666666666666,0.32894447907447105,
740.5,118.87005722522736,4,0.8823529411764706,0.6585518639685138,Square
634.0,110.76955187320709,5,1.0,0.6493193188810207,
967.0,132.28427076339722,5,0.8918918918918919,0.694416326443796,
159.0,214.1076464653015,7,0.6666666666666666,0.043585560283449995,
669.0,106.97056245803833,5,1.0714285714285714,0.7346955731976322,
107.0,128.8528116941452,9,0.7297297297297297,0.08098523416437961,
871.0,127.11269783973694,4,1.0,0.677407727389189,Square
484.0,113.74011433124542,4,0.8918918918918919,0.4701407596650272,Square
2582.0,198.16652059555054,8,0.6575342465753424,0.8262387015150974,Circle
1194.0,145.4558436870575,4,0.717391304347826,0.7091724298380798,Rectangle
762.0,114.48528122901917,4,0.967741935483871,0.7305762078509757,Square
375.5,84.04163014888763,4,1.0434782608695652,0.668083690576414,Square
873.0,125.79898953437805,4,1.03125,0.6932179541940938,Square
397.5,101.84062051773071,3,0.967741935483871,0.48162045468959985,Triangle
132.5,139.09545242786407,6,0.6046511627906976,0.08605971022182615,
188.0,147.19595849514008,10,0.49019607843137253,0.10903751405898449,
517.0,94.62741661071777,5,1.08,0.7255484850694236,
169.0,236.7939372062683,13,0.7916666666666666,0.037875241556496075,
1186.0,143.11269783973694,4,0.717391304347826,0.7276762750700587,Rectangle
233.0,142.36753070354462,8,1.0,0.14445875914909748,
386.5,97.84061968326569,3,1.1071428571428572,0.5073655470949304,Triangle
156.0,54.14213538169861,5,1.0714285714285714,0.668749855868533,
177.5,67.35533833503723,7,0.8260869565217391,0.4916592082197634,
256.0,74.76955211162567,5,0.6428571428571429,0.575440296532417,
118.5,179.43859827518463,13,0.7941176470588235,0.04624837505937175,
661.5,106.38477599620819,4,1.0344827586206897,0.7344813043020078,Square
213.0,72.7695517539978,4,1.0,0.5054638115634866,Square
983.5,129.69848430156708,5,0.9459459459459459,0.7347074212566972,
232.5,288.1248904466629,8,0.7346938775510204,0.03519421364246764,
176.5,231.52185881137848,8,0.64,0.041378102640035205,
137.0,188.99494779109955,11,0.6590909090909091,0.04819811367430529,
727.0,115.4558436870575,4,0.8484848484848485,0.6853500305380488,Square
302.0,88.42640602588654,3,0.9285714285714286,0.48534756922333144,Triangle
178.0,219.39696860313416,8,1.0,0.046469566491419076,
1268.0,137.39696836471558,8,0.782608695652174,0.8440629106185844,Circle
1440.5,168.18376541137695,4,0.78,0.6399631738371097,Rectangle
360.5,92.66904652118683,4,0.8709677419354839,0.5275282769597025,Square
167.5,205.9827550649643,8,1.0,0.049609282986219715,
484.0,137.05382215976715,7,0.6666666666666666,0.3237970758105971,
738.5,118.04163014888763,5,0.8823529411764706,0.6660241343754196,
1242.5,138.46803605556488,8,0.7,0.8143426791268543,Circle
628.5,110.18376541137695,5,1.0,0.6505488693006674,
968.5,133.69848430156708,5,0.8918918918918919,0.6808579634492886,
669.5,107.21320307254791,5,1.1071428571428572,0.731920486452841,
109.0,168.1665197610855,7,0.7777777777777778,0.04843477527154526,
870.0,127.94112491607666,4,1.0,0.6678959143647377,Square
482.5,113.15432786941528,4,0.8918918918918919,0.4735489119961798,Square
2570.0,198.16652023792267,8,0.6575342465753424,0.8223987105182227,Circle
1199.5,147.35533833503723,4,0.7391304347826086,0.6941900243195885,Rectangle
765.0,115.31370830535889,4,1.0,0.7229519309197708,Square
375.0,81.79898953437805,4,1.0434782608695652,0.7042798353814114,Square
872.5,124.38477599620819,4,1.03125,0.7086647696149042,Square
397.5,99.84062004089355,4,0.9354838709677419,0.5011092945819485,Square
125.5,141.5807341337204,7,0.6136363636363636,0.07867654317195522,
190.0,148.02438461780548,9,0.49019607843137253,0.10896748727621056,
511.0,93.79898953437805,4,1.125,0.7298513982329679,Square
172.0,235.96550965309143,13,0.7916666666666666,0.038818723906987554,
1180.5,142.5269113779068,4,0.717391304347826,0.7302677262325654,Rectangle
232.0,145.1959571838379,9,1.0238095238095237,0.13828937082453333,
390.5,97.01219260692596,3,1.1071428571428572,0.5214086858487487,Triangle
153.0,53.31370830535889,5,1.0714285714285714,0.6764310144435278,
180.0,66.76955223083496,6,0.8260869565217391,0.5073707676343737,
258.0,74.7695517539978,4,0.6428571428571429,0.5799359293968228,Rectangle
653.5,98.18376541137695,8,0.7878787878787878,0.8518754229825766,Circle
148.5,205.5807342529297,13,0.8205128205128205,0.04415414626618571,
661.5,108.04163014888763,4,1.0,0.7121270062860635,Square
212.0,72.76955199241638,4,1.0,0.5030907387290263,Square
984.5,129.69848430156708,5,0.9459459459459459,0.7354544547302679,
232.0,288.71067690849304,8,0.7346938775510204,0.03497616257696526,
620.5,136.95331704616547,5,0.64,0.4157253800058773,
1030.5,123.98275530338287,8,0.7272727272727273,0.8424328490701508,Circle
729.0,116.62741661071777,4,0.8484848484848485,0.6734976439602567,Square
303.0,88.4264063835144,4,0.9285714285714286,0.48695467644086393,Square
177.5,219.9827550649643,8,1.0,0.04609257252573703,
1267.0,139.0538226366043,8,0.7659574468085106,0.8234184889504017,Circle
1439.5,167.35533845424652,4,0.7755102040816326,0.6458659547310536,Rectangle
361.5,91.49747407436371,3,0.8709677419354839,0.5426251962235168,Triangle
167.0,208.22539567947388,8,1.0,0.048401513613015146,
492.5,135.63960921764374,6,0.6666666666666666,0.3363899707232879,
738.5,118.04163014888763,5,0.8823529411764706,0.6660241343754196,
1242.5,138.4680359363556,8,0.7,0.8143426805290149,Circle
630.5,110.18376541137695,5,1.0,0.6526190327670179,
960.5,132.04163014888763,5,0.8918918918918919,0.6922858875496839,
671.0,106.97056245803833,5,1.0714285714285714,0.7368919725195981,
110.5,161.92387926578522,8,0.7297297297297297,0.05296028851754104,
874.0,127.94112491607666,4,1.0,0.6709667001779089,Square
477.5,113.15432786941528,4,0.8918918918918919,0.46864166938482044,Square
2568.0,197.33809280395508,8,0.6438356164383562,0.828672697418611,Circle
1192.5,146.5269113779068,4,0.717391304347826,0.6979647043952774,Rectangle
764.0,117.79898953437805,4,1.0,0.6918629787119176,Square
102.5,163.78174436092377,12,0.6052631578947368,0.048017853789120164,
372.0,81.79898953437805,5,1.0434782608695652,0.69864559669836,
870.0,124.62741661071777,5,1.0,0.7038853581032343,
396.5,99.84062004089355,3,0.9354838709677419,0.49984864226853487,Triangle
120.5,138.75230646133423,6,0.6046511627906976,0.07865321670225434,
192.0,154.50966620445251,7,0.49019607843137253,0.10106476817318133,
514.5,92.38477599620819,5,1.0833333333333333,0.7575205570016982,
179.5,266.6934313774109,12,0.7916666666666666,0.03171390190415635,
1182.5,142.5269113779068,4,0.717391304347826,0.7315049438966613,Rectangle
238.0,160.1665199995041,7,0.9772727272727273,0.11658517847662728,
384.0,96.42640614509583,3,1.1071428571428572,0.5189782137851028,Triangle
156.5,55.55634891986847,4,1.0714285714285714,0.6371721898933957,Square
175.5,68.18376505374908,6,0.8260869565217391,0.4743785321218769,
264.5,76.18376564979553,7,0.6428571428571429,0.5726782242362847,
117.0,150.7106775045395,6,0.5405405405405406,0.06473030918433258,
660.5,99.8406195640564,8,0.7941176470588235,0.8326608609633026,Circle
661.0,106.97056245803833,4,1.0344827586206897,0.7259099759097682,Square
917.5,117.49747383594513,8,0.8205128205128205,0.8351392168425633,Circle
214.0,72.76955199241638,7,1.0,0.5078368777736398,
977.5,128.87005722522736,5,0.918918918918919,0.7396437424132695,
243.0,288.71067690849304,8,0.7551020408163265,0.03663451511294206,
625.0,133.53910398483276,5,0.62,0.4404260167168232,
1029.0,123.39696896076202,9,0.7272727272727273,0.8492122583333531,Circle
726.0,115.4558436870575,5,0.8787878787878788,0.6844073207298809,
307.5,89.01219284534454,5,0.9285714285714286,0.48770362521434,
183.5,217.9827550649643,8,1.0,0.048529035287633825,
1267.0,138.2253955602646,8,0.7659574468085106,0.833318063655562,Circle
1449.5,166.5269113779068,4,0.7959183673469388,0.6568394509970922,Rectangle
362.5,90.6690468788147,4,0.8387096774193549,0.5541148307550748,Square
173.5,208.81118214130402,8,1.0,0.050003665240733866,
505.0,137.05382227897644,6,0.6875,0.33784612190061303,
738.5,117.21320307254791,4,0.9090909090909091,0.6754719136462164,Square
1236.5,138.46803617477417,8,0.7,0.8104102382346752,Circle
629.0,108.76955187320709,4,1.032258064516129,0.6681067060358236,Square
952.5,134.5269113779068,5,0.918918918918919,0.6613882967370983,
160.0,219.2792180776596,7,0.6122448979591837,0.0418152693773011,
679.0,107.79898953437805,4,1.0714285714285714,0.7342606566973433,Square
336.5,100.32590055465698,4,0.7027027027027027,0.4201155909937782,Rectangle
875.5,126.5269113779068,4,1.0,0.6872269797217105,Square
482.5,111.15432834625244,4,0.8648648648648649,0.49074335101874295,Square
2563.0,198.16652071475983,8,0.6575342465753424,0.8201587100834247,Circle
1190.5,145.69848430156708,4,0.7333333333333333,0.7047404445947648,Rectangle
781.0,117.79898953437805,4,1.0,0.7072578355680729,Square
642.0,101.5979790687561,8,0.6052631578947368,0.7815823681867208,
373.0,81.79898953437805,4,1.0434782608695652,0.7005236762593772,Square
877.5,127.69848430156708,4,1.0303030303030303,0.6762160961226686,Square
387.5,98.66904771327972,3,1.0,0.5001723702720433,Triangle
131.5,152.40916121006012,8,0.5531914893617021,0.07113993613789667,
212.5,148.26702558994293,10,0.5098039215686274,0.12147296942900478,
511.0,94.62741661071777,5,1.125,0.7171281931730665,
187.5,266.6934322118759,13,0.7916666666666666,0.03312733465079582,
1182.5,142.5269113779068,4,0.7391304347826086,0.7315049438966613,Rectangle
233.0,148.85281133651733,8,0.9772727272727273,0.13214529419740845,
374.5,96.66904675960541,3,1.1071428571428572,0.5036012667659594,Triangle
159.0,55.79898953437805,6,1.1428571428571428,0.6417329215781182,
100.5,90.81118202209473,9,0.9090909090909091,0.15314304164629305,
280.0,79.59797894954681,7,0.6785714285714286,0.5553462117560284,
117.5,162.2670259475708,6,0.5405405405405406,0.05607731067217088,
663.0,100.42640602588654,8,0.7941176470588235,0.8260903534907132,Circle
664.5,108.87005722522736,4,1.0344827586206897,0.7045112733034338,Square
925.5,118.32590079307556,8,0.8205128205128205,0.8306664087074456,Circle
218.0,72.76955223083496,4,1.0,0.5173291524729631,Square
981.0,129.94112491607666,5,0.9459459459459459,0.7301055117154457,
250.5,286.46803629398346,8,0.7708333333333334,0.03835882117417878,
628.0,131.88224935531616,5,0.6,0.45372929067474554,
1024.0,123.39696848392487,8,0.7272727272727273,0.8450858690515178,Circle
728.5,116.04163014888763,4,0.8484848484848485,0.6798479273777902,Square
305.5,91.84061932563782,5,0.9642857142857143,0.4551467763925016,
187.0,220.22539567947388,8,1.0294117647058822,0.048452553821731255,
1269.0,137.3969682455063,8,0.7659574468085106,0.844728576840411,Circle
1463.0,169.25483322143555,4,0.7959183673469388,0.6417590943367185,Rectangle
362.5,91.49747383594513,3,0.8125,0.5441262369464211,Triangle
115.0,176.22539567947388,5,0.4444444444444444,0.0465340353741331,
182.5,208.81118214130402,8,1.0294117647058822,0.052597515310858385,
509.0,140.36753153800964,7,0.6875,0.32463423783156725,
748.5,119.69848430156708,4,0.9393939393939394,0.6564843335061711,Square
1237.5,137.63960886001587,8,0.68,0.8208583343993534,Circle
632.5,109.35533845424652,4,1.064516129032258,0.6646460311278216,Square
949.0,133.11269783973694,5,0.8918918918918919,0.6730341567719836,
675.0,108.97056245803833,4,1.1071428571428572,0.7143240162696551,Square
623.0,127.5391036272049,3,0.6122448979591837,0.48129482270533547,Triangle
123.0,162.50966620445251,7,0.7027027027027027,0.05852704251573066,
877.0,127.5979790687561,4,1.0,0.6768958717868686,Square
478.0,110.91168689727783,5,0.8611111111111112,0.48829596917998747,
2571.5,198.7523068189621,8,0.6575342465753424,0.8180352846649355,Circle
1187.5,144.04163014888763,4,0.7333333333333333,0.7192293918594188,Rectangle
787.0,121.94112491607666,4,1.0,0.6650957951733626,Square
635.5,101.01219260692596,8,0.6052631578947368,0.7826684413101717,
376.5,83.21320307254791,4,1.0,0.683266873994514,Square
873.0,126.62741661071777,4,1.0625,0.684177226718338,Square
392.5,101.01219189167023,3,0.9666666666666667,0.483394756199372,Triangle
139.5,153.5807342529297,8,0.5416666666666666,0.0743208370779549,
214.0,144.02438521385193,7,0.49019607843137253,0.12964374777746976,
504.0,94.62741661071777,5,1.125,0.7073045192939835,
1313.5,140.4680358171463,8,0.7916666666666666,0.8365365516908722,Circle
1192.0,144.76955199241638,5,0.7391304347826086,0.7147129621031437,
204.0,130.36753034591675,7,1.0256410256410255,0.15083466205711882,
376.0,97.25483322143555,3,1.1071428571428572,0.49954581167293677,Triangle
154.0,55.79898953437805,6,1.1428571428571428,0.6215526410253472,
137.0,102.22539532184601,9,0.7407407407407407,0.16474522422419194,
365.0,92.91168701648712,4,0.5405405405405406,0.5313271852083833,Rectangle
662.0,99.25483298301697,8,0.7941176470588235,0.8444316985812952,Circle
164.0,195.74011433124542,9,1.0344827586206897,0.0537890701564688,
924.5,116.66904664039612,8,0.7948717948717948,0.8535038439848094,Circle
119.0,112.56854128837585,9,1.0909090909090908,0.11801107016497214,
975.5,130.5269113779068,5,0.918918918918919,0.7195102988319558,
246.0,286.71067667007446,8,0.7708333333333334,0.03760600848478697,
617.5,132.9533177614212,5,0.6,0.43898377341591704,
1032.0,123.74011409282684,8,0.7441860465116279,0.8469709933406823,Circle
727.0,117.11269783973694,4,0.8484848484848485,0.666095199359256,Square
125.5,123.29646360874176,7,0.9642857142857143,0.1037414584359978,
194.0,218.22539567947388,8,1.0588235294117647,0.051191872408907345,
1265.0,137.39696848392487,8,0.7659574468085106,0.8420659148893613,Circle
1441.5,167.35533833503723,4,0.7959183673469388,0.6467633032797235,Rectangle
359.0,90.91168689727783,4,0.8125,0.5458393988341607,Square
122.0,175.8822499513626,5,0.4444444444444444,0.04955935772582493,
179.5,206.81118214130402,8,1.0,0.05273831899781769,
103.5,109.43859839439392,3,0.9473684210526315,0.10859483485815041,Triangle
186.0,211.13708353042603,8,0.7083333333333334,0.05243167978340359,
166.5,211.49747383594513,10,0.9393939393939394,0.04677499319227054,
1237.5,139.2964630126953,8,0.7,0.8014471586220752,Circle
639.5,108.5269113779068,4,1.032258064516129,0.6823002431933431,Square
943.5,132.04163014888763,4,0.9166666666666666,0.6800330399824328,Square
662.5,106.38477599620819,4,1.1071428571428572,0.7355916312926383,Square
630.0,125.53910338878632,3,0.6122448979591837,0.5023337621870794,Triangle
100.5,137.29646289348602,8,0.5142857142857142,0.06699728876191254,
334.0,99.74011445045471,4,0.7027027027027027,0.42190687896140494,Rectangle
867.0,127.94112491607666,4,1.0,0.6655928250048593,Square
469.0,111.39696907997131,5,0.8648648648648649,0.4749369485042748,
2575.5,198.75230705738068,8,0.6575342465753424,0.8193077466847701,Circle
1194.0,146.28427076339722,4,0.7333333333333333,0.7011629001547898,Rectangle
762.0,118.62741661071777,4,0.96875,0.6804476051511689,Square
628.5,101.01219272613525,8,0.5789473684210527,0.7740473866284767,
380.0,81.79898953437805,5,1.0434782608695652,0.7136702331864969,
873.0,127.4558436870575,4,1.0625,0.6753122122541649,Square
390.5,100.66904711723328,3,0.9666666666666667,0.48421583367295773,Triangle
144.5,149.23758816719055,7,0.5416666666666666,0.08153071811268299,
216.0,139.19595873355865,8,0.5098039215686274,0.14009104082252882,
510.0,94.62741649150848,5,1.04,0.7157248129936454,
1318.5,140.4680368900299,8,0.7916666666666666,0.8397209185805629,Circle
1196.5,145.35533845424652,4,0.7391304347826086,0.7116403974721613,Rectangle
208.5,142.2670258283615,8,1.048780487804878,0.129451598762247,
378.0,97.5979790687561,4,1.1851851851851851,0.4986777759970779,Square
156.5,54.38477599620819,6,1.0714285714285714,0.6649201861075855,
170.5,68.18376529216766,7,0.8636363636363636,0.4608634710036586,
130.0,100.22539508342743,8,0.7407407407407407,0.1626288767990266,
365.0,92.91168761253357,5,0.5405405405405406,0.5313271783912499,
660.0,99.25483298301697,9,0.7941176470588235,0.8418805454133758,Circle
655.0,106.62741661071777,4,1.0344827586206897,0.7239580301642331,Square
921.5,116.6690468788147,8,0.7948717948717948,0.8507342228420642,Circle
204.5,73.01219248771667,5,1.0909090909090908,0.48207254270857647,
977.5,127.69848430156708,5,0.9459459459459459,0.7532777594984714,
242.5,289.2964633703232,8,0.7708333333333334,0.036411230674887045,
615.0,134.36753177642822,6,0.6,0.42805177335063893,
1027.0,122.56854116916656,8,0.7441860465116279,0.8590575784449341,Circle
722.0,118.28427076339722,4,0.8235294117647058,0.6484747465781029,Square
124.5,121.29646265506744,6,0.9642857142857143,0.10633664254157983,
186.5,217.982754945755,8,1.0294117647058822,0.049322425564266324,
1261.0,137.39696848392487,8,0.7659574468085106,0.8394032558699484,Circle
1429.0,168.7695518732071,4,0.7959183673469388,0.630454716902878,Rectangle
360.5,90.32590043544769,3,0.8125,0.5552525143189618,Triangle
187.0,205.39696860313416,8,1.0294117647058822,0.05570105374875463,
133.0,179.88225030899048,4,0.42424242424242425,0.05165173107078945,Rectangle
105.5,115.09545314311981,4,0.9230769230769231,0.10007969874802601,Square
178.5,166.89444184303284,7,0.7083333333333334,0.08053123097281031,
156.5,206.32590091228485,10,0.9393939393939394,0.046197311883250713,
1235.0,137.88224983215332,8,0.7142857142857143,0.8163193652199711,Circle
641.0,110.42640602588654,4,1.064516129032258,0.660574824614457,Square
208.0,241.0538227558136,8,0.8918918918918919,0.044982662001266285,
234.5,86.18376517295837,5,0.5142857142857142,0.39673615870105106,
664.5,107.55634891986847,4,1.0714285714285714,0.7218263746406611,Square
628.5,128.12488996982574,4,0.6122448979591837,0.48111415563082016,Rectangle
465.5,118.66904675960541,9,0.5365853658536586,0.4153886652740192,
264.0,87.59797930717468,4,0.5142857142857142,0.4323401956575189,Rectangle
331.0,99.74011385440826,4,0.7027027027027027,0.41811730121357665,Rectangle
867.5,127.35533845424652,4,1.0,0.6721172453728872,Square
469.5,113.154327750206,5,0.8378378378378378,0.46079008217754,
2566.5,198.7523068189621,8,0.6575342465753424,0.8164447046830865,Circle
1190.0,145.4558436870575,4,0.717391304347826,0.7067966428034463,Rectangle
760.5,117.55634891986847,4,1.032258064516129,0.6915393604260609,Square
633.0,101.59797894954681,8,0.5789473684210527,0.7706256078242953,
375.0,83.4558436870575,4,1.0,0.6765931987474542,Square
878.0,128.28427076339722,5,1.0303030303030303,0.6704363613728329,
391.0,99.25483357906342,3,0.9666666666666667,0.49875043833802163,Triangle
140.0,150.65180146694183,7,0.5416666666666666,0.07751562288275146,
206.0,137.19595777988434,7,0.52,0.1375290530253645,
496.5,93.55634891986847,4,1.125,0.7128244489300547,Square
1316.5,140.4680358171463,8,0.7916666666666666,0.8384471795211521,Circle
1187.0,143.94112491607666,4,0.7333333333333333,0.7199308733147273,Rectangle
377.0,97.25483310222626,3,1.1071428571428572,0.500874392187186,Triangle
231.0,160.99494695663452,8,0.8958333333333334,0.11199466970180519,
155.0,54.97056245803833,5,1.0,0.6445864929784881,
169.0,66.76955199241638,5,0.8636363636363636,0.47636477968091595,
130.5,115.63960897922516,9,0.7037037037037037,0.12263294185303553,
370.5,93.154327750206,4,0.5405405405405406,0.5365275213608458,Rectangle
660.0,99.25483274459839,8,0.7941176470588235,0.8418805494579137,Circle
653.0,106.62741661071777,4,1.0344827586206897,0.7217474712935027,Square
923.5,116.66904675960541,8,0.7948717948717948,0.8525806363539497,Circle
206.5,72.18376541137695,3,1.0,0.4980246673946244,Triangle
973.5,126.04163014888763,5,0.9444444444444444,0.7700479995520516,
241.0,285.88224971294403,8,0.7708333333333334,0.03705548692572602,
611.0,132.7106772661209,6,0.6,0.4359526713653775,
1027.0,122.56854116916656,8,0.7441860465116279,0.8590575784449341,Circle
724.0,116.62741661071777,4,0.8787878787878788,0.6688783185558653,Square
123.5,121.29646289348602,5,1.0,0.10548253254826272,
183.5,218.81118214130402,8,1.0294117647058822,0.04816226552878367,
1256.0,136.56854164600372,8,0.782608695652174,0.8462489831113476,Circle
101.5,157.29646337032318,13,0.6129032258064516,0.05155110632802429,
1439.0,165.94112491607666,4,0.7755102040816326,0.6566933194966458,Rectangle
359.5,90.32590138912201,3,0.8125,0.5537122737380676,Triangle
184.5,203.9827550649643,8,1.0303030303030303,0.055721054676409476,
133.5,182.4680368900299,5,0.417910447761194,0.05038688732388615,
102.0,110.85281145572662,5,0.9473684210526315,0.10430775815796473,
177.0,166.65180099010468,7,0.6875,0.08008719952241478,
156.5,215.15432798862457,8,0.9411764705882353,0.04248386621883898,
1229.5,138.46803617477417,8,0.7142857142857143,0.8058223921629868,Circle
639.5,111.01219248771667,4,1.064516129032258,0.6520922710615734,Square
943.0,134.76955199241638,5,0.8918918918918919,0.6524361066179283,
233.0,88.42640578746796,5,0.5,0.3744569014531442,
628.0,125.8822500705719,3,0.625,0.4980128096555363,Triangle
661.0,107.79898953437805,4,1.1071428571428572,0.7147957202900499,Square
460.0,117.25483298301697,8,0.5365853658536586,0.4204420944619378,
261.5,88.18376517295837,5,0.5142857142857142,0.42257546827572856,
332.0,99.74011433124542,5,0.7027027027027027,0.4193804914671165,
873.5,126.5269113779068,4,1.0,0.6856570722865952,Square
469.0,112.56854140758514,4,0.8648648648648649,0.46510245201804506,Square
2562.0,197.3380937576294,8,0.6438356164383562,0.8267365382656912,Circle
1196.5,145.69848430156708,4,0.717391304347826,0.7082922653991064,Rectangle
766.0,119.4558436870575,4,1.0,0.6745650462918097,Square
115.5,206.40916073322296,8,0.5777777777777777,0.03406700170621358,
632.5,100.18376564979553,8,0.5789473684210527,0.7919097508946633,
370.0,80.14213538169861,4,1.0454545454545454,0.7239186546379756,Square
869.0,122.97056245803833,4,1.0,0.7221498436050752,Square
389.0,100.91168808937073,4,0.9354838709677419,0.48003900046552256,Square
142.5,150.06601583957672,8,0.5416666666666666,0.07951700672959379,
192.5,147.09545278549194,11,0.5098039215686274,0.11180007708673527,
505.0,92.97056245803833,5,1.0833333333333333,0.7341931451664876,
199.5,266.69343078136444,12,0.7708333333333334,0.03524748444657329,
1185.5,141.69848430156708,4,0.717391304347826,0.7419608887806303,Rectangle
377.0,97.25483310222626,3,1.1071428571428572,0.500874392187186,Triangle
212.0,131.19595766067505,9,1.135135135135135,0.15477642705897401,
105.5,124.87005722522736,2,9.833333333333334,0.0850248162750781,
157.0,53.31370830535889,4,1.0714285714285714,0.6941154854093716,Square
172.0,65.94112491607666,5,0.8636363636363636,0.49707921931030974,
250.0,75.5979791879654,4,0.6785714285714286,0.5497047625809973,Rectangle
373.5,91.497474193573,4,0.5405405405405406,0.5606376494090649,Rectangle
661.5,98.66904640197754,8,0.7941176470588235,0.8538426625271203,Circle
656.0,105.79898953437805,4,1.0344827586206897,0.7364625437888911,Square
922.0,116.08326005935669,8,0.7948717948717948,0.8598082196414207,Circle
204.0,72.7695517539978,5,1.0,0.48410618572277586,
975.0,127.4558436870575,5,0.918918918918919,0.7542146700433114,
238.0,285.88224971294403,8,0.7708333333333334,0.03659421530424395,
622.0,131.88225054740906,5,0.6,0.4493942893275255,
1028.0,122.56854140758514,8,0.7441860465116279,0.859894047912134,Circle
728.0,117.4558436870575,4,0.8787878787878788,0.6631197849981578,Square
293.0,93.25483298301697,7,0.9642857142857143,0.42338433679037407,
177.0,217.39696860313416,8,1.0,0.047062626669878295,
1258.0,136.568541765213,8,0.782608695652174,0.8475965118595152,Circle
1442.0,166.28427076339722,4,0.7755102040816326,0.6553492157341164,Rectangle
358.0,89.74011445045471,4,0.8125,0.5586240801086698,Square
185.5,205.9827550649643,8,1.0,0.054940429814589596,
137.5,180.4680371284485,5,0.42424242424242425,0.05305324745194155,
106.5,110.26702761650085,3,0.9473684210526315,0.11006978957502012,Triangle
173.0,217.96550953388214,8,0.6875,0.04575940965991375,
744.0,119.4558436870575,4,0.9411764705882353,0.6551911154583635,Square
1227.0,137.88224971294403,8,0.7,0.8110314679002905,Circle
633.5,110.18376553058624,4,1.064516129032258,0.65572427654767,Square
947.0,131.4558436870575,5,0.8918918918918919,0.6886523746224492,
233.5,88.18376564979553,5,0.5,0.3773283777257697,
629.5,126.95331740379333,3,0.625,0.4908146200822973,Triangle
664.0,108.62741661071777,4,1.1071428571428572,0.7071296391297772,Square
445.5,87.01219236850739,9,0.6060606060606061,0.739430481916442,
109.0,221.8233746290207,11,0.6511627906976745,0.027836956192560595,
261.5,89.01219296455383,4,0.5428571428571428,0.41474633382747833,Rectangle
330.5,98.32590091228485,4,0.7222222222222222,0.42958139026170505,Rectangle
870.5,126.5269113779068,4,1.0,0.6833022111339224,Square
468.5,111.98275470733643,4,0.8648648648648649,0.4694800756677354,Square
2559.5,197.58073461055756,8,0.6575342465753424,0.82390247271424,Circle
1187.5,144.87005722522736,4,0.717391304347826,0.7110272068845119,Rectangle
773.0,119.4558436870575,4,1.0,0.6807294788297245,Square
117.5,205.58073353767395,8,0.5777777777777777,0.034936782642274365,
636.0,100.42640614509583,8,0.6052631578947368,0.7924486630056964,
372.5,83.21320307254791,4,1.0434782608695652,0.6760077305789016,Square
866.5,123.55634891986847,4,1.0,0.7132607044493133,Square
392.5,100.66904747486115,3,0.9354838709677419,0.48669580887655084,Triangle
142.0,150.65180134773254,8,0.5416666666666666,0.07862298904836083,
210.5,145.4385986328125,11,0.5,0.12505544375890273,
504.5,92.38477599620819,5,1.0833333333333333,0.7427971253787303,
1320.5,140.4680358171463,8,0.7916666666666666,0.8409946832948585,Circle
1187.0,142.28427076339722,4,0.717391304347826,0.7367952175489092,Rectangle
375.5,97.01219248771667,4,1.1071428571428572,0.5013801844235055,Square
232.5,154.26702499389648,8,0.9130434782608695,0.12276840472870097,
109.5,132.04163014888763,3,10.5,0.07892275344788172,Triangle
156.0,52.485281229019165,5,1.0714285714285714,0.7116384501488733,
171.5,68.18376564979553,5,0.8260869565217391,0.4635664777009304,
252.5,75.01219320297241,7,0.6428571428571429,0.5639070437921571,
370.0,93.25483310222626,4,0.5405405405405406,0.534649161132887,Rectangle
657.5,98.66904675960541,8,0.7941176470588235,0.848679586609161,Circle
655.5,107.21320307254791,4,1.0,0.7166152036890773,Square
923.0,116.08326017856598,8,0.7948717948717948,0.860740764749548,Circle
209.0,71.94112515449524,5,0.9565217391304348,0.5074598635905708,
975.5,128.87005722522736,5,0.9459459459459459,0.7381304048328842,
234.5,288.46803629398346,8,0.7708333333333334,0.03541255929985346,
627.5,131.2964632511139,5,0.6,0.4574225166501712,
1031.5,123.15432798862457,8,0.7441860465116279,0.8546331585021267,Circle
721.5,115.21320307254791,4,0.8484848484848485,0.683033017834867,Square
295.0,94.08326017856598,7,0.9642857142857143,0.41880047310937973,
182.5,217.9827550649643,8,1.0,0.04826457188007179,
1251.5,135.982754945755,9,0.782608695652174,0.8504975108743852,Circle
102.0,155.53910338878632,12,0.6129032258064516,0.05298230562865662,
1433.0,165.11269783973694,4,0.7755102040816326,0.6605338936973804,Rectangle
354.5,89.49747347831726,4,0.78125,0.5561661501108018,Rectangle
179.0,206.22539567947388,8,1.0,0.05289061341476302,
234.0,296.73506343364716,6,0.43373493975903615,0.033395502810962804,
490.5,140.12489020824432,6,0.6875,0.3139195080407548,
742.5,118.87005722522736,5,0.9117647058823529,0.6603305320683613,
1233.5,138.46803617477417,8,0.7,0.8084440184896658,Circle
632.0,108.76955199241638,4,1.1,0.6712932230351343,Square
952.5,132.04163014888763,5,0.8918918918918919,0.6865198416356834,
231.5,87.01219272613525,5,0.5,0.3842382831796663,
668.5,108.87005722522736,4,1.1481481481481481,0.7087521237070662,Square
632.0,127.05382215976715,3,0.625,0.4919845598920683,Triangle
451.5,87.01219248771667,8,0.5882352941176471,0.7493891395521814,
108.5,219.2375876903534,13,0.6511627906976745,0.028366749437735435,
262.0,90.42640614509583,5,0.5428571428571428,0.4026434268860472,
331.5,98.32590138912201,4,0.7222222222222222,0.4308811784887766,Rectangle
875.5,128.18376553058624,4,0.972972972972973,0.6695761314754526,Square
475.5,111.9827550649643,4,0.8648648648648649,0.47649471623083234,Square
2557.0,197.33809340000153,8,0.6666666666666666,0.825123081970133,Circle
1192.0,144.62741661071777,4,0.7333333333333333,0.7161184482807303,Rectangle
770.0,118.62741661071777,4,1.0,0.6875914120293964,Square
635.5,101.01219248771667,8,0.6052631578947368,0.7826684431575001,
371.5,82.38477599620819,4,1.0434782608695652,0.6878199238426412,Square
869.5,125.21320307254791,4,1.0,0.69691401716065,Square
391.5,100.66904807090759,3,0.9354838709677419,0.48545581380594904,Triangle
137.5,150.40916085243225,8,0.5531914893617021,0.07637724441916374,
206.0,142.85281252861023,10,0.5,0.12685263525498716,
505.0,92.97056245803833,5,1.0833333333333333,0.7341931451664876,
1323.5,140.468035697937,8,0.7916666666666666,0.8429053125558146,Circle
1184.0,142.28427076339722,4,0.717391304347826,0.7349330560892237,Rectangle
376.5,97.8406195640564,4,1.1071428571428572,0.49423836726190834,Square
232.5,134.95331728458405,9,0.9523809523809523,0.16042265233416106,
111.0,124.97056245803833,3,10.0,0.08931355863712317,Triangle
164.5,52.72792184352875,5,1.1428571428571428,0.7435230840057622,
172.0,68.42640602588654,5,0.8695652173913043,0.46162662645252894,
264.0,74.76955246925354,5,0.6428571428571429,0.5934228001222916,
370.0,93.25483345985413,5,0.5405405405405406,0.5346491570321785,
657.0,99.25483298301697,8,0.7941176470588235,0.838053815661497,Circle
660.0,109.11269783973694,4,1.0333333333333334,0.6966316657706978,Square
915.5,116.32590043544769,8,0.8205128205128205,0.8501887751940254,Circle
210.0,71.59797894954681,4,1.0,0.514787072367669,Square
984.5,130.5269113779068,5,0.918918918918919,0.7261485281394777,
232.5,285.63960909843445,8,0.7708333333333334,0.03580931068673544,
626.0,131.8822499513626,5,0.6,0.45228428884551386,
1031.5,123.15432810783386,8,0.7441860465116279,0.8546331568476139,Circle
728.0,116.62741661071777,4,0.8484848484848485,0.6725737788793784,Square
303.5,91.84061980247498,4,0.9285714285714286,0.4521670874000234,Square
185.0,218.22539567947388,8,1.0294117647058822,0.048816991730143595,
1252.0,135.74011385440826,8,0.7608695652173914,0.8538818348461813,Circle
102.0,158.36753070354462,13,0.59375,0.051106688975696646,
1453.5,164.5269112586975,4,0.7959183673469388,0.6747626124409412,Rectangle
357.0,89.2548326253891,5,0.8064516129032258,0.5631376968405203,
172.5,204.81118214130402,8,1.0,0.0516763266644842,
239.0,298.7350627183914,6,0.4457831325301205,0.03365389744548806,
498.5,136.46803629398346,6,0.6875,0.3363668142752383,
735.5,118.04163014888763,4,0.9090909090909091,0.6633185522452556,Square
1236.0,138.71067667007446,9,0.7,0.8072509301046915,Circle
631.0,109.5979790687561,4,1.064516129032258,0.6601370850751662,Square
968.5,131.69848430156708,5,0.868421052631579,0.7016942787926143,
234.0,87.59797894954681,5,0.5,0.38321063109815906,
665.0,108.62741661071777,4,1.0714285714285714,0.708194593405575,Square
629.5,125.29646408557892,3,0.6122448979591837,0.5038809831316854,Triangle
450.0,87.59797894954681,9,0.6060606060606061,0.7369435213426135,
107.0,217.82337427139282,13,0.6511627906976745,0.028339010296508118,
265.0,90.91168808937073,5,0.5428571428571428,0.40291765152543424,
333.5,98.32590103149414,4,0.7222222222222222,0.43348076642932437,Rectangle
873.0,128.76955199241638,4,0.972972972972973,0.6616034150441013,Square
477.0,109.74011480808258,3,0.8888888888888888,0.49773413112167103,Triangle
2565.0,197.33809328079224,8,0.6666666666666666,0.8277046178374726,Circle
1186.5,144.87005722522736,4,0.7333333333333333,0.7104284471313461,Rectangle
768.0,119.4558436870575,4,0.96875,0.676326312731214,Square
118.0,202.65180146694183,8,0.5652173913043478,0.036106960747826614,
639.5,101.01219260692596,8,0.6052631578947368,0.7875947572271514,
367.5,81.55634891986847,4,1.0,0.6943071808921928,Square
876.5,126.87005722522736,4,1.0303030303030303,0.6842952304054908,Square
400.5,100.66904711723328,3,0.9354838709677419,0.49661572698084394,Triangle
155.0,198.6518017053604,7,0.5416666666666666,0.04935788543028736,
209.5,147.4385986328125,10,0.5,0.12110762923070006,
504.0,92.97056245803833,5,1.0833333333333333,0.7327392973542768,
1317.5,140.46803617477417,9,0.7916666666666666,0.8390840511920074,Circle
1186.0,142.28427076339722,4,0.717391304347826,0.7361744970623474,Rectangle
378.5,97.01219248771667,3,1.1071428571428572,0.5053858849648385,Triangle
241.5,137.29646348953247,8,0.9523809523809523,0.16099348353749696,
111.0,125.79898953437805,3,10.0,0.08814111445079544,Triangle
159.0,54.97056245803833,6,1.0,0.6612209831198684,
173.5,68.18376576900482,6,0.8260869565217391,0.4689724991246392,
262.5,75.35533821582794,5,0.6428571428571429,0.5809130394122878,
373.0,91.25483536720276,5,0.5405405405405406,0.5628684730548231,
658.0,98.42640614509583,8,0.7647058823529411,0.8535176408846876,Circle
667.0,105.79898953437805,4,1.0344827586206897,0.7488117632731561,Square
924.0,117.74011445045471,9,0.8,0.8375927855440779,Circle
212.0,72.7695517539978,4,1.0,0.5030907420256299,Square
991.0,129.11269772052765,5,0.918918918918919,0.747043011796521,
241.0,286.71067690849304,8,0.7551020408163265,0.036841658657563545,
618.5,132.46803617477417,5,0.6,0.4429221220965804,
1031.5,123.9827550649643,8,0.7272727272727273,0.8432503514390235,Circle
724.0,115.4558436870575,5,0.8235294117647058,0.682521901113545,
304.0,89.25483310222626,3,0.9285714285714286,0.47953461627545607,Triangle
184.5,217.9827550649643,8,1.0294117647058822,0.048793498695195864,
1255.0,135.74011385440826,9,0.7608695652173914,0.8559278775814357,Circle
450.0,84.76955187320709,9,0.59375,0.7869417797788588,
1453.5,167.35533845424652,4,0.7959183673469388,0.6521473881219774,Rectangle
353.5,88.66904699802399,4,0.8064516129032258,0.5650087852252595,Square
176.0,207.0538227558136,8,1.0,0.05158887123198452,
243.0,298.7350627183914,6,0.43373493975903615,0.03421714259101924,
496.0,135.8822500705719,6,0.6875,0.33757173904913973,
735.5,118.04163014888763,4,0.9090909090909091,0.6633185522452556,Square
1234.0,138.71067678928375,8,0.7,0.8059446974409318,Circle
632.5,110.18376553058624,4,1.064516129032258,0.6546891948167345,Square
965.5,132.04163014888763,4,0.868421052631579,0.6958896662459343,Square
236.5,87.01219248771667,5,0.5,0.392537168336857,
672.0,106.97056245803833,4,1.1071428571428572,0.7379901721805813,Square
629.5,124.46803569793701,3,0.5918367346938775,0.510610718377711,Triangle
454.0,88.7695517539978,9,0.6060606060606061,0.7239984944541503,
861.5,116.32590079307556,8,0.6511627906976745,0.8000410981169818,Circle
264.5,89.84062016010284,5,0.5428571428571428,0.41180352336103293,
334.5,99.154327750206,4,0.7027027027027027,0.4275457928698723,Rectangle
871.0,128.76955199241638,4,0.972972972972973,0.6600877142078032,Square
482.0,109.74011409282684,4,0.8888888888888888,0.5029514765785148,Square
2561.0,196.5096663236618,8,0.6527777777777778,0.8333963730428687,Circle
1186.5,144.04163014888763,4,0.7333333333333333,0.7186237250031162,Rectangle
768.5,117.55634891986847,4,1.032258064516129,0.6988139362096356,Square
124.5,202.40916073322296,8,0.5652173913043478,0.03818729421067294,
638.0,99.5979790687561,8,0.6216216216216216,0.8082198082800498,Circle
374.0,81.79898953437805,4,1.0,0.7024017558203943,Square
879.5,126.04163014888763,4,1.0303030303030303,0.695693082286625,Square
402.5,100.18376505374908,3,0.9354838709677419,0.5039425747475935,Triangle
159.5,201.23758816719055,7,0.5416666666666666,0.04949397607871101,
187.0,133.5391035079956,8,0.5416666666666666,0.13177546514275273,
505.5,93.55634891986847,5,1.0833333333333333,0.7257457380345269,
1316.0,139.88224947452545,8,0.7916666666666666,0.8451631205402083,Circle
1189.0,143.11269783973694,4,0.717391304347826,0.7295169401840639,Rectangle
381.5,97.01219248771667,3,1.1071428571428572,0.5093915855061715,Triangle
231.5,143.2964632511139,10,0.8888888888888888,0.14167392183281405,
110.5,126.87005722522736,3,10.0,0.08626882254398943,Triangle
158.0,54.14213538169861,5,1.0,0.6773235719694116,
174.5,67.3553386926651,6,0.8260869565217391,0.48334946999033596,
256.5,74.18376529216766,5,0.6428571428571429,0.5857057505490305,
373.0,92.0832611322403,5,0.5405405405405406,0.5527863531855792,
656.0,99.25483334064484,8,0.7428571428571429,0.8367782330474989,Circle
663.5,108.04163014888763,4,1.0344827586206897,0.7142800735764221,Square
929.5,119.15432798862457,8,0.8,0.8226964339619979,Circle
213.0,71.94112527370453,6,1.0454545454545454,0.5171720123759629,
985.5,128.04163014888763,5,0.918918918918919,0.755377602046332,
248.5,286.1248904466629,8,0.7346938775510204,0.0381438897362486,
620.0,131.88224971294403,5,0.6,0.44794929728130906,
1034.5,123.98275470733643,8,0.7272727272727273,0.8457028537045159,Circle
711.0,117.94112491607666,5,0.8529411764705882,0.6423162853139986,
303.5,89.84061968326569,3,0.9285714285714286,0.472523140517141,Triangle
184.5,217.15432798862457,8,0.9714285714285714,0.049166495715149146,
1258.0,137.3969690799713,9,0.7659574468085106,0.8374062543398276,Circle
453.5,84.5269113779068,8,0.59375,0.7976220570151333,
1457.5,165.69848430156708,4,0.7959183673469388,0.6670852773778541,Rectangle
354.5,88.66904699802399,4,0.8064516129032258,0.5666071127647936,Square
176.5,207.63960909843445,8,0.9705882352941176,0.051443933544271826,
250.5,294.14927649497986,6,0.43373493975903615,0.036381619312184296,
494.0,137.53910386562347,6,0.6875,0.3281590850798367,
735.5,118.87005722522736,5,0.9090909090909091,0.6541051937188953,
1239.0,138.71067690849304,8,0.7,0.8092102742406491,Circle
632.5,110.18376541137695,4,1.064516129032258,0.6546891962333685,Square
957.5,131.2132030725479,5,0.8918918918918919,0.6988654523256883,
236.0,89.25483310222626,5,0.5277777777777778,0.3722702942138409,
666.0,108.62741661071777,4,1.1071428571428572,0.7092595476813729,Square
632.0,127.5391036272049,4,0.6122448979591837,0.48824771741536444,Rectangle
452.5,88.18376529216766,9,0.6060606060606061,0.7312252347142886,
112.5,220.40916121006012,13,0.6511627906976745,0.029100677689010136,
263.5,89.84062004089355,4,0.5428571428571428,0.41024661131794354,Rectangle
337.5,100.32590067386627,4,0.7027027027027027,0.4213640761469448,Rectangle
869.5,128.18376553058624,4,0.972972972972973,0.6649873744350725,Square
483.0,111.74011385440826,5,0.8888888888888888,0.48611472402014466,
2565.0,197.33809351921082,8,0.6666666666666666,0.8277046158374517,Circle
1189.0,145.4558436870575,4,0.7333333333333333,0.706202696044788,Rectangle
772.0,117.79898953437805,4,0.96875,0.6991076172324612,Square
125.0,201.82337391376495,8,0.5652173913043478,0.038563545247434376,
641.0,101.5979790687561,9,0.6052631578947368,0.7803649501677384,
375.0,81.79898953437805,4,1.0,0.7042798353814114,Square
881.0,128.28427076339722,4,1.0625,0.6727271462066808,Square
397.0,99.59797966480255,3,0.9354838709677419,0.5029204702927151,Triangle
161.0,205.4802280664444,7,0.5416666666666666,0.04791766664469073,
191.5,138.6101713180542,8,0.5777777777777777,0.1252530879784337,
503.5,92.72792184352875,4,1.0833333333333333,0.7358482906535879,Square
1316.0,139.05382239818573,8,0.7708333333333334,0.8552634058205413,Circle
1198.0,145.5979790687561,4,0.717391304347826,0.7101596424904928,Rectangle
381.0,97.5979790687561,3,1.1071428571428572,0.5026355361240388,Triangle
240.5,153.09545266628265,11,0.8666666666666667,0.12894376956632483,
110.5,126.04163014888763,2,10.0,0.08740657827478346,
156.5,51.899494767189026,5,1.0714285714285714,0.7301262213502713,
170.5,67.35533821582794,7,0.8636363636363636,0.472269832665895,
255.5,74.18376564979553,5,0.6428571428571429,0.5834222917053477,
370.0,92.4264063835144,5,0.5555555555555556,0.5442763364013875,
661.0,99.25483310222626,8,0.7941176470588235,0.8431561199720026,Circle
661.0,107.79898953437805,4,1.0344827586206897,0.7147957202900499,Square
930.0,117.74011445045471,8,0.8205128205128205,0.8430316997359225,Circle
209.0,71.94112467765808,5,1.0454545454545454,0.5074598703176194,
985.5,129.69848430156708,5,0.918918918918919,0.7362014882038385,
241.0,285.0538226366043,8,0.7346938775510204,0.03727118216206053,
628.5,131.2964631319046,5,0.6,0.4581514776680159,
1033.0,124.56854140758514,8,0.7272727272727273,0.8365529345766852,Circle
718.0,116.28427076339722,4,0.8235294117647058,0.6672558051935487,Square
305.0,90.42640614509583,5,0.9285714285714286,0.46872612671849,
181.5,217.9827550649643,8,0.9714285714285714,0.04800010847250975,
1256.0,137.39696860313416,9,0.7659574468085106,0.83607493064488,Circle
103.5,160.46803617477417,13,0.59375,0.0505095080259768,
1455.5,165.69848430156708,4,0.78,0.6661698944929444,Rectangle
354.0,88.91168749332428,4,0.78125,0.5627239766827257,Rectangle
177.0,206.22539567947388,8,0.9705882352941176,0.052299656840296395,
247.0,296.24978172779083,6,0.43373493975903615,0.03536639060605135,
505.0,138.3675308227539,6,0.6875,0.33146132351430635,
738.0,115.79898953437805,4,0.9090909090909091,0.6916027100064962,Square
1233.0,137.88224983215332,8,0.7142857142857143,0.8149973905394529,Circle
635.0,107.94112491607666,5,1.0,0.6848724710039563,
951.5,132.04163014888763,5,0.918918918918919,0.6857990858964333,
232.0,87.25483310222626,4,0.5,0.3829295352093625,Rectangle
662.5,108.38477599620819,4,1.1071428571428572,0.7086946885893408,Square
626.5,126.12489008903503,4,0.6122448979591837,0.49491354256571785,Rectangle
454.5,88.18376517295837,10,0.6060606060606061,0.7344571714390771,
865.0,117.74011421203613,8,0.6363636363636364,0.7841101324998495,
265.0,87.94112479686737,5,0.5142857142857142,0.4305977000246613,
335.0,99.74011504650116,4,0.7027027027027027,0.42317006815206776,Rectangle
871.5,128.18376553058624,4,0.972972972972973,0.6665169601151992,Square
475.5,113.49747359752655,5,0.8888888888888888,0.463861145797889,
2565.0,198.16652047634125,8,0.6438356164383562,0.8207987110518995,Circle
1191.0,145.4558436870575,4,0.7333333333333333,0.7073905895621048,Rectangle
772.0,117.79898953437805,4,0.96875,0.6991076172324612,Square
537.5,118.81118190288544,4,0.5869565217391305,0.47849091937086025,Rectangle
643.0,102.42640590667725,9,0.5897435897435898,0.7701883929564457,
380.5,81.55634891986847,4,1.0,0.7188677070189915,Square
885.0,126.62741661071777,4,1.0625,0.6935817246801022,Square
393.0,99.59797835350037,4,0.9354838709677419,0.49785327463344703,Square
156.0,204.65180134773254,7,0.5416666666666666,0.04680619299966147,
201.0,155.68123924732208,11,0.4807692307692308,0.10421575075311411,
505.5,92.72792184352875,4,1.0833333333333333,0.7387712232877631,Square
1322.0,139.8822500705719,8,0.7916666666666666,0.8490164406020867,Circle
1204.0,144.76955199241638,4,0.7391304347826086,0.7219080590370679,Rectangle
382.5,98.66904675960541,3,1.1071428571428572,0.49371854278023436,Triangle
241.0,150.85281217098236,9,0.8297872340425532,0.13308223484371365,
189.5,219.63960921764374,2,10.0,0.04936256898081775,
156.5,52.72792184352875,5,1.0714285714285714,0.7073639066680959,
175.0,66.76955211162567,5,0.8636363636363636,0.49327713696146364,
256.5,75.01219260692596,7,0.6428571428571429,0.5728402337874843,
117.0,143.53910338878632,7,0.5555555555555556,0.07136007002944202,
663.5,99.01219260692596,9,0.7647058823529411,0.8504982713551661,Circle
664.0,108.62741661071777,4,1.0,0.7071296391297772,Square
933.5,118.32590103149414,8,0.8205128205128205,0.8378466660221886,Circle
210.5,70.52691149711609,4,1.0,0.5318047753607316,Square
990.5,129.69848430156708,5,0.9459459459459459,0.7399366555716915,
240.5,287.2964633703232,8,0.75,0.03661545076759682,
617.0,135.1959581375122,5,0.5686274509803921,0.424197018846334,
1035.0,124.56854128837585,8,0.7272727272727273,0.8381725933630525,Circle
719.5,116.87005722522736,6,0.8484848484848485,0.6619636606099278,
304.5,90.66904675960541,5,0.896551724137931,0.46545645905820277,
181.5,218.81118214130402,8,1.0,0.047637336204219276,
1254.0,136.56854140758514,9,0.782608695652174,0.8449014558334869,Circle
102.5,158.46803629398346,13,0.6129032258064516,0.051292087785964065,
1454.5,167.35533845424652,4,0.76,0.6525960619356148,Rectangle
360.5,90.32590055465698,3,0.8125,0.5552525128533522,Triangle
182.5,205.9827550649643,8,1.0,0.05405190534319462,
256.5,295.3208508491516,6,0.42857142857142855,0.03695804683376559,
501.5,138.1248903274536,6,0.6875,0.33032155093893495,
740.5,116.04163014888763,4,0.8823529411764706,0.6910465205535395,Square
1238.0,137.0538228750229,8,0.7142857142857143,0.8282247431187999,Circle
636.0,108.76955199241638,4,1.032258064516129,0.6755419143201667,Square
957.0,131.4558436870575,5,0.918918918918919,0.6959243109964983,
238.0,88.42640590667725,5,0.5,0.38249245624702843,
666.5,109.21320307254791,4,1.1071428571428572,0.7021982271692084,Square
626.5,126.12489080429077,4,0.6122448979591837,0.4949135369523968,Rectangle
452.5,87.35533821582794,10,0.6060606060606061,0.74516002485297,
122.0,221.8233743906021,13,0.6363636363636364,0.03115696020910784,
269.0,88.7695517539978,5,0.5142857142857142,0.42897708151578506,
334.0,99.74011480808258,4,0.7027027027027027,0.4219068759358288,Rectangle
874.0,128.76955199241638,4,0.972972972972973,0.6623612654622503,Square
478.5,112.32590115070343,4,0.8888888888888888,0.47657579739634265,Square
2572.0,198.16652083396912,8,0.6575342465753424,0.8230387045636536,Circle
1193.5,146.04163014888763,4,0.7333333333333333,0.7032001316522329,Rectangle
779.0,117.79898953437805,4,0.96875,0.7054466759379369,Square
645.0,101.59797883033752,8,0.6052631578947368,0.7852346259290666,
380.5,81.55634891986847,4,1.0,0.7188677070189915,Square
883.0,127.4558436870575,4,1.0625,0.6830477473315322,Square
399.0,100.08325970172882,3,0.967741935483871,0.5005643038202056,Triangle
157.5,204.89444303512573,7,0.5416666666666666,0.04714439448744712,
210.5,147.09545290470123,10,0.4807692307692308,0.12225411007071688,
504.5,92.72792184352875,4,1.0833333333333333,0.7373097569706756,Square
1321.0,139.8822501897812,8,0.7916666666666666,0.848374217945355,Circle
1196.0,143.94112491607666,4,0.7391304347826086,0.7253894898773494,Rectangle
383.0,96.42640614509583,3,1.1071428571428572,0.5176267080200374,Triangle
248.0,146.85281193256378,10,0.8666666666666667,0.144509703931024,
118.5,137.69848430156708,2,10.5,0.07853620193908345,
157.5,53.55634891986847,4,1.0,0.6900308338243714,Square
174.5,68.18376576900482,5,0.8260869565217391,0.4716755106469714,
250.0,76.42640614509583,6,0.6206896551724138,0.5378522588029452,
102.5,146.12489080429077,8,0.5277777777777778,0.060323333121841835,
666.0,99.5979790687561,8,0.7647058823529411,0.8436902700854438,Circle
661.5,108.87005722522736,4,1.0344827586206897,0.7013306355007095,Square
934.5,117.49747395515442,8,0.775,0.8506131842569591,Circle
210.0,71.94112467765808,4,0.9565217391304348,0.5098879079746415,Square
981.5,129.69848430156708,5,0.9459459459459459,0.733213354309556,
244.0,289.5391038656235,8,0.7346938775510204,0.03657507611089912,
622.5,132.12489008903503,5,0.6,0.4481051567018355,
1033.5,123.15432798862457,8,0.7441860465116279,0.8562902271565176,Circle
722.5,116.04163014888763,5,0.8484848484848485,0.6742486307899154,
312.0,90.91168773174286,5,0.896551724137931,0.47437852175461304,
183.5,218.81118214130402,8,1.0,0.04816226552878367,
1263.5,135.98275566101074,8,0.782608695652174,0.8586524919577867,Circle
102.0,157.88224947452545,13,0.6129032258064516,0.05142134413678174,
1454.5,165.69848430156708,4,0.7755102040816326,0.6657122030504897,Rectangle
361.0,88.91168689727783,4,0.78125,0.573851294650085,Rectangle
182.0,208.22539567947388,8,0.9714285714285714,0.05274895495550153,
254.0,293.9066356420517,6,0.42857142857142855,0.036950881026148345,
501.0,136.7106773853302,7,0.6875,0.336854783961656,
742.5,118.87005722522736,4,0.8823529411764706,0.6603305320683613,Square
1235.5,136.8111822605133,8,0.6938775510204082,0.8294866905413701,Circle
635.5,108.18376553058624,4,1.0,0.682340628806351,Square
958.0,132.28427076339722,5,0.8918918918918919,0.6879532996206377,
242.5,89.49747359752655,4,0.4864864864864865,0.380452160909955,Rectangle
673.5,108.38477599620819,4,1.1071428571428572,0.7204616947395034,Square
633.5,126.46803665161133,3,0.6122448979591837,0.49773127483299856,Triangle
574.0,312.2497800588608,14,0.746031746031746,0.07398053610586172,
268.5,89.84061968326569,5,0.5142857142857142,0.41803118032570796,
334.5,99.15432834625244,4,0.7027027027027027,0.42754578772965995,Rectangle
875.0,129.5979790687561,4,0.972972972972973,0.6546685204758693,Square
480.0,110.91168785095215,4,0.8888888888888888,0.49033904011657936,Square
2578.5,198.75230753421783,8,0.6575342465753424,0.8202620907357218,Circle
1200.0,144.62741661071777,4,0.7333333333333333,0.7209246123631513,Rectangle
778.0,118.62741661071777,4,0.96875,0.6947352189076239,Square
126.0,209.48022854328156,8,0.5869565217391305,0.03608230980301173,
643.0,101.59797894954681,8,0.6052631578947368,0.7827997880426887,
380.5,81.55634891986847,4,1.0,0.7188677070189915,Square
879.5,126.04163014888763,4,1.0625,0.695693082286625,Square
400.0,100.08326160907745,3,0.967741935483871,0.5018188318206303,Triangle
144.0,207.13708221912384,7,0.5416666666666666,0.042175151114913316,
199.5,146.61017107963562,11,0.49019607843137253,0.11663383694210926,
502.5,92.72792184352875,4,1.0833333333333333,0.7343868243365005,Square
1320.5,140.4680359363556,8,0.7916666666666666,0.840994681867425,Circle
1197.5,144.5269113779068,4,0.7391304347826086,0.7204236191991223,Rectangle
383.0,96.42640614509583,3,1.1071428571428572,0.5176267080200374,Triangle
248.0,147.19595766067505,10,0.8444444444444444,0.1438367223043965,
104.5,120.04163014888763,3,9.5,0.09113021304337789,Triangle
159.0,53.31370830535889,4,1.0,0.7029577208922936,Square
175.0,67.94112467765808,7,0.782608695652174,0.47641173351223304,
260.5,75.01219248771667,6,0.6428571428571429,0.5817734166703145,
107.5,156.26702642440796,7,0.5135135135135135,0.05532018604869487,
664.5,99.8406195640564,8,0.7941176470588235,0.8377034702651243,Circle
663.5,106.38477599620819,4,1.0344827586206897,0.7367019582832686,Square
938.0,116.91168701648712,8,0.775,0.8623763696021335,Circle
212.0,72.76955235004425,7,1.0,0.5030907337841212,
983.0,128.28427076339722,5,0.918918918918919,0.7506138305575111,
242.5,288.1248904466629,8,0.7551020408163265,0.0367079432614985,
629.5,131.29646348953247,5,0.6,0.4588804353554213,
1034.0,123.74011397361755,8,0.7441860465116279,0.8486124116295231,Circle
722.5,115.21320307254791,6,0.8484848484848485,0.6839797025442708,
312.5,89.01219248771667,4,0.9285714285714286,0.49563376944438314,Square
182.5,219.15432798862457,8,1.0,0.04774991790591843,
1266.0,136.56854116916656,8,0.782608695652174,0.852986640207276,Circle
104.0,157.88224983215332,13,0.6129032258064516,0.052429605549000134,
1455.0,166.28427076339722,4,0.7755102040816326,0.6612573570687512,Rectangle
361.5,89.49747335910797,4,0.78125,0.5671482758833761,Rectangle
181.5,207.15432798862457,8,1.0,0.05314941281387419,
248.0,292.7350639104843,6,0.42857142857142855,0.03636738329661117,
497.0,137.53910386562347,5,0.6530612244897959,0.3301519540175685,
743.5,118.04163014888763,4,0.8823529411764706,0.6705334379256934,Square
1234.5,137.63960945606232,8,0.68,0.8188683677086129,Circle
634.5,109.01219260692596,4,1.032258064516129,0.6709518283773349,Square
951.0,133.11269783973694,5,0.918918918918919,0.6744525638463188,
244.5,87.84061992168427,6,0.5,0.3981969629287047,
672.5,108.38477599620819,4,1.1071428571428572,0.7193919669076704,Square
635.5,127.29646408557892,5,0.6122448979591837,0.49282500849585037,
576.0,303.9066345691681,15,0.746031746031746,0.07837038584541821,
268.5,88.66904664039612,5,0.5142857142857142,0.4291509478266512,
337.5,101.1543276309967,4,0.7027027027027027,0.4144906190220959,Rectangle
875.0,128.76955199241638,4,0.972972972972973,0.6631191158803993,Square
481.0,110.91168749332428,4,0.8888888888888888,0.49136058295221247,Square
2582.0,198.1665210723877,8,0.6575342465753424,0.8262386975388323,Circle
1201.5,146.04163014888763,4,0.7333333333333333,0.7079136641643551,Rectangle
778.0,118.62741661071777,4,0.96875,0.6947352189076239,Square
644.0,102.42640614509583,8,0.5897435897435898,0.7713861940200006,
380.5,81.55634891986847,4,1.0,0.7188677070189915,Square
878.5,126.87005722522736,4,1.0303030303030303,0.6858566570578707,Square
399.5,100.66904807090759,3,0.9354838709677419,0.49537572826430815,Triangle
156.0,203.48022782802582,7,0.5208333333333334,0.04734673458883035,
186.5,128.1248893737793,8,0.5681818181818182,0.1427649814796954,
502.5,92.72792184352875,4,1.0833333333333333,0.7343868243365005,Square
1319.0,139.8822501897812,8,0.7916666666666666,0.8470897755260585,Circle
1193.5,143.69848430156708,4,0.7391304347826086,0.7263198488701135,Rectangle
384.0,96.42640614509583,3,1.1071428571428572,0.5189782137851028,Triangle
242.0,146.8528118133545,10,0.8636363636363636,0.14101350164550208,
105.5,120.04163014888763,3,9.5,0.09200227249833844,Triangle
160.0,54.97056245803833,4,1.0,0.6653796056552135,Square
178.0,68.76955187320709,5,0.8260869565217391,0.4729742287082297,
254.5,75.01219272613525,6,0.6428571428571429,0.5683736414641053,
115.0,157.33809447288513,6,0.5135135135135135,0.058376752586597074,
669.5,100.66904652118683,8,0.7714285714285715,0.830172866793644,Circle
664.5,106.38477599620819,4,1.0344827586206897,0.737812285273899,Square
932.5,117.49747371673584,8,0.775,0.8487927207475929,Circle
213.0,71.94112527370453,4,0.9565217391304348,0.5171720123759629,Square
977.5,128.87005722522736,4,0.918918918918919,0.7396437424132695,Square
242.0,287.0538227558136,8,0.7551020408163265,0.03690613451636906,
634.0,131.8822499513626,5,0.6,0.45806427975727765,
1036.0,123.74011421203613,8,0.7045454545454546,0.8502538250099618,Circle
723.0,116.62741661071777,4,0.8484848484848485,0.6679544534749872,Square
308.0,91.25483310222626,5,0.9285714285714286,0.4647814968009895,
184.0,218.56854152679443,8,1.0294117647058822,0.04840078199310647,
1270.5,137.98275458812714,8,0.7659574468085106,0.8385614863210564,Circle
105.0,162.3675308227539,13,0.6451612903225806,0.05004962070182135,
1455.0,165.11269783973694,4,0.7959183673469388,0.6706746792251839,Rectangle
362.0,90.91168761253357,4,0.78125,0.5504007221971917,Rectangle
175.5,206.32590091228485,8,0.9705882352941176,0.05180593121731949,
258.0,291.9066377878189,6,0.42857142857142855,0.03804885819320782,
502.0,136.71067655086517,5,0.6530612244897959,0.3375271529203506,
742.5,118.04163014888763,4,0.8823529411764706,0.6696315772156387,Square
1240.0,137.0538228750229,9,0.68,0.8295627475503325,Circle
630.0,107.94112491607666,4,1.032258064516129,0.6794797743818779,Square
948.5,132.04163014888763,5,0.8918918918918919,0.6836368186786832,
239.0,90.08326041698456,6,0.5277777777777778,0.3701004151241654,
674.5,108.38477599620819,4,1.1071428571428572,0.7215314225713363,Square
631.5,127.29646360874176,5,0.6122448979591837,0.4897230451561085,
451.5,86.52691113948822,8,0.5757575757575758,0.757818525587276,
120.0,213.82337415218353,12,0.6590909090909091,0.032982285989028755,
265.0,87.5979790687561,5,0.5294117647058824,0.4339778502761437,
334.5,101.15432786941528,4,0.7027027027027027,0.4108062560275986,Rectangle
869.5,128.18376553058624,4,0.972972972972973,0.6649873744350725,Square
482.5,111.49747395515442,4,0.8888888888888888,0.4877273670529563,Square
2584.5,198.75230622291565,8,0.6575342465753424,0.8221707975490263,Circle
1202.5,145.2132030725479,4,0.7333333333333333,0.7166097931536843,Rectangle
781.0,118.62741661071777,4,0.96875,0.6974141464869592,Square
644.5,101.01219260692596,8,0.6052631578947368,0.7937526521233762,
382.5,81.55634891986847,4,1.0,0.7226462495000374,Square
878.5,127.69848430156708,4,1.0625,0.6769867127564267,Square
399.0,101.25483453273773,4,0.9354838709677419,0.4890477026775516,Square
140.0,153.82337379455566,7,0.5208333333333334,0.07435209923431868,
189.0,129.8822499513626,10,0.5454545454545454,0.14079008190454947,
505.5,92.72792184352875,4,1.0833333333333333,0.7387712232877631,Square
1323.5,141.29646348953247,8,0.7916666666666666,0.8330503009429155,Circle
1196.5,143.69848430156708,4,0.7391304347826086,0.7281455376397912,Rectangle
385.0,96.42640614509583,3,1.1071428571428572,0.5203297195501683,Triangle
239.5,144.12488985061646,11,0.8636363636363636,0.14488966390160815,
107.5,116.38477599620819,3,9.166666666666666,0.09973003654501625,Triangle
159.0,53.31370830535889,4,0.9333333333333333,0.7029577208922936,Square
178.0,67.59797930717468,7,0.8260869565217391,0.4895109810179543,
252.5,74.18376564979553,5,0.6428571428571429,0.5765719321158524,
118.5,155.09545481204987,7,0.5135135135135135,0.0619056193577614,
667.0,100.42640590667725,8,0.7941176470588235,0.8310743093309497,Circle
660.5,107.21320307254791,4,1.0,0.7220813761047071,Square
926.5,117.49747383594513,8,0.8205128205128205,0.8433313181521908,Circle
212.0,70.76955223083496,4,0.9565217391304348,0.5319279727970907,Square
985.5,130.5269113779068,5,0.918918918918919,0.7268861091736468,
245.0,287.0538226366043,8,0.7551020408163265,0.037363648611654726,
634.0,132.71067678928375,5,0.6,0.4523633316396869,
1033.0,123.74011433124542,8,0.7045454545454546,0.8477916984005657,Circle
725.0,117.4558436870575,5,0.8787878787878788,0.660387148521517,
307.0,90.42640590667725,5,0.9285714285714286,0.4717997431520828,
184.0,219.39696860313416,8,1.0294117647058822,0.0480359563731523,
1266.5,137.982754945755,8,0.7659574468085106,0.8359213828574364,Circle
459.0,85.5979791879654,9,0.625,0.7872189243346619,
1459.0,165.11269783973694,4,0.7959183673469388,0.6725184584120573,Rectangle
360.0,88.91168701648712,4,0.78125,0.5722616773408993,Rectangle
172.0,206.56854152679443,8,1.0,0.05065355661396395,
252.5,288.8355680704117,6,0.42168674698795183,0.03803381602956887,
505.5,137.2964630126953,6,0.6875,0.33698636229189755,
749.5,118.87005722522736,4,0.8823529411764706,0.6665558704178273,Square
1241.0,137.05382299423218,8,0.68,0.8302317483218292,Circle
634.0,108.76955199241638,4,1.0,0.6734175686776506,Square
965.5,132.04163014888763,5,0.8918918918918919,0.6958896662459343,
101.5,137.29646348953247,8,0.5277777777777778,0.06766392786358567,
673.0,109.4558436870575,4,1.1071428571428572,0.705906242539957,Square
633.0,125.88224995136261,3,0.6122448979591837,0.5019778807468425,Triangle
576.5,305.6639938354492,14,0.746031746031746,0.07753907377885563,
336.5,100.32590055465698,4,0.7027027027027027,0.4201155909937782,Rectangle
874.5,128.18376553058624,4,0.972972972972973,0.6688113386353893,Square
484.5,112.32590103149414,4,0.8648648648648649,0.48255167048825376,Square
2589.5,198.75230646133423,8,0.6575342465753424,0.8237613755640859,Circle
1203.0,145.4558436870575,4,0.7333333333333333,0.7145179506660051,Rectangle
779.0,118.62741661071777,4,0.96875,0.6956281947674023,Square
641.5,101.01219236850739,8,0.6052631578947368,0.790057918915181,
381.5,82.38477599620819,4,1.0,0.7063345920483652,Square
888.5,126.87005722522736,4,1.0625,0.6936637903197701,Square
396.5,100.66904675960541,3,0.967741935483871,0.49165577315091424,Triangle
135.0,149.82337415218353,8,0.5416666666666666,0.07557610147170672,
179.0,124.7106773853302,10,0.5581395348837209,0.14462907834861397,
507.0,92.14213538169861,4,1.0833333333333333,0.7504146048506808,Square
1326.0,142.7106763124466,8,0.7916666666666666,0.8181641757852481,Circle
1201.5,146.18376553058624,4,0.7391304347826086,0.7065377157205537,Rectangle
384.0,96.42640614509583,3,1.1071428571428572,0.5189782137851028,Triangle
246.5,153.43859815597534,10,0.8409090909090909,0.13157020262856006,
115.0,128.62741661071777,3,10.166666666666666,0.08734551501702653,Triangle
156.5,52.72792184352875,5,1.0714285714285714,0.7073639066680959,
172.0,65.94112503528595,7,0.8181818181818182,0.49707921751305617,
255.0,73.94112503528595,5,0.6071428571428571,0.5861083870391325,
110.5,156.6101725101471,7,0.5135135135135135,0.05661509053502763,
669.0,100.42640590667725,8,0.7941176470588235,0.8335662862704729,Circle
662.5,108.38477599620819,4,1.0,0.7086946885893408,Square
934.5,117.49747359752655,8,0.8205128205128205,0.8506131894349934,Circle
215.0,72.76955199241638,3,1.0,0.5102099472959465,Triangle
982.5,128.87005722522736,5,0.918918918918919,0.7434270863642324,
235.0,285.88224971294403,8,0.7346938775510204,0.03613294368276188,
627.5,134.12489020824432,4,0.5686274509803921,0.43833367359772796,Rectangle
1039.0,126.22539556026459,8,0.7272727272727273,0.819467871185243,Circle
733.0,116.28427076339722,5,0.8235294117647058,0.6811956897031631,
298.5,89.01219236850739,4,0.8928571428571429,0.4734293778413523,Square
183.5,219.9827550649643,8,1.0,0.04765063131533941,
1273.5,137.9827550649643,7,0.7659574468085106,0.8405415548594792,Circle
109.0,160.36753129959106,13,0.625,0.05326028358624554,
1456.0,169.5979790687561,4,0.7959183673469388,0.6361065876040581,Rectangle
359.0,88.08326065540314,5,0.8064516129032258,0.5814569243811872,
178.5,205.9827550649643,8,1.0,0.052867206048001304,
251.5,289.6639951467514,6,0.42168674698795183,0.03766680821127731,
508.0,138.36753058433533,6,0.6875,0.333430401832754,
752.0,117.79898953437805,5,0.8823529411764706,0.6809960209311021,
1242.5,139.29646337032318,8,0.7,0.8046853248280655,Circle
633.0,108.76955199241638,5,1.0,0.6723553958563924,
969.5,132.04163014888763,5,0.8918918918918919,0.6987726892029344,
103.5,140.6101714372635,8,0.5277777777777778,0.06578346394845402,
672.0,107.79898953437805,4,1.1071428571428572,0.7266909592056181,Square
636.5,126.12488973140717,4,0.6122448979591837,0.5028132029202216,Rectangle
580.0,299.906635761261,15,0.7619047619047619,0.08103370711325811,
336.0,100.91168677806854,6,0.7027027027027027,0.4146352399698688,
874.5,128.18376553058624,4,1.0277777777777777,0.6688113386353893,Square
483.0,112.56854164600372,3,0.8648648648648649,0.4789861052731943,Triangle
2587.0,198.1665199995041,8,0.6575342465753424,0.8278387039805593,Circle
1198.5,144.87005722522736,4,0.7333333333333333,0.717613564169337,Rectangle
770.0,117.79898953437805,4,0.96875,0.6972964576023253,Square
642.5,101.01219248771667,9,0.5789473684210527,0.7912894960325629,
376.0,83.79898953437805,4,1.0434782608695652,0.6728529258594126,Square
886.5,126.04163014888763,4,1.0625,0.7012301505936248,Square
397.0,101.25483393669128,3,0.967741935483871,0.4865963414756306,Triangle
148.5,152.06601512432098,6,0.5416666666666666,0.08069971236468824,
186.0,131.53910398483276,8,0.5581395348837209,0.13508684223333323,
509.0,92.97056245803833,5,1.0833333333333333,0.740008536415331,
1329.0,141.0538227558136,8,0.7916666666666666,0.8393925758238325,Circle
1203.5,144.5269113779068,4,0.717391304347826,0.7240332573746503,Rectangle
385.5,98.66904675960541,3,1.1071428571428572,0.49759084507654994,Triangle
101.5,87.8406195640564,12,3.3,0.1653046710280781,
242.5,157.9238793849945,10,0.8636363636363636,0.12218728059626018,
102.5,111.84061968326569,8,5.75,0.10297566374438775,
112.5,130.87005722522736,3,10.166666666666666,0.08254329511221276,Triangle
156.5,54.38477599620819,6,1.0714285714285714,0.6649201861075855,
170.0,66.76955187320709,7,0.782608695652174,0.47918350789895675,
259.5,75.01219260692596,5,0.6428571428571429,0.5795401195627765,
672.5,99.84061968326569,8,0.7941176470588235,0.8477886868442551,Circle
651.0,106.62741661071777,4,1.0,0.7195369124227722,Square
934.5,118.32590079307556,8,0.8205128205128205,0.8387442019849896,Circle
217.5,72.18376576900482,4,1.0,0.5245538212348868,Square
987.5,129.69848430156708,5,0.9459459459459459,0.7376955551509797,
231.0,287.88224959373474,8,0.75,0.03502612300150834,
629.0,138.50966548919678,6,0.5882352941176471,0.4120029717940446,
184.0,231.96551072597504,13,0.7272727272727273,0.04297153344923255,
733.5,117.69848430156708,4,0.8235294117647058,0.6653777007349251,Square
299.5,89.01219260692596,3,0.8928571428571429,0.47501540336317116,Triangle
194.5,216.32590091228485,8,0.9714285714285714,0.052229086209958045,
1264.5,137.15432786941528,8,0.7446808510638298,0.8447139478701989,Circle
111.0,158.71067667007446,13,0.59375,0.055375869214454074,
1453.0,165.94112479686737,4,0.7959183673469388,0.6630822756077506,Rectangle
365.5,89.49747395515442,4,0.8387096774193549,0.5734237678402945,Square
176.5,207.9827550649643,8,1.0,0.051274321252752,
246.5,286.83556854724884,7,0.42168674698795183,0.03764963576917279,
501.5,138.6101714372635,6,0.6875,0.3280126554210945,
751.5,118.04163014888763,4,0.8823529411764706,0.6777483236061312,Square
1248.5,139.2964630126953,8,0.7,0.8085711333653826,Circle
635.5,110.18376553058624,5,1.0,0.6577944400095411,
971.0,133.94112491607666,5,0.8918918918918919,0.6801445302262222,
670.5,108.38477599620819,4,1.1071428571428572,0.7172525112440045,Square
632.5,126.12488996982574,3,0.6122448979591837,0.49965333801205764,Triangle
475.5,114.32590067386627,8,0.5365853658536586,0.4571630508696791,
334.5,100.32590043544769,6,0.7027027027027027,0.41761861967719727,
879.0,127.94112491607666,4,1.0,0.6748051824443729,Square
480.5,111.98275518417358,3,0.8648648648648649,0.48150517489264627,Triangle
2588.0,199.82337474822998,8,0.6575342465753424,0.8144821246279105,Circle
1197.5,147.35533845424652,4,0.7391304347826086,0.6930325575470523,Rectangle
765.5,117.55634891986847,4,1.0,0.6960859702907951,Square
644.5,101.84061968326569,8,0.6052631578947368,0.7808915424761018,
375.5,82.38477599620819,4,1.0434782608695652,0.6952257911249308,Square
888.0,126.62741661071777,4,1.0625,0.6959328491705432,Square
395.5,99.84062063694,3,1.0,0.4985879840020011,Triangle
144.5,148.0660148859024,6,0.5416666666666666,0.08282604721571818,
192.5,148.95331728458405,11,0.47058823529411764,0.10902855055189133,
517.0,92.97056233882904,5,1.125,0.7516393208405612,
1331.0,140.22539567947388,8,0.7708333333333334,0.8506180050552418,Circle
1198.5,143.69848430156708,4,0.717391304347826,0.7293626634862429,Rectangle
380.5,97.84061968326569,3,1.1071428571428572,0.49948923847249943,Triangle
243.0,156.50966608524323,9,0.8604651162790697,0.1246619189709214,
119.0,128.62741661071777,3,10.166666666666666,0.09038361988718396,Triangle
161.0,54.14213538169861,5,1.0,0.6901841461207295,
172.0,66.76955163478851,7,0.782608695652174,0.4848209643954285,
264.0,76.42640626430511,5,0.6206896551724138,0.567971983524074,
674.0,100.42640614509583,8,0.7941176470588235,0.8397962246318228,Circle
655.0,108.28427076339722,4,1.0,0.7019730057594377,Square
161.0,188.50966596603394,12,0.775,0.056933579879908575,
219.0,72.76955199241638,4,1.0,0.5197022253851735,Square
983.0,130.28427076339722,5,0.9459459459459459,0.7277452993988973,
247.0,289.1959580183029,8,0.7551020408163265,0.03711268537601967,
615.0,127.19595754146576,5,0.7209302325581395,0.4776814337041938,
174.0,229.48022890090942,12,0.7272727272727273,0.04152107255388255,
727.5,118.5269113779068,6,0.8235294117647058,0.6507421331748813,
299.5,91.01219260692596,6,0.8620689655172413,0.4543677894679956,
190.0,217.7401144504547,8,0.9714285714285714,0.05036009854313485,
1273.0,138.22539615631104,8,0.7659574468085106,0.8372643140369275,Circle
109.5,160.12489020824432,13,0.625,0.053666873272133736,
1459.0,165.11269783973694,4,0.7959183673469388,0.6725184584120573,Rectangle
363.5,88.66904628276825,4,0.8064516129032258,0.5809920699938343,Square
123.0,167.3969690799713,6,0.4262295081967213,0.0551594331966596,
185.0,207.0538227558136,8,1.0,0.05422693851089282,
109.0,104.02438509464264,3,0.9722222222222222,0.1265802786524403,Triangle
493.0,135.88224959373474,6,0.6875,0.33552997685331876,
754.5,118.04163014888763,4,0.8823529411764706,0.6804539057362955,Square
1240.5,138.46803617477417,8,0.68,0.8130318645613543,Circle
637.5,110.18376541137695,4,1.032258064516129,0.6598646048992449,Square
974.0,132.28427076339722,5,0.8918918918918919,0.6994431250840304,
629.5,124.46803641319275,3,0.625,0.5106107125092607,Triangle
670.5,108.38477599620819,4,1.1071428571428572,0.7172525112440045,Square
473.5,113.49747383594513,8,0.55,0.46191009802846233,
109.0,125.68123960494995,8,0.7297297297297297,0.0867152440868367,
882.5,128.5269113779068,4,1.0,0.6713305883916554,Square
480.5,111.9827550649643,3,0.8648648648648649,0.4815051759178022,Triangle
2587.5,199.58073377609253,8,0.6575342465753424,0.8163060071462739,Circle
1198.5,146.5269113779068,4,0.717391304347826,0.7014764764928636,Rectangle
765.0,116.97056245803833,4,1.0,0.7026161736944949,Square
124.0,188.9949471950531,7,0.6,0.0436245703161407,
649.5,101.01219248771667,8,0.6052631578947368,0.7999105489076259,
374.5,82.38477599620819,4,1.0434782608695652,0.6933743243043584,Square
887.0,126.62741661071777,4,1.0625,0.6951491410070629,Square
395.0,99.59798038005829,3,0.9666666666666667,0.5003868587213843,Triangle
146.5,152.0660148859024,7,0.5416666666666666,0.07961284780133979,
173.0,122.71067643165588,8,0.5853658536585366,0.14437475721116017,
516.5,94.38477599620819,5,1.125,0.7285783988589418,
1330.0,141.88224959373474,8,0.7916666666666666,0.8302432883973117,Circle
1195.5,143.69848430156708,4,0.717391304347826,0.7275369747165652,Rectangle
379.5,98.66904675960541,3,1.1071428571428572,0.48984624048391884,Triangle
126.5,124.81118214130402,8,3.75,0.10204539152992018,
252.0,164.8528118133545,10,0.8409090909090909,0.11652461766590762,
114.5,126.38477599620819,3,10.0,0.09007947049082053,Triangle
160.5,51.899494767189026,5,1.0,0.7487875944199268,
174.5,67.35533797740936,6,0.782608695652174,0.483349480255847,
265.5,77.01219272613525,5,0.6206896551724138,0.5625425939625639,
671.0,100.42640578746796,8,0.7941176470588235,0.8360582651948504,Circle
665.5,108.87005722522736,4,1.0,0.7055714859043418,Square
174.0,222.651801943779,13,0.825,0.044106915109345037,
215.5,73.35533833503723,6,1.0,0.5032614788706948,
990.0,129.4558436870575,5,0.9459459459459459,0.7423380807790044,
242.0,289.53910398483276,8,0.7551020408163265,0.03627528037520151,
639.0,140.02438497543335,6,0.64,0.4095466469015012,
165.5,228.89444231987,12,0.7441860465116279,0.03969514259105678,
732.5,119.69848430156708,5,0.8235294117647058,0.6424512682608822,
305.0,91.25483322143555,5,0.896551724137931,0.46025440309718935,
192.5,218.32590091228485,8,1.0294117647058822,0.05074930230537651,
1276.0,137.39696836471558,8,0.7659574468085106,0.8493882286666511,Circle
110.5,158.95331728458405,14,0.625,0.054958256957015714,
1464.0,167.5979790687561,4,0.78,0.654957901235492,Rectangle
361.0,91.74011409282684,4,0.8387096774193549,0.5390120994626024,Square
180.5,208.46803617477417,8,1.0,0.05219250238949402,
113.5,104.61017322540283,6,0.9722222222222222,0.13033404769417528,
491.5,137.29646372795105,6,0.6875,0.3276534032458112,
753.0,118.62741661071777,4,0.8823529411764706,0.672410822413163,Square
1242.0,138.2253955602646,8,0.68,0.8168753236465731,Circle
637.5,109.35533833503723,4,1.032258064516129,0.6699001514114955,Square
972.5,132.87005722522736,5,0.8918918918918919,0.6922217324203668,
638.0,125.88225054740906,3,0.6458333333333334,0.5059429461036903,Triangle
673.5,108.38477599620819,4,1.0714285714285714,0.7204616947395034,Square
568.5,290.3502860069275,14,0.746031746031746,0.08474143552678964,
332.5,99.15432810783386,4,0.7222222222222222,0.42498946219360295,Rectangle
882.5,127.69848430156708,4,1.0,0.6800691792914588,Square
482.5,111.9827550649643,3,0.8648648648648649,0.48350935979259013,Triangle
2586.5,198.75230717658997,8,0.6575342465753424,0.8228070216494228,Circle
1204.5,149.35533833503723,4,0.717391304347826,0.67853955302441,Rectangle
767.0,117.79898953437805,4,1.032258064516129,0.6945797181571214,Square
118.0,190.99494755268097,7,0.5777777777777777,0.040648835972912516,
647.5,101.01219236850739,8,0.6052631578947368,0.7974473928255333,
377.5,82.38477599620819,4,1.0434782608695652,0.6989287247660755,Square
885.0,126.62741661071777,4,1.0625,0.6935817246801022,Square
393.0,99.59797942638397,3,0.9666666666666667,0.4978532639075545,Triangle
153.0,199.4802279472351,7,0.5625,0.04831718046280876,
189.0,146.02438509464264,11,0.47058823529411764,0.11138350907476774,
516.0,94.62741661071777,4,1.125,0.7241451030866973,Square
1328.0,141.0538226366043,8,0.7916666666666666,0.8387609801190463,Circle
1193.5,142.87005722522736,4,0.717391304347826,0.7347673502946785,Rectangle
379.5,97.8406195640564,3,1.1071428571428572,0.4981765215827204,Triangle
117.0,155.53910398483276,10,3.7857142857142856,0.06077382069649594,
247.0,155.68123865127563,10,0.8409090909090909,0.1280661225528713,
113.5,124.04163014888763,3,9.833333333333334,0.09269809204636598,Triangle
160.0,51.65685415267944,4,0.9333333333333333,0.7534838315264537,Square
173.5,66.52691149711609,7,0.8181818181818182,0.4926229259990965,
263.0,75.94112491607666,5,0.6428571428571429,0.5730751284236132,
669.5,102.32590079307556,8,0.8,0.8035063112886918,Circle
669.0,106.97056245803833,4,1.0344827586206897,0.7346955731976322,Square
952.0,119.740114569664,8,0.825,0.8343868936999451,Circle
215.0,72.76955163478851,6,1.0,0.5102099523108268,
992.0,130.28427076339722,5,0.9459459459459459,0.7344082777250317,
254.0,288.71067690849304,8,0.7551020408163265,0.03829286764891886,
637.0,138.3675309419632,5,0.62,0.41810071824712897,
165.5,231.72286999225616,13,0.7441860465116279,0.03873201260753825,
730.5,118.87005722522736,5,0.8484848484848485,0.6496585234692765,
306.0,91.25483310222626,3,0.896551724137931,0.46176343513345064,Triangle
187.5,219.15432798862457,8,1.0294117647058822,0.0490581348348477,
1280.5,137.63960933685303,8,0.7659574468085106,0.8493810827599761,Circle
1465.0,168.28427076339722,4,0.78,0.6500704702465314,Rectangle
365.0,90.0832599401474,4,0.8387096774193549,0.565216121131494,Square
183.5,206.81118214130402,8,1.0,0.05391354616211447,
111.0,104.3675308227539,3,0.9444444444444444,0.12805661720038597,Triangle
496.0,137.53910446166992,6,0.673469387755102,0.32948766151588893,
753.0,118.62741661071777,4,0.8823529411764706,0.672410822413163,Square
1243.0,139.0538228750229,8,0.7,0.8078209773130052,Circle
637.0,109.59797894954681,4,1.064516129032258,0.6664141428013457,Square
970.0,134.28427076339722,5,0.868421052631579,0.6759760486441486,
636.5,127.78174555301666,3,0.6326530612244898,0.48985848955233424,Triangle
672.5,110.04163014888763,4,1.0344827586206897,0.697891842444113,Square
572.5,294.3502860069275,15,0.746031746031746,0.08303409006275132,
331.0,99.74011409282684,5,0.7222222222222222,0.41811729921464297,
882.0,127.11269783973694,4,1.0,0.6859628192391098,Square
481.5,111.98275470733643,3,0.8648648648648649,0.48250727093706425,Triangle
2590.5,198.75230658054352,8,0.6575342465753424,0.8240794905730544,Circle
1208.5,147.6984841823578,4,0.717391304347826,0.6961525885679452,Rectangle
767.0,116.14213538169861,4,1.032258064516129,0.7145384681820709,Square
644.5,101.01219236850739,8,0.6052631578947368,0.7937526558703571,
379.5,82.38477599620819,4,1.0434782608695652,0.7026316584072204,Square
885.0,126.62741661071777,4,1.0625,0.6935817246801022,Square
395.0,101.25483417510986,3,0.90625,0.4841449722360824,Triangle
154.5,201.7228684425354,7,0.5416666666666666,0.047712050080896,
170.5,130.468035697937,11,0.5111111111111111,0.12587109195357382,
515.0,94.62741661071777,5,1.125,0.7227417211039713,
1329.5,140.46803617477417,8,0.7916666666666666,0.8467265624742116,Circle
1194.5,142.87005722522736,4,0.717391304347826,0.735382991141176,Rectangle
383.0,97.25483322143555,3,1.1071428571428572,0.508845866677486,Triangle
109.5,132.81118202209473,9,3.9166666666666665,0.07801079419775521,
243.0,150.8528118133545,9,0.8409090909090909,0.13418665236661803,
123.5,131.69848430156708,3,10.333333333333334,0.08947779393999779,Triangle
159.0,51.65685415267944,4,1.0,0.7487745575794134,Square
174.0,65.94112515449524,7,0.8181818181818182,0.5028592065962189,
262.0,75.94112503528595,5,0.6428571428571429,0.5708961337475341,
667.5,100.66904699802399,8,0.8235294117647058,0.8276928802616652,Circle
664.0,106.97056245803833,4,1.0344827586206897,0.7292045748927173,Square
950.0,118.08326053619385,8,0.8205128205128205,0.8561636722126296,Circle
215.0,72.76955187320709,6,1.0,0.5102099489675732,
1004.0,131.94112491607666,5,0.9210526315789473,0.7247416356728016,
241.0,284.2253955602646,8,0.7346938775510204,0.03748876619573704,
640.5,133.2964631319046,6,0.62,0.4529932659458825,
168.5,231.23758780956268,13,0.7441860465116279,0.03959979234818027,
735.5,117.69848430156708,5,0.8787878787878788,0.6671919548609917,
306.0,89.25483298301697,3,0.896551724137931,0.48268945056663415,Triangle
187.5,220.81118214130402,8,1.0294117647058822,0.04832468262730587,
1277.0,139.05382323265076,9,0.7659574468085106,0.8299174438636344,Circle
106.5,159.29646348953247,13,0.59375,0.05274085953558451,
1467.0,168.28427076339722,4,0.78,0.650957938465298,Rectangle
368.5,90.32590019702911,4,0.8387096774193549,0.5675743484235557,Square
181.0,207.39696860313416,8,1.0294117647058822,0.05287904830962337,
113.0,101.19595789909363,3,0.9714285714285714,0.13866344192435612,Triangle
498.0,136.7106772661209,6,0.673469387755102,0.3348376900308606,
753.0,117.79898953437805,4,0.8823529411764706,0.68190160074617,Square
1243.5,139.29646396636963,8,0.7,0.8053329520003102,Circle
640.5,110.18376541137695,4,1.064516129032258,0.6629698500987707,Square
969.0,134.28427076339722,5,0.8947368421052632,0.6752791661197732,
630.5,127.78174543380737,4,0.6326530612244898,0.4852408142011282,Rectangle
671.5,109.21320307254791,4,1.0344827586206897,0.7074660308238911,Square
568.5,297.17871260643005,16,0.746031746031746,0.08089188189057497,
333.0,98.91168689727783,5,0.7222222222222222,0.42771933236768556,
883.5,127.35533845424652,4,1.0,0.6845136441348079,Square
483.0,112.56854128837585,3,0.8648648648648649,0.4789861083166516,Triangle
2592.5,197.5807341337204,9,0.6575342465753424,0.8345251692992627,Circle
1214.5,146.04163002967834,4,0.717391304347826,0.7155731556647544,Rectangle
767.0,115.31370830535889,4,1.0,0.7248420013274043,Square
136.0,207.9655100107193,8,0.6,0.039515378067048745,
642.0,101.59797894954681,8,0.6052631578947368,0.7815823700208493,
379.5,81.55634891986847,4,1.0,0.7169784357784685,Square
881.0,126.62741661071777,4,1.0625,0.6904468920261808,Square
396.0,100.42640745639801,3,0.9354838709677419,0.4934114187975062,Triangle
142.5,156.06601452827454,8,0.5416666666666666,0.0735204317129083,
176.0,125.88224959373474,9,0.5476190476190477,0.1395704700054236,
506.0,94.62741661071777,4,1.125,0.7101112832594358,Square
1334.5,140.4680359363556,8,0.7916666666666666,0.8499109450602641,Circle
1189.5,143.69848430156708,4,0.717391304347826,0.7238855971772099,Rectangle
379.5,97.8406195640564,3,1.1071428571428572,0.4981765215827204,Triangle
241.0,146.71067655086517,10,0.8372093023255814,0.1407030355045691,
116.0,125.39696848392487,6,4.083333333333333,0.09270299780067287,
103.0,118.62741649150848,3,9.5,0.09197651374203432,Triangle
159.0,52.485281229019165,5,1.0714285714285714,0.7253238049594286,
174.0,65.94112527370453,7,0.8181818181818182,0.5028592047780671,
264.0,74.76955211162567,5,0.6428571428571429,0.5934228057990552,
671.0,100.08326041698456,8,0.8235294117647058,0.8418011104325126,Circle
666.0,106.97056245803833,4,1.0344827586206897,0.7314009742146832,Square
944.5,117.49747359752655,9,0.8205128205128205,0.859715524260408,Circle
215.0,71.94112491607666,4,0.9565217391304348,0.5220280927996672,Square
1005.0,131.94112491607666,5,0.9210526315789473,0.7254634898915991,
239.0,287.8822498321533,8,0.7346938775510204,0.036239148846297344,
195.0,226.45079112052917,9,0.6,0.04778557221210666,
174.5,232.8944422006607,13,0.7272727272727273,0.04042844580549596,
736.5,117.69848430156708,5,0.8787878787878788,0.668099081924025,
306.0,89.25483298301697,3,0.896551724137931,0.48268945056663415,Triangle
183.0,219.39696860313416,8,1.0294117647058822,0.04777489139286343,
1269.0,136.56854140758514,9,0.782608695652174,0.8550079325779065,Circle
108.0,160.71067678928375,13,0.59375,0.05254654422369586,
1467.5,168.5269113779068,4,0.78,0.6493060522679577,Rectangle
365.0,90.0832599401474,3,0.78125,0.565216121131494,Triangle
182.5,206.81118214130402,8,1.0,0.053619739371040274,
231.5,284.1492772102356,6,0.40476190476190477,0.03603028920026808,
498.0,137.0538226366043,6,0.6530612244897959,0.3331631046108056,
751.0,118.62741661071777,4,0.8823529411764706,0.670624870693606,Square
1250.0,137.88224935531616,8,0.7,0.8262341810385763,Circle
636.5,109.35533833503723,4,1.032258064516129,0.6688493276445755,Square
962.0,135.11269783973694,5,0.8947368421052632,0.6622052270982214,
672.0,107.79898953437805,4,1.0714285714285714,0.7266909592056181,Square
632.5,127.2964631319046,3,0.6122448979591837,0.49049854058877185,Triangle
572.5,300.8355669975281,16,0.7619047619047619,0.0794926534941763,
334.0,100.56854140758514,4,0.6842105263157895,0.4149846454941216,Rectangle
882.0,127.11269783973694,4,1.0,0.6859628192391098,Square
483.0,112.56854164600372,3,0.8648648648648649,0.4789861052731943,Triangle
2588.0,198.16652143001556,9,0.6575342465753424,0.8281586915230702,Circle
1216.5,146.04163002967834,4,0.717391304347826,0.7167515387947087,Rectangle
770.0,117.79898953437805,4,1.0,0.6972964576023253,Square
132.0,209.9655100107193,8,0.6,0.03762598454999244,
648.0,101.59797894954681,8,0.6052631578947368,0.7888868781518853,
378.5,81.55634891986847,4,1.0,0.7150891645379456,Square
880.0,125.79898953437805,4,1.0625,0.698776402853153,Square
397.0,100.4264065027237,4,0.9354838709677419,0.49465741662359436,Square
142.5,154.06601512432098,7,0.5416666666666666,0.0754416240095271,
174.0,123.39696824550629,11,0.5476190476190477,0.14359857596013967,
503.0,93.79898953437805,5,1.125,0.7184251532508471,
1332.5,141.63960909843445,8,0.7916666666666666,0.8346562364108898,Circle
1191.5,142.87005722522736,4,0.717391304347826,0.7335360686016836,Rectangle
382.0,98.9116872549057,3,1.0689655172413792,0.4906570083572065,Triangle
124.0,129.0538227558136,6,4.0,0.09355991147541493,
240.0,161.3380936384201,11,0.8181818181818182,0.11586366544571787,
103.5,120.38477599620819,3,9.666666666666666,0.08974434161653534,Triangle
159.0,52.485281229019165,5,1.0714285714285714,0.7253238049594286,
172.0,68.76955187320709,5,0.8260869565217391,0.45703127717873876,
267.0,74.76955223083496,6,0.6428571428571429,0.600166244860287,
672.0,100.08326041698456,8,0.8235294117647058,0.8430556575419502,Circle
668.5,107.21320307254791,4,1.0,0.7308272519697149,Square
935.0,118.91168713569641,9,0.8205128205128205,0.8309452181339692,Circle
215.5,70.52691149711609,5,1.0,0.54443671776835,
1004.0,132.76955199241638,5,0.9210526315789473,0.7157256756834697,
230.0,288.71067678928375,8,0.7346938775510204,0.034674643962694866,
636.5,134.61017262935638,5,0.62,0.44142051142275357,
175.0,231.48022890090942,13,0.7272727272727273,0.04104120527572374,
736.5,116.04163014888763,5,0.8787878787878788,0.6873136561616231,
305.5,89.01219284534454,3,0.9285714285714286,0.484531569115385,Triangle
180.5,220.81118214130402,8,1.0294117647058822,0.04652056114255311,
1262.0,135.74011397361755,9,0.7608695652173914,0.860701975785263,Circle
104.0,156.71067667007446,14,0.6129032258064516,0.05321646612513469,
1463.5,169.01219248771667,4,0.78,0.6438230476681861,Rectangle
362.0,88.9116872549057,3,0.78125,0.575440905795568,Triangle
180.5,205.15432798862457,8,1.0,0.05389217402258228,
121.0,179.0538228750229,5,0.38235294117647056,0.04742726040214132,
113.5,102.61017155647278,4,0.9444444444444444,0.1354643127744859,Square
496.5,136.46803641319275,6,0.6530612244897959,0.3350172978854266,
749.0,118.62741661071777,4,0.8823529411764706,0.6688389189740492,Square
1249.5,138.4680359363556,8,0.7,0.8189305266165023,Circle
638.0,109.11269783973694,5,1.032258064516129,0.6734106102450079,
963.5,132.87005722522736,5,0.8947368421052632,0.6858155672874277,
672.5,108.38477599620819,4,1.0714285714285714,0.7193919669076704,Square
635.0,126.71067786216736,3,0.6122448979591837,0.4970008835315781,Triangle
572.0,300.2497807741165,15,0.7619047619047619,0.07973343876416686,
336.0,99.74011421203613,5,0.7222222222222222,0.4244332694873088,
885.0,127.11269783973694,4,1.0,0.68829602610727,Square
482.0,112.56854128837585,4,0.8648648648648649,0.4779944186513998,Square
2596.5,198.40916216373444,8,0.6486486486486487,0.8288477150911492,Circle
1219.5,146.87005722522736,4,0.717391304347826,0.7104362946481908,Rectangle
773.0,117.79898953437805,4,1.0,0.7000131970475291,Square
540.0,117.39696824550629,5,0.5869565217391305,0.49236804691909647,
646.0,102.42640602588654,8,0.6052631578947368,0.773781805119336,
377.5,81.55634891986847,4,1.0,0.7131998932974225,Square
880.0,125.79898953437805,4,1.0625,0.698776402853153,Square
399.0,101.25483357906342,4,0.9354838709677419,0.4890477118897979,Square
148.0,156.6518017053604,8,0.5416666666666666,0.07578806012569277,
172.0,124.2253954410553,10,0.5476190476190477,0.14006110074167885,
501.5,94.04163014888763,4,1.08,0.7125912805888354,Square
1329.5,140.46803677082062,8,0.7916666666666666,0.846726555288401,Circle
1189.5,143.69848430156708,4,0.7391304347826086,0.7238855971772099,Rectangle
381.0,96.42640614509583,3,1.1071428571428572,0.5149236964899067,Triangle
246.5,155.09545278549194,11,0.8372093023255814,0.12877413983520233,
121.0,134.76955199241638,3,10.5,0.08371661601354118,Triangle
160.0,53.31370830535889,5,1.0714285714285714,0.7073788386337545,
171.5,68.18376553058624,5,0.8260869565217391,0.46356647932188605,
268.5,76.18376576900482,5,0.6206896551724138,0.5813387626700744,
669.5,99.84061968326569,8,0.7941176470588235,0.8440067298769203,Circle
663.5,107.21320307254791,4,1.0,0.7253610795540851,Square
935.5,118.32590055465698,8,0.8205128205128205,0.8396417379550244,Circle
213.0,71.94112527370453,5,0.9565217391304348,0.5171720123759629,
1002.0,131.94112491607666,5,0.9459459459459459,0.7232979272352064,
220.5,287.2964631319046,8,0.7346938775510204,0.03357050689253782,
633.0,133.05382239818573,5,0.6,0.449323220390872,
174.5,233.72286891937256,12,0.7272727272727273,0.040142357850676616,
738.0,117.4558436870575,5,0.8529411764705882,0.6722285732536271,
307.5,89.01219248771667,3,0.9285714285714286,0.487703629133273,Triangle
180.0,221.39696860313416,8,1.0294117647058822,0.0461465277780161,
1268.5,137.63960886001587,8,0.7659574468085106,0.8414212502509736,Circle
105.5,158.1248904466629,14,0.6129032258064516,0.05302270115671534,
1463.5,168.18376541137695,4,0.7959183673469388,0.650181259917119,Rectangle
358.0,88.91168761253357,3,0.78125,0.5690824381700832,Triangle
175.5,206.32590091228485,8,1.0,0.05180593121731949,
232.0,282.59292709827423,6,0.40476190476190477,0.03650692664444653,
497.0,137.0538226366043,6,0.6530612244897959,0.33249410239271165,
751.0,119.4558436870575,4,0.9117647058823529,0.6613555479962783,Square
1253.0,138.71067690849304,8,0.6862745098039216,0.8183538931586225,Circle
639.5,108.5269113779068,4,1.032258064516129,0.6823002431933431,Square
963.5,132.87005722522736,5,0.868421052631579,0.6858155672874277,
239.0,91.25483274459839,5,0.5277777777777778,0.3606583720977395,
671.5,108.38477599620819,4,1.1071428571428572,0.7183222390758374,Square
636.0,126.71067810058594,3,0.6122448979591837,0.49778356021506354,Triangle
569.5,293.1787133216858,14,0.7619047619047619,0.08326044417348534,
257.0,86.7695517539978,5,0.45714285714285713,0.4289515875740693,
334.5,99.49747347831726,4,0.7222222222222222,0.42460184825456226,Rectangle
885.0,127.11269783973694,4,1.0,0.68829602610727,Square
487.5,111.98275434970856,4,0.8648648648648649,0.48851982572010305,Square
2597.5,199.58073508739471,8,0.6486486486486487,0.8194608022028126,Circle
1217.5,146.87005722522736,5,0.717391304347826,0.7092711674736959,
775.0,118.62741661071777,4,1.0,0.6920562913282886,Square
541.5,117.98275434970856,4,0.6,0.48884509687313193,Rectangle
645.0,102.42640614509583,8,0.6052631578947368,0.7725839986691,
383.5,82.38477599620819,4,1.0,0.71003752568951,Square
880.5,127.21320307254791,5,1.0303030303030303,0.6837145919879646,
400.0,101.25483357906342,4,0.9354838709677419,0.49027339537824355,Square
148.0,156.308655500412,8,0.5416666666666666,0.07612118219354987,
177.0,123.88224923610687,10,0.5476190476190477,0.14493222734005282,
500.5,93.21320307254791,4,1.04,0.7238675065624829,Square
1335.0,141.05382299423218,8,0.7916666666666666,0.8431821557085234,Circle
1191.5,144.5269113779068,4,0.7391304347826086,0.7168139810235943,Rectangle
381.0,96.42640614509583,3,1.1071428571428572,0.5149236964899067,Triangle
126.5,147.29646337032318,6,4.214285714285714,0.07326823853697229,
241.0,153.6812388896942,11,0.8181818181818182,0.12822868861601208,
122.5,148.5269113779068,2,11.666666666666666,0.06978075319048913,
160.5,55.21320307254791,5,1.0,0.6616053611339198,
173.5,68.18376564979553,5,0.8260869565217391,0.4689725007644981,
268.5,76.18376564979553,5,0.6206896551724138,0.5813387644893854,
672.5,99.84061992168427,8,0.7941176470588235,0.8477886827952303,Circle
667.0,107.79898953437805,4,1.0,0.7212840324258143,Square
934.5,117.49747359752655,8,0.8205128205128205,0.8506131894349934,Circle
214.0,71.94112527370453,4,0.9565217391304348,0.5196000499927514,Square
994.0,131.11269783973694,5,0.9459459459459459,0.7266189851328626,
221.5,288.1248903274536,8,0.7551020408163265,0.03352911108927847,
641.0,131.53910386562347,6,0.6,0.4655412152070688,
1046.0,124.56854176521301,8,0.7272727272727273,0.8470807013967897,Circle
740.0,118.28427076339722,6,0.8529411764705882,0.6646417070191083,
307.5,89.01219248771667,3,0.9285714285714286,0.487703629133273,Triangle
181.0,221.39696860313416,8,1.0294117647058822,0.04640289737678286,
1272.0,137.396968126297,8,0.7659574468085106,0.8467255725811849,Circle
102.5,158.9533177614212,12,0.6129032258064516,0.05097937831942441,
1460.0,168.7695518732071,4,0.7959183673469388,0.6441314812303722,Rectangle
364.5,89.49747335910797,4,0.78125,0.5718549005795037,Rectangle
175.5,206.32590091228485,8,1.0,0.05180593121731949,
249.0,285.4213548898697,6,0.40476190476190477,0.03840929044819364,
495.0,136.2253955602646,6,0.6666666666666666,0.3351960619351527,
756.0,119.4558436870575,4,0.9117647058823529,0.6657587140947888,Square
1250.5,139.29646253585815,8,0.7,0.8098664070451697,Circle
636.5,109.35533845424652,4,1.032258064516129,0.6688493261863375,Square
967.0,132.62741661071777,5,0.868421052631579,0.6908276593795395,
240.5,89.0121922492981,6,0.5277777777777778,0.38143975100776506,
677.5,108.38477599620819,4,1.1071428571428572,0.7247406060668352,Square
637.5,127.2964643239975,3,0.6122448979591837,0.494375990148292,Triangle
458.5,88.18376553058624,8,0.5882352941176471,0.7409210349251033,
120.5,221.2375886440277,12,0.6744186046511628,0.030937062762549164,
255.0,85.59797930717468,5,0.47058823529411764,0.43734384563444323,
334.5,100.32590103149414,4,0.7222222222222222,0.41761861471496736,Rectangle
885.5,129.35533845424652,4,1.0,0.6650123585934988,Square
484.0,110.56854248046875,4,0.8648648648648649,0.497498821362975,Square
2596.5,199.5807340145111,8,0.6486486486486487,0.8191453304314245,Circle
1215.0,147.11269783973694,4,0.717391304347826,0.7054818127186953,Rectangle
781.0,119.4558436870575,4,1.0,0.6877745445873413,Square
134.0,210.30865597724915,7,0.5869565217391305,0.03807153316712637,
645.0,102.42640602588654,8,0.6052631578947368,0.7725840004674486,
384.5,82.38477599620819,4,1.0,0.7118889925100823,Square
883.0,125.79898953437805,4,1.0303030303030303,0.7011585951356069,Square
400.0,100.42640709877014,4,0.9354838709677419,0.49839537607239903,Square
151.5,200.5512968301773,7,0.5416666666666666,0.047333819204950826,
177.0,123.39696872234344,9,0.5365853658536586,0.14607441234775673,
504.0,93.79898953437805,5,1.04,0.7198534338736122,
1333.0,141.0538228750229,8,0.7916666666666666,0.8419189628908293,Circle
1194.5,143.69848430156708,4,0.7391304347826086,0.7269284117933393,Rectangle
383.0,97.25483322143555,3,1.0689655172413792,0.508845866677486,Triangle
238.5,161.09545242786407,9,0.8,0.1154866239413777,
125.0,141.4558436870575,2,11.0,0.07850152442177606,
159.0,55.79898953437805,5,1.0,0.6417329215781182,
171.0,67.5979791879654,5,0.8260869565217391,0.47026055083878204,
267.5,77.01219272613525,5,0.6206896551724138,0.5667802029566322,
672.0,99.25483298301697,8,0.7941176470588235,0.8571874644208919,Circle
668.0,107.79898953437805,4,1.0,0.7223654177817751,Square
939.0,116.91168689727783,8,0.8205128205128205,0.8632957491554096,Circle
210.0,71.94112527370453,4,0.9565217391304348,0.5098878995255973,Square
996.0,131.11269783973694,5,0.9459459459459459,0.7280809951633109,
226.0,288.71067678928375,8,0.7551020408163265,0.034071606676387124,
638.0,134.3675309419632,6,0.5882352941176471,0.44406021917031896,
1038.5,123.15432822704315,8,0.7045454545454546,0.8604328954610133,Circle
736.5,118.87005722522736,6,0.8529411764705882,0.654994527768819,
312.5,89.84061968326569,3,0.896551724137931,0.48653535885208093,Triangle
183.5,221.63960921764374,8,1.0294117647058822,0.046940875031155536,
1274.0,138.2253955602646,8,0.7659574468085106,0.837922030858079,Circle
111.0,159.53910386562347,13,0.6451612903225806,0.05480226977273646,
1457.0,167.94112479686737,4,0.7959183673469388,0.6491653049637328,Rectangle
362.5,90.32590091228485,4,0.78125,0.5583329662010807,Rectangle
174.5,209.15432798862457,8,1.0,0.050126984997477066,
248.5,280.8355669975281,6,0.40476190476190477,0.039594242530005604,
496.0,136.2253954410553,6,0.6666666666666666,0.3358732262844755,
755.5,118.87005722522736,4,0.9117647058823529,0.6718918747173696,Square
1244.5,137.6396086215973,8,0.68,0.8255015763224812,Circle
637.5,111.01219248771667,4,1.0,0.6500528894476202,Square
968.0,132.62741661071777,5,0.868421052631579,0.6915420623364987,
237.0,88.42640578746796,6,0.5277777777777778,0.38088534611328395,
681.5,108.38477599620819,4,1.1071428571428572,0.7290195173941671,Square
636.5,127.29646444320679,4,0.6122448979591837,0.49360049747455587,Rectangle
457.5,89.01219248771667,7,0.5882352941176471,0.7256078384665768,
115.5,200.75230753421783,13,0.6511627906976745,0.0360139499229789,
338.0,100.5685408115387,5,0.6842105263157895,0.41995452646600956,
886.5,129.35533845424652,4,1.0,0.6657633606924186,Square
485.5,111.15432906150818,3,0.8648648648648649,0.49379459865977654,Triangle
2597.5,198.7523068189621,8,0.6575342465753424,0.8263063005705501,Circle
1212.5,146.87005722522736,4,0.717391304347826,0.706358349537459,Rectangle
785.0,117.79898953437805,4,1.0,0.7108801548283447,Square
132.5,208.89444243907928,8,0.5652173913043478,0.038156802182508026,
646.0,102.42640602588654,8,0.6052631578947368,0.773781805119336,
380.0,82.62741661071777,5,1.0,0.6994313776637464,
888.0,125.79898953437805,4,1.0303030303030303,0.7051289156063635,Square
400.0,100.42640709877014,4,0.9354838709677419,0.49839537607239903,Square
149.5,207.72286915779114,7,0.5416666666666666,0.04353939915087478,
176.0,130.225395321846,10,0.5476190476190477,0.13041608620732106,
508.5,94.38477599620819,4,1.04,0.7172935446655797,Square
1332.0,140.22539520263672,8,0.7708333333333334,0.8512570927417612,Circle
1199.5,144.5269113779068,4,0.7391304347826086,0.7216268319242982,Rectangle
385.0,97.25483322143555,3,1.0689655172413792,0.5115030252502145,Triangle
233.5,158.26702523231506,10,0.8372093023255814,0.11714287267243624,
111.5,151.29646337032318,3,4.142857142857143,0.06121067642583672,Triangle
122.0,147.94112479686737,2,11.5,0.07004737454141832,
158.0,54.97056245803833,5,1.0,0.6570623605845234,
174.5,68.18376553058624,6,0.8260869565217391,0.4716755139455925,
262.0,77.25483334064484,6,0.6206896551724138,0.5516451895403822,
671.0,99.25483298301697,8,0.7941176470588235,0.8559118878369321,Circle
666.0,107.79898953437805,4,1.0,0.7202026470698536,Square
936.5,118.32590055465698,8,0.8205128205128205,0.8405392705450352,Circle
212.5,72.52691173553467,4,0.9565217391304348,0.5076570573463812,Square
994.0,130.28427076339722,5,0.9459459459459459,0.7358889395752838,
229.0,288.71067678928375,8,0.7551020408163265,0.03452388464111793,
629.0,134.36753141880035,4,0.5686274509803921,0.4377960436923179,Rectangle
1040.5,123.15432810783386,8,0.7045454545454546,0.8620899657779372,Circle
736.5,118.87005722522736,6,0.8529411764705882,0.654994527768819,
310.0,89.25483322143555,4,0.896551724137931,0.48899911397467244,Square
186.5,219.9827550649643,8,1.0,0.0484296607101406,
1273.0,137.39696836471558,8,0.7659574468085106,0.8473912343986261,Circle
460.5,85.35533845424652,8,0.6451612903225806,0.7942882189107808,
1456.0,168.7695518732071,4,0.7959183673469388,0.6423667374461794,Rectangle
359.0,88.91168773174286,4,0.78125,0.5706720523888923,Rectangle
175.5,209.15432798862457,8,1.0,0.050414245656488395,
237.5,279.17871510982513,6,0.39759036144578314,0.038292072254686095,
498.0,136.225395321846,6,0.6666666666666666,0.3372275544000241,
756.5,118.87005722522736,4,0.9117647058823529,0.6727812087672933,Square
1247.5,138.46803557872772,8,0.7,0.8176197176720582,Circle
633.5,110.18376541137695,4,1.032258064516129,0.6557242779665438,Square
969.0,132.62741661071777,5,0.868421052631579,0.6922564652934579,
236.0,89.25483345985413,5,0.5277777777777778,0.3722702912306023,
677.5,109.21320307254791,4,1.1071428571428572,0.7137873952095104,Square
635.0,126.71067774295807,4,0.6122448979591837,0.49700088446673407,Rectangle
455.5,89.01219260692596,8,0.5882352941176471,0.7224357804070933,
124.0,221.82337510585785,13,0.6511627906976745,0.03166772984438014,
339.0,99.74011445045471,4,0.7027027027027027,0.42822285020334205,Rectangle
888.5,129.35533845424652,4,1.0,0.6672653648902581,Square
484.5,110.32590198516846,3,0.8888888888888888,0.5002057409158928,Triangle
2596.5,198.75230705738068,8,0.6575342465753424,0.8259881825925086,Circle
1214.5,147.69848430156708,4,0.717391304347826,0.6996088683913768,Rectangle
788.5,117.55634891986847,4,1.0,0.717000375668572,Square
645.0,101.59797894954681,8,0.6052631578947368,0.7852346240863673,
380.0,82.62741661071777,5,1.0,0.6994313776637464,
887.5,126.38477599620819,4,1.0303030303030303,0.6982142363371461,Square
402.0,100.4264065027237,4,0.9354838709677419,0.5008873588984507,Square
145.5,200.89444255828857,7,0.5416666666666666,0.045304048308927355,
193.0,124.2253954410553,9,0.5238095238095238,0.15716158397176755,
508.5,94.38477599620819,4,1.04,0.7172935446655797,Square
1334.0,140.2253955602646,8,0.7708333333333334,0.852535252196101,Circle
1202.5,145.35533845424652,4,0.7391304347826086,0.7152090079066226,Rectangle
384.0,97.25483322143555,3,1.0689655172413792,0.5101744459638503,Triangle
223.0,137.53910386562347,9,0.8372093023255814,0.14813659103806395,
120.5,174.61017167568207,7,4.5,0.04966584539279004,
123.0,147.94112479686737,2,11.5,0.07062153334913486,
161.0,54.14213538169861,4,1.0,0.6901841461207295,Square
173.5,68.18376553058624,6,0.8260869565217391,0.468972502404357,
262.0,78.08326041698456,6,0.6206896551724138,0.5400018861740699,
671.0,99.25483298301697,8,0.7941176470588235,0.8559118878369321,Circle
669.5,108.87005722522736,4,1.0,0.7098123363079745,Square
934.5,117.49747407436371,8,0.8205128205128205,0.8506131825309476,Circle
213.5,72.52691173553467,4,0.9565217391304348,0.5100460317338937,Square
996.5,129.69848430156708,5,0.9459459459459459,0.7444188564131152,
233.0,290.3675309419632,8,0.7551020408163265,0.034727193077300975,
636.5,133.78174436092377,6,0.5882352941176471,0.4469043308156368,
1041.5,123.15432810783386,8,0.7045454545454546,0.8629185001035286,Circle
734.5,118.87005722522736,6,0.8529411764705882,0.6532158596689714,
313.0,89.25483310222626,4,0.896551724137931,0.493731364783611,Square
188.0,219.39696860313416,8,1.0,0.04908021629430779,
1274.0,138.2253955602646,9,0.7659574468085106,0.837922030858079,Circle
461.5,86.18376553058624,8,0.6451612903225806,0.7807835211983144,
1454.0,168.7695518732071,4,0.7959183673469388,0.6414843655540831,Rectangle
359.0,88.91168737411499,4,0.78125,0.5706720569797,Rectangle
176.0,211.39696860313416,8,1.0,0.04949086235148519,
234.0,278.936074256897,6,0.39759036144578314,0.03779343382589951,
497.5,137.63960874080658,6,0.6666666666666666,0.3300016339968217,
755.5,119.69848430156708,4,0.9117647058823529,0.6626237995509849,Square
1249.5,138.46803545951843,8,0.7,0.8189305322567428,Circle
633.0,110.76955187320709,4,1.032258064516129,0.6482951559174859,Square
969.5,131.2132030725479,4,0.8918918918918919,0.7076240794044437,Square
237.5,89.01219296455383,6,0.5277777777777778,0.3766816607419737,
676.5,109.21320307254791,4,1.1071428571428572,0.7127338344785737,Square
638.5,128.95331692695618,4,0.6326530612244898,0.4825093468333946,Rectangle
1331.5,207.92387974262238,12,0.746031746031746,0.38702791852372226,
338.0,99.74011445045471,4,0.7027027027027027,0.42695965595495466,Rectangle
885.5,129.35533845424652,4,1.0,0.6650123585934988,Square
484.5,111.15432751178741,4,0.9166666666666666,0.4927775277482137,Square
2589.5,199.58073377609253,8,0.6575342465753424,0.8169369683112179,Circle
1210.5,147.69848430156708,4,0.717391304347826,0.6973046810932577,Rectangle
787.5,117.55634891986847,4,1.0,0.7160910536956252,Square
647.5,101.01219248771667,8,0.6052631578947368,0.7974473909433222,
382.0,82.62741661071777,5,1.0434782608695652,0.7031125954409241,
886.0,126.62741661071777,4,1.0303030303030303,0.6943654328435824,Square
400.5,101.01219272613525,3,0.9354838709677419,0.49324738002339685,Triangle
145.0,203.48022878170013,7,0.5208333333333334,0.044008182378383526,
185.5,129.2964631319046,7,0.5238095238095238,0.13943778904521636,
510.5,94.38477599620819,4,1.04,0.7201147582139202,Square
1335.0,140.2253955602646,8,0.7708333333333334,0.8531743340942991,Circle
1204.5,145.35533845424652,4,0.7391304347826086,0.7163985447181097,Rectangle
381.0,96.42640614509583,3,1.1071428571428572,0.5149236964899067,Triangle
234.0,172.50966608524323,10,0.7608695652173914,0.09880953428444203,
120.5,145.63960921764374,7,4.153846153846154,0.07139008532364577,
121.0,142.62741661071777,2,11.5,0.07474621442565597,
158.0,54.14213538169861,5,1.0,0.6773235719694116,
173.0,67.5979791879654,6,0.8260869565217391,0.4757606742404052,
260.5,76.66904723644257,7,0.6428571428571429,0.5569003091814726,
672.5,99.84061932563782,8,0.7941176470588235,0.8477886929177924,Circle
672.0,110.28427076339722,4,1.0,0.6943077059490453,Square
934.5,118.32590055465698,8,0.8205128205128205,0.8387442053650137,Circle
213.5,72.52691173553467,4,0.9565217391304348,0.5100460317338937,Square
994.5,129.69848430156708,5,0.9459459459459459,0.742924789465974,
232.0,289.5391038656235,8,0.7551020408163265,0.034776301875936874,
635.0,132.7106761932373,5,0.6,0.45307684254175445,
1039.5,123.15432810783386,8,0.7045454545454546,0.8612614314523457,Circle
735.0,118.28427076339722,5,0.8529411764705882,0.6601508846743847,
313.0,89.2548336982727,4,0.896551724137931,0.4937313581893054,Square
182.5,220.81118214130402,8,0.9714285714285714,0.04703602442391105,
1275.0,137.39696848392487,8,0.7659574468085106,0.8487225624378939,Circle
457.5,84.52691125869751,8,0.6451612903225806,0.8046573144734357,Circle
1456.0,168.7695518732071,4,0.7959183673469388,0.6423667374461794,Rectangle
359.5,89.49747371673584,4,0.78125,0.5640105215784366,Rectangle
169.5,210.81118214130402,8,1.0,0.04792832807055731,
246.5,279.1787141561508,6,0.39759036144578314,0.039743140527441385,
495.5,138.46803605556488,6,0.6875,0.32475396177654436,
758.0,119.4558436870575,4,0.8823529411764706,0.6675199805341929,Square
1247.0,138.2253955602646,9,0.68,0.8201638716483709,Circle
630.5,110.18376541137695,4,1.0,0.6526190327670179,Square
967.5,132.04163014888763,4,0.8918918918918919,0.6973311777244343,Square
239.0,89.25483298301697,6,0.5277777777777778,0.3770025447236129,
679.5,109.21320307254791,4,1.1071428571428572,0.7158945166713835,Square
637.0,126.71067583560944,4,0.6122448979591837,0.4985662565927863,Rectangle
1333.5,208.7523069381714,12,0.746031746031746,0.3845389329367673,
335.5,100.32590043544769,4,0.7027027027027027,0.4188671058346776,Rectangle
884.0,129.5979790687561,4,1.0,0.6614022538293355,Square
488.5,111.98275589942932,5,0.8918918918918919,0.4895219041213857,
2588.5,198.7523066997528,8,0.6575342465753424,0.8234432575910052,Circle
1210.5,147.69848430156708,4,0.717391304347826,0.6973046810932577,Rectangle
785.0,118.62741661071777,4,0.96875,0.7009860499260729,Square
646.0,101.59797883033752,8,0.6052631578947368,0.7864520439537628,
380.0,82.62741661071777,5,1.0434782608695652,0.6994313776637464,
884.5,127.21320307254791,4,1.0303030303030303,0.6868206207988128,Square
401.5,100.18376517295837,3,0.9354838709677419,0.5026905423096755,Triangle
143.5,204.06601464748383,7,0.5208333333333334,0.043303240724576676,
189.5,120.81118214130402,8,0.5238095238095238,0.16315666158500916,
509.5,93.55634891986847,4,1.04,0.7314885331920702,Square
1337.0,140.22539615631104,8,0.7708333333333334,0.8544524906267702,Circle
1200.5,145.35533845424652,4,0.7391304347826086,0.7140194710951355,Rectangle
382.0,96.42640614509583,5,1.1071428571428572,0.516275202254972,
106.5,125.9827550649643,10,4.0,0.08432129518758208,
235.0,154.50966572761536,9,0.8181818181818182,0.12369906597546992,
119.0,139.4558436870575,2,11.166666666666666,0.07689239540137471,
160.0,53.31370830535889,4,1.0,0.7073788386337545,Square
174.0,66.76955163478851,6,0.8636363636363636,0.4904584174697939,
265.0,75.5979791879654,6,0.6428571428571429,0.5826870483358573,
670.5,99.8406195640564,8,0.7941176470588235,0.8452673842178569,Circle
671.5,107.21320307254791,4,1.0,0.7341069554190929,Square
933.5,117.49747359752655,8,0.8205128205128205,0.8497029559524519,Circle
215.0,71.94112491607666,4,0.9565217391304348,0.5220280927996672,Square
993.5,129.69848430156708,5,0.9459459459459459,0.7421777559924033,
238.5,289.2964632511139,8,0.7346938775510204,0.035810633085020166,
207.5,223.03657686710358,8,0.6,0.05241743714693424,
1040.0,124.22539579868317,8,0.7272727272727273,0.8468810693759028,Circle
739.0,119.11269783973694,5,0.8529411764705882,0.6545429957179035,
314.0,89.2548336982727,4,0.896551724137931,0.49530877466914347,Square
176.5,218.81118214130402,8,0.9714285714285714,0.04632501289280827,
1274.0,138.22539520263672,9,0.7659574468085106,0.8379220351939577,Circle
458.5,85.35533845424652,9,0.625,0.7908385415213746,
1456.0,167.94112479686737,4,0.7959183673469388,0.6487197556809848,Rectangle
359.0,88.08325970172882,4,0.8064516129032258,0.5814569369720142,Square
173.5,208.81118214130402,8,1.0,0.050003665240733866,
242.0,281.4213546514511,6,0.40963855421686746,0.03839822344818319,
495.5,138.468035697937,6,0.6530612244897959,0.3247539634540588,
757.0,119.4558436870575,5,0.9117647058823529,0.6666393473144909,
1249.5,139.63960909843445,9,0.7,0.8052465553524344,Circle
634.0,110.76955187320709,4,1.0,0.6493193188810207,Square
971.5,132.87005722522736,4,0.8918918918918919,0.6915099362944847,Square
240.0,88.42640554904938,5,0.5277777777777778,0.38570668168830236,
676.5,109.21320307254791,4,1.1071428571428572,0.7127338344785737,Square
637.5,127.29646241664886,3,0.6122448979591837,0.4943760049632736,Triangle
1338.5,207.92387986183167,12,0.746031746031746,0.3890626123544789,
337.5,100.32590091228485,4,0.7027027027027027,0.42136407414425114,Rectangle
881.0,129.5979790687561,4,1.0,0.6591576760448468,Square
484.5,113.15432798862457,4,0.8918918918918919,0.4755118080388101,Square
2592.5,198.409161567688,8,0.6575342465753424,0.8275708508701209,Circle
1211.5,146.04163014888763,4,0.7333333333333333,0.7138055798045079,Rectangle
785.0,118.62741661071777,4,0.96875,0.7009860499260729,Square
645.5,101.01219236850739,8,0.6052631578947368,0.7949842348554159,
381.0,83.4558436870575,5,1.0,0.6874186899274134,
888.5,126.04163014888763,4,1.0303030303030303,0.7028121701099104,Square
401.5,101.01219236850739,3,0.9354838709677419,0.49447896250108364,Triangle
144.5,205.72286903858185,7,0.5416666666666666,0.04290546037183432,
174.5,120.81118202209473,8,0.5238095238095238,0.15024188655815704,
510.5,93.55634891986847,4,1.04,0.732924231981456,Square
1337.0,140.22539603710175,8,0.7708333333333334,0.8544524920795551,Circle
1200.5,145.35533845424652,4,0.723404255319149,0.7140194710951355,Rectangle
381.0,96.42640614509583,5,1.1071428571428572,0.5149236964899067,
235.0,148.85281217098236,9,0.813953488372093,0.13327958707387777,
123.0,146.76955199241638,2,11.5,0.07175349146436841,
159.5,53.899494767189026,4,1.0,0.6899238571029528,Square
177.0,66.76955211162567,5,0.8636363636363636,0.498914589955309,
264.0,76.42640614509583,7,0.6428571428571429,0.5679719852959102,
671.5,101.49747383594513,8,0.8,0.8191160100233943,Circle
667.5,106.38477599620819,4,1.0344827586206897,0.7411432662457902,Square
934.5,117.49747371673584,8,0.775,0.8506131877089819,Circle
216.5,72.52691125869751,4,0.9565217391304348,0.5172129616973921,Square
997.5,130.5269112586975,6,0.9459459459459459,0.7357370829275627,
239.0,287.8822498321533,8,0.7346938775510204,0.036239148846297344,
630.0,133.53910493850708,5,0.6,0.4439494185095963,
1040.0,123.74011468887329,8,0.7441860465116279,0.8535366517328877,Circle
738.0,118.28427076339722,4,0.8529411764705882,0.6628453780812188,Square
311.0,90.42640590667725,5,0.896551724137931,0.4779469710758884,
184.0,219.39696860313416,8,1.0,0.0480359563731523,
1275.5,138.81118214130402,8,0.7659574468085106,0.8318431055033676,Circle
459.0,83.94112491607666,8,0.59375,0.8186023358468066,Circle
1461.0,168.76955199241638,4,0.78,0.6445726662658409,Rectangle
362.0,88.08326041698456,4,0.8064516129032258,0.5863158990681326,Square
177.5,209.63960921764374,8,1.0,0.050752978970751435,
244.0,284.2497818470001,6,0.40963855421686746,0.037948919088573875,
502.5,136.46803617477417,7,0.6530612244897959,0.33906584647663746,
758.0,117.79898953437805,4,0.9393939393939394,0.6864294998215098,Square
1254.0,140.71067655086517,8,0.7,0.795890458418812,
639.0,109.94112479686737,5,1.0,0.6643399514620664,
971.0,132.62741661071777,5,0.8918918918918919,0.6936852712073763,
237.5,90.6690468788147,6,0.5277777777777778,0.36304075118435936,
678.0,109.4558436870575,4,1.0689655172413792,0.7111507168530324,Square
636.5,126.46803689002991,3,0.6122448979591837,0.5000883271297762,Triangle
1333.0,208.16652011871338,12,0.7619047619047619,0.3865611894531088,
337.5,100.3259003162384,4,0.7027027027027027,0.42136407915098545,Rectangle
886.0,129.5979790687561,4,1.0,0.6628986390189946,Square
484.5,112.32590103149414,3,0.8648648648648649,0.48255167048825376,Triangle
2598.0,198.16652059555054,8,0.6575342465753424,0.8313586934687153,Circle
1212.0,145.4558436870575,4,0.7333333333333333,0.7198634714939303,Rectangle
783.5,119.21320307254791,4,0.96875,0.6927876720396674,Square
649.0,101.59797894954681,8,0.6052631578947368,0.7901042961737247,
383.0,81.79898953437805,4,1.0,0.7193044718695482,Square
884.0,126.62741661071777,4,1.0625,0.6927980165166219,Square
397.0,100.42640578746796,3,0.9354838709677419,0.4946574236696806,Triangle
150.5,204.89444184303284,7,0.5416666666666666,0.045049088589981474,
170.5,121.982754945755,7,0.5238095238095238,0.14399167119768588,
506.0,92.14213538169861,4,1.0833333333333333,0.7489344971488057,Square
1337.5,140.81118190288544,8,0.7708333333333334,0.8476749848423437,Circle
1205.5,145.35533845424652,4,0.723404255319149,0.7169933131238533,Rectangle
380.5,97.01219260692596,4,1.1071428571428572,0.5080563507437871,Square
233.5,146.6101713180542,9,0.8333333333333334,0.1365112823930137,
126.5,107.49747347831726,8,4.090909090909091,0.13756370853366642,
129.0,145.94112491607666,2,11.333333333333334,0.07611043346850764,
159.0,52.485281229019165,5,1.0714285714285714,0.7253238049594286,
177.0,66.76955223083496,5,0.8636363636363636,0.49891458817380085,
266.5,75.01219284534454,4,0.6206896551724138,0.5951731825883975,Rectangle
667.5,99.8406195640564,8,0.7941176470588235,0.8414854272414906,Circle
669.0,106.97056245803833,4,1.0344827586206897,0.7346955731976322,Square
934.0,118.08326029777527,8,0.775,0.8417440769218161,Circle
215.0,73.5979790687561,6,0.9583333333333334,0.4987886305658806,
1000.0,131.11269783973694,5,0.9459459459459459,0.7310050152242078,
234.5,287.2964632511139,8,0.7346938775510204,0.0357019676179916,
631.5,134.95331704616547,5,0.6,0.4357286249762381,
1037.0,123.74011433124542,8,0.7441860465116279,0.8510745316954373,Circle
727.5,115.21320307254791,4,0.8484848484848485,0.6887131260912899,Square
312.0,90.42640602588654,3,0.896551724137931,0.47948377679263116,Triangle
186.5,220.81118214130402,8,1.0294117647058822,0.0480669509866269,
1274.5,139.63960874080658,8,0.7872340425531915,0.8213579352168687,Circle
461.5,84.5269113779068,8,0.59375,0.8116925673924675,Circle
1481.5,167.69848430156708,4,0.78,0.6619927681922814,Rectangle
361.5,89.49747347831726,4,0.8387096774193549,0.5671482743725101,Square
180.0,208.22539567947388,8,1.0,0.05216929610983668,
138.5,175.154327750206,5,0.3939393939393939,0.05673066737107845,
108.5,105.78174412250519,6,0.9444444444444444,0.12184792996197501,
498.0,139.05382335186005,7,0.6530612244897959,0.3236483056659803,
754.5,120.04163014888763,4,0.9117647058823529,0.6579688587677379,Square
1254.0,139.88224971294403,8,0.7,0.8053454023895195,Circle
638.0,109.94112479686737,5,1.0,0.6633002958259755,
969.0,133.4558436870575,5,0.868421052631579,0.6836887767903647,
237.5,90.66904628276825,6,0.5277777777777778,0.36304075595752416,
677.5,110.87005722522736,5,1.0344827586206897,0.6926129703547512,
633.5,126.46803689002991,3,0.6122448979591837,0.49773127295634445,Triangle
1337.0,209.8233743906021,12,0.75,0.38162211760766257,
265.0,86.76955163478851,6,0.45714285714285713,0.44230416739092554,
121.5,164.75230705738068,8,0.7027027027027027,0.05625007843010354,
883.5,129.01219260692596,4,1.0,0.6670446500338293,Square
483.5,112.3259015083313,3,0.8648648648648649,0.4815556877196701,Triangle
2599.0,198.16652047634125,8,0.6575342465753424,0.8316786939664277,Circle
1222.5,147.6984841823578,4,0.717391304347826,0.7042172441243798,Rectangle
776.5,120.04163014888763,4,0.96875,0.6771541667768701,Square
126.0,210.65180134773254,7,0.5869565217391305,0.03568207112920763,
646.5,100.18376541137695,8,0.5789473684210527,0.8094381919212387,Circle
386.5,81.55634891986847,4,1.0,0.7302033344621293,Square
874.0,125.79898953437805,4,1.03125,0.6940120182882451,Square
395.5,101.84062016010284,3,0.90625,0.4791972104843733,Triangle
151.0,203.8233743906021,7,0.5416666666666666,0.0456750295288268,
176.0,123.39696836471558,7,0.5238095238095238,0.14524913402386935,
504.0,92.14213538169861,4,1.0833333333333333,0.7459742817450555,Square
1339.0,141.05382299423218,8,0.7916666666666666,0.8457085441900472,Circle
1201.5,143.69848430156708,5,0.7391304347826086,0.7311883522559206,
381.5,97.01219260692596,3,1.1071428571428572,0.5093915842542833,Triangle
232.0,140.02438485622406,10,0.8333333333333334,0.14869299255544507,
130.5,142.87005722522736,3,11.166666666666666,0.08034113046791416,Triangle
157.0,51.65685415267944,4,1.0,0.7393560096853327,Square
178.0,67.94112467765808,7,0.8260869565217391,0.48457879180101426,
263.5,75.01219260692596,4,0.6206896551724138,0.5884733005964994,Rectangle
665.0,99.25483298301697,8,0.7941176470588235,0.8482584283331742,Circle
665.5,106.38477599620819,4,1.0344827586206897,0.7389226122645293,Square
935.5,118.66904675960541,8,0.775,0.8347929030372608,Circle
218.0,73.5979790687561,4,0.9583333333333334,0.5057484719226137,Square
1003.5,130.5269113779068,5,0.9210526315789473,0.7401625677886906,
232.5,286.46803617477417,8,0.7346938775510204,0.03560249872422794,
633.0,134.36753141880035,5,0.6,0.4405801202817762,
1034.0,123.74011421203613,8,0.7441860465116279,0.8486124083593635,Circle
729.5,114.38477599620819,4,0.8484848484848485,0.7006460988127772,Square
307.5,89.8406195640564,3,0.9285714285714286,0.4787507943809541,Triangle
185.0,220.22539567947388,8,1.0294117647058822,0.047934344689948026,
1273.5,137.9827550649643,8,0.7659574468085106,0.8405415548594792,Circle
464.5,85.35533845424652,8,0.625,0.8011875736895933,Circle
1476.0,167.11269783973694,4,0.78,0.6641670417584671,Rectangle
361.5,89.49747383594513,4,0.8387096774193549,0.5671482698399123,Square
186.0,207.39696860313416,8,0.9714285714285714,0.05433979550049693,
137.5,173.982754945755,5,0.3939393939393939,0.057082128031042595,
105.5,104.6101713180542,3,0.9444444444444444,0.12114751130528245,Triangle
498.5,142.12489020824432,7,0.6530612244897959,0.31012354682069404,
752.0,118.62741661071777,4,0.8823529411764706,0.6715178465533845,Square
1248.5,138.46803665161133,9,0.7,0.8182751115789861,Circle
641.5,109.35533845424652,5,1.0,0.6741034450094824,
971.0,135.11269783973694,5,0.8947368421052632,0.668400494295606,
239.0,88.42640566825867,6,0.5,0.38409956947897744,
677.0,110.28427076339722,4,1.0689655172413792,0.6994736859040233,Square
637.0,127.53910386562347,3,0.6,0.4921104348588346,Triangle
580.0,315.5634888410568,14,0.75,0.07319212557720732,
264.5,87.35533833503723,6,0.45714285714285713,0.4355686763219457,
335.0,99.74011504650116,4,0.7027027027027027,0.42317006815206776,Rectangle
886.5,127.35533845424652,4,0.972972972972973,0.686837968902668,Square
488.0,113.74011468887329,3,0.8648648648648649,0.4740262175077869,Triangle
2599.0,198.16652023792267,8,0.6575342465753424,0.8316786959676502,Circle
1227.5,146.87005710601807,4,0.717391304347826,0.715096804507008,Rectangle
771.5,117.55634891986847,5,0.96875,0.7015419021284759,
643.5,101.01219248771667,8,0.5789473684210527,0.7925210750147148,
382.5,81.55634891986847,4,1.0,0.7226462495000374,Square
883.0,127.4558436870575,4,1.0625,0.6830477473315322,Square
396.5,101.49747514724731,4,0.90625,0.4836626799438018,Square
150.5,204.89444196224213,7,0.5416666666666666,0.04504908853756161,
176.0,127.88224983215332,10,0.5238095238095238,0.1352390138958995,
505.0,92.97056233882904,5,1.125,0.7341931470492908,
1337.0,141.88224959373474,8,0.7916666666666666,0.8346129899151922,Circle
1205.0,143.4558436870575,4,0.717391304347826,0.7358010834710327,Rectangle
382.0,98.42640614509583,3,1.1071428571428572,0.49550720185098884,Triangle
236.0,146.02438473701477,10,0.8333333333333334,0.13908205434074922,
122.0,127.79898953437805,3,10.166666666666666,0.09386741426865225,Triangle
161.0,52.485281229019165,4,1.0714285714285714,0.734447374833132,Square
176.0,66.76955187320709,8,0.8260869565217391,0.4960958670012728,
263.5,75.01219296455383,4,0.6206896551724138,0.5884732949852929,Rectangle
673.0,100.42640626430511,8,0.7941176470588235,0.8385502341772066,Circle
664.5,106.38477599620819,4,1.0344827586206897,0.737812285273899,Square
943.5,118.32590055465698,8,0.8,0.8468219986751101,Circle
218.5,74.18376588821411,5,0.9583333333333334,0.4989345202278631,
993.5,128.87005722522736,5,0.8947368421052632,0.7517504430563511,
235.5,288.46803617477417,8,0.7346938775510204,0.035563572375301535,
633.0,133.53910326957703,5,0.5882352941176471,0.446063474509166,
1037.0,123.740114569664,8,0.7441860465116279,0.8510745284157898,Circle
145.0,61.94112503528595,7,0.7727272727272727,0.4749191566371349,
739.5,114.38477599620819,5,0.8484848484848485,0.710250568981561,
306.0,89.25483310222626,3,0.9285714285714286,0.4826894492772683,Triangle
187.0,220.22539567947388,8,1.0294117647058822,0.048452553821731255,
1276.0,137.39696860313416,8,0.7659574468085106,0.8493882257188431,Circle
463.0,85.5979790687561,9,0.625,0.7940792221833376,
1470.0,170.42640602588654,4,0.8,0.6359945989354052,Square
361.5,89.49747383594513,4,0.8387096774193549,0.5671482698399123,Square
181.5,207.15432798862457,8,1.0,0.05314941281387419,
247.5,280.83556723594666,6,0.40963855421686746,0.03943490949512058,
514.5,141.78174424171448,6,0.673469387755102,0.3216285652381097,
748.5,119.21320307254791,5,0.8823529411764706,0.6618399138758021,
1246.0,139.05382239818573,8,0.7,0.8097706714683849,Circle
639.5,109.35533833503723,4,1.032258064516129,0.6720017989453355,Square
971.0,135.11269783973694,5,0.8947368421052632,0.668400494295606,
239.0,90.0832599401474,6,0.5277777777777778,0.37010041904226587,
678.0,108.62741661071777,4,1.1071428571428572,0.722038998990947,Square
639.0,125.53910279273987,4,0.6,0.5095099636279512,Rectangle
583.5,306.00714004039764,14,0.7619047619047619,0.0783046593323812,
263.0,85.94112467765808,6,0.45714285714285713,0.4474696114575911,
123.5,164.7523069381714,8,0.7027027027027027,0.057176005729801284,
886.0,128.76955199241638,4,0.972972972972973,0.6714554704800386,Square
489.0,112.56854116916656,4,0.8648648648648649,0.4849362473352509,Square
2596.0,198.16652047634125,8,0.6575342465753424,0.8307186954739693,Circle
1221.5,146.04163014888763,4,0.717391304347826,0.7196974954446607,Rectangle
772.0,118.62741661071777,4,1.0,0.6893773637489532,Square
133.5,206.75230705738068,8,0.5652173913043478,0.03924554830228135,
644.0,102.42640602588654,8,0.5897435897435898,0.771386195815561,
382.0,80.97056245803833,4,1.0,0.7321817754215435,Square
879.0,129.94112491607666,4,1.0625,0.6541924004055828,Square
398.0,102.08326029777527,5,0.9375,0.4799366018768502,
160.5,204.40916097164154,7,0.5306122448979592,0.04827076588257985,
180.5,121.63960874080658,8,0.5476190476190477,0.1532981949501249,
508.5,93.55634891986847,4,1.125,0.7300528344026843,Square
1344.0,141.88224935531616,8,0.7916666666666666,0.8389826942527218,Circle
1201.0,143.4558436870575,4,0.717391304347826,0.7333585902478923,Rectangle
384.0,97.25483310222626,3,1.1071428571428572,0.5101744472145342,Triangle
240.0,145.19595742225647,9,0.8333333333333334,0.1430579693486669,
126.5,133.2132030725479,3,10.666666666666666,0.08957892528108154,Triangle
163.0,53.31370830535889,4,1.0714285714285714,0.7206421918581374,Square
178.5,68.18376541137695,5,0.8260869565217391,0.48248756179765157,
253.5,75.35533893108368,4,0.5862068965517241,0.560996010268459,Rectangle
669.5,99.8406195640564,8,0.7941176470588235,0.8440067318924015,Circle
660.5,110.04163014888763,4,1.0689655172413792,0.6854387538057051,Square
947.5,118.32590067386627,9,0.8,0.8504121273216309,Circle
215.5,74.5269113779068,6,1.0,0.487563170267601,
1001.0,131.11269783973694,5,0.9210526315789473,0.7317360202394321,
244.0,289.0538227558136,8,0.7551020408163265,0.03669798811786761,
636.0,133.53910398483276,5,0.6,0.4481775146110393,
1034.5,123.154327750206,8,0.7441860465116279,0.8571187648023627,Circle
147.0,61.94112479686737,7,0.7727272727272727,0.4814697694006649,
740.0,116.62741661071777,4,0.8787878787878788,0.6836601598499176,Square
306.0,89.59797894954681,5,0.8928571428571429,0.47899928330792346,
187.5,220.81118214130402,8,1.0294117647058822,0.04832468262730587,
1271.0,136.5685418844223,8,0.782608695652174,0.8563554568304641,Circle
467.0,85.59797894954681,8,0.625,0.8009395200702296,Circle
1475.0,168.76955199241638,4,0.78,0.6507492695017901,Rectangle
361.0,91.25483310222626,5,0.8387096774193549,0.5447601309907701,
183.0,206.56854152679443,8,1.0,0.05389302825788025,
245.0,280.59292697906494,6,0.40963855421686746,0.03910411933756477,
513.5,140.95331692695618,7,0.673469387755102,0.3247878030688323,
751.0,119.4558436870575,4,0.8823529411764706,0.6613555479962783,Square
1247.0,138.22539579868317,8,0.68,0.8201638688190456,Circle
643.5,111.35533845424652,4,1.064516129032258,0.652133230205453,Square
976.0,134.28427076339722,5,0.868421052631579,0.6801573437904012,
238.5,87.8406194448471,4,0.5277777777777778,0.3884252625340405,Rectangle
682.0,108.62741661071777,4,1.1071428571428572,0.7262988160941385,Square
641.5,126.12489128112793,4,0.6,0.5067630192407538,Rectangle
574.0,289.7644993066788,14,0.746031746031746,0.08590756381505751,
124.5,164.75230717658997,7,0.7027027027027027,0.0576389691721269,
891.0,127.11269783973694,4,1.0,0.6929624398435906,Square
489.5,113.15432751178741,4,0.8918918918918919,0.4804190546888425,Square
2596.0,199.33809316158295,8,0.6575342465753424,0.8209826006115453,Circle
1221.0,148.28427076339722,4,0.7391304347826086,0.6978070558652617,Rectangle
770.5,117.55634891986847,4,1.0,0.7006325801555291,Square
128.0,208.99494743347168,8,0.5652173913043478,0.03682546672654649,
651.0,102.42640590667725,8,0.5897435897435898,0.779770830193851,
381.0,81.79898953437805,4,1.0434782608695652,0.715548312747514,Square
875.0,127.4558436870575,4,1.0625,0.6768593192696384,Square
398.0,103.25483357906342,4,0.9354838709677419,0.4691072597354454,Square
159.5,201.23758780956268,7,0.5416666666666666,0.04949397625462671,
187.5,131.78174424171448,9,0.5348837209302325,0.13567525080787834,
515.5,95.21320307254791,4,1.125,0.714569018462095,Square
1343.0,141.8822499513626,8,0.7916666666666666,0.8383584441327636,Circle
1211.0,143.94112491607666,4,0.7391304347826086,0.7344871841483863,Rectangle
382.5,97.8406195640564,3,1.1071428571428572,0.5021146759035324,Triangle
229.0,133.5391036272049,9,0.8571428571428571,0.16137209338937747,
127.0,136.62741661071777,3,10.833333333333334,0.08549443994193313,Triangle
168.0,54.14213538169861,5,1.1428571428571428,0.7201921524738049,
181.5,68.18376505374908,5,0.9090909090909091,0.49059660159612917,
243.5,76.18376517295837,6,0.6428571428571429,0.5272103945071667,
674.5,99.8406194448471,8,0.7941176470588235,0.8503099955502118,Circle
172.5,195.98275482654572,9,1.0689655172413792,0.05643691258373499,
950.5,118.32590067386627,8,0.8,0.8531047250862375,Circle
218.5,74.18376541137695,5,1.0434782608695652,0.49893452664194893,
1008.0,132.7695518732071,5,0.9459459459459459,0.7185771736897123,
247.5,295.92387998104095,8,0.7755102040816326,0.03551608135794926,
641.5,134.95331704616547,5,0.6,0.44262852402574304,
174.0,234.30865585803986,13,0.7441860465116279,0.03982744504097789,
740.5,116.04163014888763,4,0.8484848484848485,0.6910465205535395,Square
305.0,90.42640614509583,5,0.9285714285714286,0.46872612671849,
188.5,221.63960921764374,8,1.0294117647058822,0.048219917947535794,
1276.0,137.39696860313416,8,0.782608695652174,0.8493882257188431,Circle
461.0,85.94112479686737,8,0.625,0.7843478718999092,
1468.0,169.11269772052765,4,0.8163265306122449,0.6450353031971789,Square
362.5,89.49747323989868,4,0.8387096774193549,0.5687171522971307,Square
188.5,209.9827550649643,8,1.0294117647058822,0.05372222104397642,
244.0,280.5929285287857,7,0.40963855421686746,0.038944510257024625,
504.0,137.88224971294403,6,0.6875,0.33313762006662295,
756.0,119.4558436870575,4,0.9117647058823529,0.6657587140947888,Square
1244.5,137.63960874080658,8,0.68,0.8255015748925519,Circle
639.0,109.94112491607666,4,1.032258064516129,0.6643399500213772,Square
979.5,133.69848430156708,5,0.868421052631579,0.6885909914285785,
241.5,85.84061980247498,4,0.5428571428571428,0.41185212358078205,Rectangle
678.0,108.97056245803833,4,1.1071428571428572,0.7174987896752979,Square
643.0,125.88225030899048,3,0.6122448979591837,0.5099080181457329,Triangle
567.5,285.1787129640579,14,0.746031746031746,0.08768827374802135,
118.0,162.50966620445251,7,0.7027027027027027,0.056147894445985516,
889.0,127.11269783973694,4,1.0,0.6914069685981504,Square
495.0,113.74011480808258,4,0.8918918918918919,0.4808257728985718,Square
2592.5,197.9238796234131,8,0.6438356164383562,0.8316340041637827,Circle
1227.5,148.5269112586975,4,0.7391304347826086,0.6992316300312004,Rectangle
775.0,117.79898953437805,4,1.0,0.7018243566776651,Square
646.0,101.59797894954681,8,0.6052631578947368,0.7864520421082066,
380.5,82.38477599620819,4,1.0434782608695652,0.7044831252277928,Square
880.0,125.79898953437805,4,1.0625,0.698776402853153,Square
404.0,101.25483405590057,4,0.9354838709677419,0.49517612466818195,Square
148.0,149.48022842407227,8,0.5306122448979592,0.08323463391563282,
188.0,126.71067667007446,10,0.5476190476190477,0.14714357143626758,
515.5,93.55634891986847,4,1.125,0.740102725928385,Square
1339.5,141.63960909843445,8,0.7916666666666666,0.8390409220805904,Circle
1202.5,144.5269113779068,4,0.7391304347826086,0.7234316510120623,Rectangle
382.0,97.25483310222626,3,1.0714285714285714,0.5075172886352919,Triangle
220.5,130.95331704616547,8,0.8571428571428571,0.16157919893009867,
132.0,137.79898953437805,3,11.0,0.08735579678518306,Triangle
165.0,55.79898953437805,7,1.1428571428571428,0.6659492582414434,
179.0,68.7695517539978,5,0.9090909090909091,0.4756313889454545,
124.5,91.1543288230896,9,0.6296296296296297,0.18828885745019133,
670.5,102.66904664039612,8,0.8235294117647058,0.7993363952300206,
668.0,110.28427076339722,4,1.0689655172413792,0.6901749219850629,Square
942.0,119.25483310222626,8,0.775,0.8323553760621161,Circle
219.5,74.18376588821411,3,1.1363636363636365,0.501217973409684,Triangle
1004.0,132.76955199241638,5,0.9473684210526315,0.7157256756834697,
209.0,247.88224971294403,8,0.7916666666666666,0.04274302867611791,
642.5,136.12489116191864,6,0.62,0.4357204113596188,
738.0,118.28427076339722,4,0.8787878787878788,0.6628453780812188,Square
128.5,145.78174471855164,7,0.9285714285714286,0.07598129732700862,
196.5,223.63960909843445,8,1.0588235294117647,0.04937134626355618,
1272.5,137.98275458812714,8,0.782608695652174,0.8398815358863001,Circle
1467.5,166.5269113779068,4,0.7959183673469388,0.6649961326928133,Rectangle
362.5,88.6690468788147,4,0.8064516129032258,0.5793937346389735,Square
192.0,213.0538227558136,8,1.0294117647058822,0.053153569016067145,
254.5,284.4924223423004,6,0.42168674698795183,0.039514477570230314,
520.5,135.63960897922516,6,0.6875,0.3555146809685253,
740.5,119.69848430156708,4,0.8823529411764706,0.6494678008835266,Square
150.5,251.8650051355362,13,0.7,0.029813344938548987,
636.0,109.11269783973694,4,1.032258064516129,0.671299605197218,Square
987.0,135.94112491607666,5,0.8947368421052632,0.671158813933722,
103.5,133.2964631319046,7,0.5428571428571428,0.0732003169795454,
686.5,110.87005722522736,4,1.1428571428571428,0.7018137330605708,Square
638.5,127.29646241664886,4,0.625,0.495151496735765,Rectangle
134.0,243.62236368656158,12,1.0227272727272727,0.028371373252775785,
109.0,122.85281240940094,7,0.7297297297297297,0.0907540794452575,
901.5,127.69848430156708,4,1.0,0.6947108953328613,Square
495.5,113.98275542259216,5,0.9444444444444444,0.47926445455941635,
2591.0,200.16652059555054,8,0.6486486486486487,0.8126328920739486,Circle
1259.0,146.62741661071777,4,0.7555555555555555,0.7358769985101886,Rectangle
780.5,119.21320307254791,4,1.0,0.6901350070541932,Square
646.5,103.01219260692596,8,0.6052631578947368,0.7655986004291796,
394.0,85.4558436870575,4,1.0434782608695652,0.6779888527161492,Square
891.5,126.38477599620819,4,1.0625,0.7013611174023275,Square
404.0,102.42640614509583,4,0.9354838709677419,0.4839130782361495,Square
150.5,148.06601512432098,7,0.5625,0.086265190766933,
187.5,132.95331799983978,9,0.5348837209302325,0.13329466756320896,
522.0,96.62741661071777,4,1.1666666666666667,0.7025538690863489,Square
196.0,260.4507917165756,13,0.7708333333333334,0.036309023701763955,
1213.5,145.35533845424652,4,0.7391304347826086,0.7217514603698016,Rectangle
384.5,95.84061968326569,4,1.1071428571428572,0.5260257230000515,Square
220.0,129.5391035079956,8,0.8571428571428571,0.16475202851673607,
124.5,144.87005722522736,2,11.5,0.07454558926915515,
161.0,54.14213538169861,7,1.1428571428571428,0.6901841461207295,
174.0,66.76955151557922,5,0.8636363636363636,0.4904584192211071,
135.5,93.98275589942932,9,0.6666666666666666,0.19277593022378287,
664.0,106.97056245803833,4,1.0344827586206897,0.7292045748927173,Square
131.0,178.50966584682465,11,0.75,0.05166039061166874,
109.5,112.32590067386627,8,1.0909090909090908,0.10905966616084292,
987.5,132.5269113779068,5,0.9459459459459459,0.7065433532423382,
222.0,285.0538227558136,8,0.75,0.03433279017865937,
652.0,135.53910434246063,5,0.62,0.4459931997211611,
736.5,117.21320307254791,4,0.8787878787878788,0.673642605823207,Square
129.0,130.71067655086517,7,0.9642857142857143,0.09488060586369729,
177.0,220.22539567947388,8,1.0588235294117647,0.045861508162815146,
211.5,249.8650040626526,13,0.782608695652174,0.04257056056798134,
1463.5,167.35533833503723,4,0.7959183673469388,0.6566341271938088,Rectangle
121.0,151.6812390089035,9,0.8387096774193549,0.06608935284832837,
184.0,209.0538227558136,8,1.0606060606060606,0.0529067958001089,
134.5,173.9827550649643,6,0.4153846153846154,0.05583669970657633,
118.0,108.02438640594482,6,0.9722222222222222,0.12707152882904355,
519.0,141.19595766067505,6,0.7083333333333334,0.3271392812477788,
155.0,211.88224983215332,10,0.9090909090909091,0.04338627959579141,
639.0,110.7695517539978,4,1.064516129032258,0.6544401351073006,Square
1007.0,138.76955199241638,4,0.9722222222222222,0.6571294971234102,Square
148.0,200.08326017856598,10,1.1428571428571428,0.046456883137995335,
141.0,155.96550989151,5,0.6458333333333334,0.0728403188022484,
109.0,129.1959583759308,9,1.088235294117647,0.08206132144646851,
113.0,120.02438497543335,7,0.75,0.09857103779508096,
898.0,130.76955199241638,4,1.0277777777777777,0.6598920996450087,Square
497.0,113.74011433124542,5,0.8918918918918919,0.4827685073419804,
147.0,211.48022878170013,9,0.6774193548387096,0.04130357617334488,
211.0,277.53910398483276,9,0.7777777777777778,0.034422622614955205,
772.0,118.62741661071777,4,1.032258064516129,0.6893773637489532,Square
123.5,175.78174448013306,13,0.6052631578947368,0.05022607968313709,
381.0,85.4558436870575,5,1.0869565217391304,0.6556186621442965,
885.5,129.69848430156708,4,1.09375,0.6614981408467773,Square
401.0,104.08326065540314,3,0.967741935483871,0.4651493929341771,Triangle
152.5,145.58073377609253,7,0.5531914893617021,0.09042154005116387,
189.5,131.78174471855164,8,0.5348837209302325,0.1371224524908386,
528.5,96.87005722522736,4,1.1666666666666667,0.7077432614795307,Square
204.5,243.8650040626526,14,0.7755102040816326,0.04321198473240765,
1192.0,142.28427076339722,4,0.717391304347826,0.7398988199817185,Rectangle
383.0,97.25483310222626,4,1.1071428571428572,0.508845867924913,Square
223.5,132.12488996982574,8,0.8181818181818182,0.16088594811820567,
135.5,154.04163014888763,2,12.333333333333334,0.07175843317137018,
160.0,53.31370830535889,4,1.0714285714285714,0.7073788386337545,Square
175.0,66.76955235004425,6,0.8636363636363636,0.49327713343870727,
126.5,92.32590162754059,9,0.6296296296296297,0.18648902331574208,
115.5,146.12489140033722,7,0.4722222222222222,0.06797409676812532,
118.0,181.1959583759308,12,0.7941176470588235,0.04516425580581567,
668.5,108.87005722522736,4,1.0689655172413792,0.7087521237070662,Square
115.0,110.91168737411499,8,1.1363636363636365,0.11747706270472386,
992.0,132.7695518732071,5,0.9459459459459459,0.7071711868057485,
228.0,285.0538227558136,8,0.75,0.03526070342673124,
656.0,137.0538227558136,5,0.62,0.4388654543062061,
146.5,228.89444315433502,12,0.7441860465116279,0.03513799605552051,
735.5,114.38477599620819,4,0.8484848484848485,0.7064087809140475,Square
323.5,91.8406195640564,4,0.9642857142857143,0.48196393256465875,Square
175.0,217.39696860313416,8,1.0294117647058822,0.046530845577563276,
1457.5,169.01219248771667,4,0.7959183673469388,0.6411835271447772,Rectangle
117.5,122.26702630519867,9,0.8709677419354839,0.0987709045734746,
139.5,167.154327750206,5,0.4426229508196721,0.06274062216782063,
168.0,206.56854152679443,8,0.9705882352941176,0.04947556692526712,
114.5,105.43859934806824,5,1.0,0.129424380389482,
510.5,140.12488996982574,7,0.7446808510638298,0.3267194890930626,
146.5,200.32590091228485,9,0.9090909090909091,0.04587470448424832,
637.0,111.59797894954681,4,1.064516129032258,0.6427419369789144,Square
176.0,212.56854152679443,8,0.9722222222222222,0.04894682728994058,
106.0,121.33809328079224,4,0.7297297297297297,0.09047350116221876,Rectangle
669.0,107.79898953437805,4,1.1071428571428572,0.7234468031377358,Square
113.5,119.78174448013306,6,0.7222222222222222,0.09940871454932754,
879.5,131.01219260692596,4,1.0,0.6439057121743287,Square
504.5,117.15432798862457,5,0.918918918918919,0.46190680466041284,
137.0,204.16652059555054,9,0.6451612903225806,0.04130107692030684,
1203.5,149.35533845424652,4,0.7555555555555555,0.6779762148287992,Rectangle
776.5,121.69848430156708,4,0.96875,0.6588415578686861,Square
385.5,83.21320307254791,4,1.0909090909090908,0.6995999466796419,Square
877.5,125.55634891986847,4,1.0625,0.6994869760075558,Square
114.0,129.88224959373474,9,1.4615384615384615,0.08492100225135266,
395.5,103.0121922492981,4,1.0,0.46835923986413713,Square
145.5,149.2375876903534,7,0.5531914893617021,0.08209494506022019,
196.0,125.5391035079956,9,0.5476190476190477,0.15628161460584344,
536.0,97.79898953437805,4,1.12,0.7042160490735035,Square
1198.5,144.5269113779068,5,0.7555555555555555,0.7210252255617103,
384.5,101.15432786941528,5,1.1428571428571428,0.4722122733710364,
224.0,138.85281109809875,8,0.8181818181818182,0.145998545533673,
129.5,143.69848430156708,2,11.333333333333334,0.07880889855775425,
159.0,53.31370830535889,6,1.1428571428571428,0.7029577208922936,
127.0,94.9116872549057,8,0.6666666666666666,0.17716347778180838,
118.0,149.19595789909363,6,0.4722222222222222,0.06661587811524754,
660.5,99.8406194448471,8,0.7941176470588235,0.83266086295169,Circle
657.5,106.38477599620819,4,1.0344827586206897,0.7300399963394861,Square
108.0,111.74011397361755,8,1.1363636363636365,0.10869645979742473,
992.5,131.35533845424652,5,0.9473684210526315,0.722844571565027,
216.0,286.71067667007446,8,0.7708333333333334,0.033019909889081246,
657.0,137.88224959373474,5,0.64,0.4342686840520476,
155.0,235.62236428260803,13,0.7272727272727273,0.03508395483426038,
729.0,117.11269783973694,5,0.8787878787878788,0.6679276483258564,
308.0,91.25483310222626,6,0.9642857142857143,0.4647814968009895,
179.5,217.15432798862457,8,1.0294117647058822,0.04783407035701502,
1462.5,167.35533845424652,4,0.7959183673469388,0.656185452444714,Rectangle
111.5,121.78174436092377,9,0.8709677419354839,0.09447575048590763,
171.0,206.22539567947388,8,1.0,0.05052678711689651,
137.0,171.39696872234344,5,0.4444444444444444,0.05860358138884682,
119.0,107.19595754146576,6,1.0,0.1301367658200726,
518.5,140.95331752300262,7,0.7083333333333334,0.32795029107487683,
145.0,200.56854152679443,8,0.8823529411764706,0.0452952053947838,
632.0,109.11269783973694,4,1.032258064516129,0.667077595101638,Square
172.0,201.5979790687561,6,0.9722222222222222,0.053182158810248965,
670.0,109.4558436870575,4,1.1071428571428572,0.7027595579521118,Square
133.0,151.48022949695587,5,0.6956521739130435,0.07283658848636759,
124.0,120.02438533306122,5,0.75,0.10816644790930287,
873.0,127.94112491607666,4,0.972972972972973,0.6701990037246162,Square
502.5,116.32590138912201,5,0.918918918918919,0.4666519415948083,
225.0,309.2203427553177,11,0.684931506849315,0.029570336568872233,
1194.0,146.28427076339722,4,0.7555555555555555,0.7011629001547898,Rectangle
771.5,117.21320307254791,4,1.032258064516129,0.7056554927258712,Square
377.0,82.14213538169861,4,1.0909090909090908,0.7021327602479484,Square
883.0,128.28427076339722,4,1.0625,0.6742543360959128,Square
388.0,100.76955223083496,4,0.9666666666666667,0.4801566322999448,Square
144.5,149.2375876903534,7,0.574468085106383,0.08153071863368948,
184.5,124.95331752300262,9,0.5714285714285714,0.14849459703324372,
116.5,176.66904664039612,8,1.2083333333333333,0.046904537552085734,
174.5,238.55129599571228,12,0.8125,0.03853379074668895,
1194.5,144.5269113779068,4,0.7391304347826086,0.7186188001113584,Rectangle
121.0,144.71067678928375,7,1.1071428571428572,0.07260960681399481,
222.0,131.5391035079956,8,0.8809523809523809,0.16123268383454764,
143.0,147.79898953437805,2,11.833333333333334,0.08226270227271838,
162.5,54.72792184352875,5,1.1428571428571428,0.6817816606998099,
179.0,67.59797871112823,5,0.9090909090909091,0.4922610513901084,
128.0,93.39696848392487,9,0.6666666666666666,0.18439717944351905,
102.0,141.8822501897812,8,0.4722222222222222,0.06367279301128198,
665.5,99.8406195640564,9,0.7941176470588235,0.8389641225905796,Circle
661.0,106.97056245803833,4,1.0344827586206897,0.7259099759097682,Square
146.0,223.48022866249084,14,0.825,0.03673537738157671,
116.5,117.15432786941528,8,1.1818181818181819,0.10666430694241859,
1006.5,132.5269113779068,5,0.9459459459459459,0.7201376051021907,
213.5,286.4680360555649,8,0.75,0.03269304724279078,
661.5,134.46803617477417,5,0.64,0.4597286694468321,
1041.0,124.56854176521301,8,0.7272727272727273,0.8430315584646827,Circle
730.5,116.04163014888763,4,0.8484848484848485,0.6817143595737484,Square
304.0,89.25483322143555,3,0.9285714285714286,0.47953461499451744,Triangle
179.0,219.7401144504547,8,1.0,0.04658479645449989,
168.5,256.6934322118759,13,0.7659574468085106,0.03213514437469311,
1452.5,168.5269113779068,4,0.7959183673469388,0.6426691931306361,Rectangle
109.5,140.75230634212494,8,0.84375,0.06945650777385279,
168.0,207.39696860313416,8,1.0,0.04908110561335208,
134.5,175.63960897922516,4,0.4307692307692308,0.05478822431699545,Rectangle
115.0,110.0243843793869,5,1.0,0.11937951493257837,
505.0,140.71067655086517,8,0.7083333333333334,0.32051410008094106,
141.5,183.01219260692596,10,0.9090909090909091,0.05308920910613443,
627.5,108.52691125869751,4,1.0,0.6694971126573799,Square
186.5,203.49747383594513,6,0.9459459459459459,0.056594034526108505,
671.0,107.79898941516876,5,1.1481481481481481,0.7256095754544849,
114.5,123.78174412250519,6,0.7777777777777778,0.09390790570813841,
879.0,129.5979790687561,4,1.0,0.6576612908551877,Square
483.5,113.9827550649643,4,0.918918918918919,0.4676576493109517,Square
221.0,295.5634880065918,12,0.6712328767123288,0.03179073518873478,
1200.0,146.28427076339722,4,0.7333333333333333,0.7046863318138591,Rectangle
769.5,121.69848430156708,4,1.0,0.6529022263746992,Square
381.5,84.04163014888763,5,1.0434782608695652,0.6787587961515366,
877.0,125.79898953437805,4,1.0625,0.6963942105706991,Square
391.5,101.49747335910797,4,0.9354838709677419,0.47756354569965415,Square
143.0,154.6518018245697,7,0.5625,0.07513390007978271,
185.0,121.53910446166992,9,0.5714285714285714,0.1573799954490344,
518.5,97.21320307254791,4,1.2083333333333333,0.6894584821419882,Square
172.5,233.37972354888916,13,0.8125,0.03979905143740921,
1203.5,147.01219260692596,4,0.7391304347826086,0.6997602180285334,Rectangle
119.0,145.53910386562347,7,1.1428571428571428,0.07059881840427841,
236.5,141.4385986328125,10,0.8604651162790697,0.1485611045285355,
137.0,146.76955199241638,2,9.714285714285714,0.07992055553348353,
162.5,54.72792184352875,4,1.0714285714285714,0.6817816606998099,Square
175.0,65.94112467765808,5,0.8636363636363636,0.505749209350831,
133.0,93.74011421203613,9,0.6666666666666666,0.19020001565172887,
669.5,99.84061920642853,8,0.7941176470588235,0.844006737938845,Circle
658.5,107.21320307254791,4,1.0344827586206897,0.7198949071384553,Square
165.5,224.89444148540497,13,0.85,0.04111974560326812,
108.5,113.98275542259216,7,1.1363636363636365,0.10494489065529096,
996.5,130.5269113779068,5,0.9459459459459459,0.7349995005495069,
215.5,286.46803617477417,8,0.75,0.032999305269123105,
197.0,224.10764503479004,7,0.6956521739130435,0.049290445817359786,
1042.5,123.98275518417358,8,0.7272727272727273,0.8522428402178349,Circle
724.5,116.87005722522736,5,0.8787878787878788,0.6665638250339023,
305.5,89.84062004089355,5,0.9285714285714286,0.4756369630270655,
175.5,217.15432798862457,8,1.0294117647058822,0.04676813007050772,
1257.0,139.396968126297,8,0.7659574468085106,0.8129025496767971,Circle
1467.0,167.94112479686737,4,0.7959183673469388,0.6536207977912121,Rectangle
375.5,92.66904652118683,4,0.8709677419354839,0.5494781359178038,Square
165.5,205.9827550649643,8,1.0,0.049016933338623066,
141.5,173.63961017131805,6,0.4307692307692308,0.05897510184770155,
114.0,110.8528128862381,5,1.0,0.11657925610890733,
507.0,141.5391036272049,7,0.6875,0.3180276950331262,
153.5,212.6690467596054,10,0.9090909090909091,0.042649080752863285,
630.0,108.76955187320709,4,1.032258064516129,0.6691688788594099,Square
965.5,141.01219260692596,5,0.9459459459459459,0.6101671339748432,
671.0,106.97056245803833,4,1.1481481481481481,0.7368919725195981,Square
121.0,159.96551060676575,6,0.6530612244897959,0.05942135092511797,
114.0,140.8528118133545,8,0.7777777777777778,0.07220772681330613,
483.0,113.39696955680847,5,0.9166666666666666,0.47201314968552743,
881.0,127.94112491607666,4,0.972972972972973,0.6763405753509586,Square
221.0,298.3919162750244,10,0.6712328767123288,0.031190908933087222,
1194.0,145.4558436870575,4,0.7555555555555555,0.7091724298380798,Rectangle
766.5,119.21320307254791,4,1.032258064516129,0.6777559037886471,Square
378.5,83.21320307254791,4,1.0,0.6868964457023202,Square
887.0,126.62741661071777,4,1.03125,0.6951491410070629,Square
392.0,100.42640566825867,4,0.9354838709677419,0.48842748246564,Square
144.5,154.0660150051117,7,0.5625,0.07650045393857229,
191.5,124.12489008903503,9,0.5952380952380952,0.15619275614444394,
507.0,94.97056245803833,4,1.1666666666666667,0.7063822913502811,Square
184.0,237.62236380577087,13,0.8125,0.04094992054150618,
1199.5,144.5269113779068,4,0.717391304347826,0.7216268319242982,Rectangle
114.5,149.29646337032318,8,1.1428571428571428,0.06455298223208775,
241.5,137.43859839439392,9,0.8409090909090909,0.16066066639032894,
140.0,153.11269783973694,2,10.285714285714286,0.07504391486362491,
161.5,53.899494767189026,4,1.0714285714285714,0.6985749399506387,Square
174.0,66.76955163478851,5,0.8636363636363636,0.4904584174697939,
127.0,98.56854176521301,9,0.6296296296296297,0.16426193019174287,
672.5,99.8406194448471,8,0.7941176470588235,0.84778869089328,Circle
657.5,107.21320307254791,4,1.0344827586206897,0.7188016726553292,Square
985.5,120.32590115070343,8,0.8717948717948718,0.8553586405432808,Circle
219.5,74.52691125869751,5,1.0909090909090908,0.496613068288194,
996.5,130.5269113779068,5,0.9459459459459459,0.7349995005495069,
219.0,287.0538227558136,8,0.75,0.03339852669043315,
672.5,142.6101711988449,6,0.6470588235294118,0.4155288195386823,
1048.5,123.98275470733643,8,0.7272727272727273,0.8571478415748525,Circle
722.5,116.87005722522736,4,0.8787878787878788,0.6647237592643125,Square
305.5,89.84061980247498,5,0.9285714285714286,0.4756369655515514,
181.5,217.9827550649643,8,1.0,0.04800010847250975,
1263.0,138.22539496421814,8,0.7659574468085106,0.8306872324181934,Circle
1464.0,167.11269783973694,4,0.7959183673469388,0.6587673097116503,Rectangle
379.0,92.91168713569641,4,0.84375,0.5517068566499685,Square
166.5,206.81118214130402,8,1.0,0.04891883071385318,
115.5,111.43859851360321,6,1.0277777777777777,0.11687471503850481,
502.5,138.4680358171463,7,0.6875,0.32934180899027427,
737.5,119.69848430156708,4,0.9090909090909091,0.6468366011500349,Square
632.0,108.76955187320709,5,1.0,0.6712932245065827,
966.0,137.94112491607666,6,0.9459459459459459,0.6379688348800026,
132.0,193.62236297130585,6,0.6666666666666666,0.04424587247772608,
669.0,107.79898953437805,4,1.1071428571428572,0.7234468031377358,Square
336.5,103.15432870388031,5,0.7567567567567568,0.3973928219760704,
880.5,128.5269113779068,4,0.972972972972973,0.6698091592961501,Square
482.5,113.1543276309967,3,0.8648648648648649,0.4735489139917351,Triangle
222.0,312.5340532064438,10,0.6575342465753424,0.02856065412721898,
1198.0,145.4558436870575,4,0.7333333333333333,0.7115482168727133,Rectangle
764.0,117.79898953437805,4,1.0,0.6918629787119176,Square
378.0,81.79898953437805,4,1.0434782608695652,0.7099140740644627,Square
881.5,125.21320307254791,4,1.0625,0.7065321519575769,Square
390.0,101.254833817482,4,0.967741935483871,0.4780165582426746,Square
137.0,153.4802280664444,7,0.5416666666666666,0.07308454700201136,
202.0,132.36753106117249,11,0.5813953488372093,0.14487661713132788,
507.0,97.79898953437805,5,1.2083333333333333,0.6661148076124371,
172.5,236.20815086364746,13,0.8125,0.03885162639785773,
1197.0,142.28427076339722,4,0.717391304347826,0.7430024224145276,Rectangle
383.0,99.5979790687561,3,1.1071428571428572,0.4851852454094969,Triangle
235.5,144.26702642440796,9,0.8636363636363636,0.142189201303686,
141.0,152.76955199241638,2,10.142857142857142,0.07591985441643333,
160.0,53.31370830535889,4,1.0714285714285714,0.7073788386337545,Square
172.0,66.76955163478851,5,0.8636363636363636,0.4848209643954285,
135.0,116.56854176521301,9,0.6296296296296297,0.12484780328329835,
673.5,99.84061932563782,8,0.7941176470588235,0.8490493452492688,Circle
660.5,108.04163014888763,4,1.0344827586206897,0.7110504726408844,Square
988.0,122.56854140758514,8,0.85,0.8264351355420121,Circle
216.5,74.52691125869751,4,1.0,0.4898256459425695,Square
998.5,129.69848430156708,5,0.918918918918919,0.7459129233602565,
215.0,287.0538227558136,8,0.75,0.03278850793809648,
679.0,137.53910410404205,6,0.64,0.45105266800953403,
1051.0,124.56854128837585,8,0.7272727272727273,0.8511298508449934,Circle
724.0,116.28427076339722,5,0.8787878787878788,0.6728317589973944,
304.5,89.84061980247498,5,0.9285714285714286,0.47408005240735646,
183.0,217.39696860313416,8,1.0,0.048657969946823316,
1254.5,136.81118178367615,8,0.7659574468085106,0.8422428656720614,Circle
1464.0,167.11269783973694,4,0.7959183673469388,0.6587673097116503,Rectangle
377.5,92.32590079307556,4,0.84375,0.5565186369507653,Square
166.0,206.56854152679443,8,1.0,0.0488865720809187,
250.0,286.2497807741165,6,0.4457831325301205,0.03834065669962704,
501.0,139.05382227897644,6,0.6875,0.3255979992786971,
741.5,119.69848430156708,4,0.8823529411764706,0.6503448674613571,Square
118.5,264.6934312582016,12,0.68,0.021254059241831692,
632.5,109.35533845424652,4,1.0,0.6646460311278216,Square
966.5,133.69848430156708,5,0.918918918918919,0.6794519583621451,
667.0,106.97056245803833,4,1.1481481481481481,0.7324991738756662,Square
632.5,130.12489068508148,4,0.6458333333333334,0.4694070830267487,Rectangle
340.5,101.1543276309967,5,0.7297297297297297,0.41817498008007004,
876.5,128.5269113779068,4,0.972972972972973,0.6667663011051398,Square
483.0,113.74011397361755,3,0.8648648648648649,0.4691693974094836,Triangle
238.5,378.5756833553314,12,0.6575342465753424,0.0209118674511871,
1198.5,144.87005722522736,4,0.7333333333333333,0.717613564169337,Rectangle
770.0,117.79898953437805,4,1.0,0.6972964576023253,Square
378.0,81.79898953437805,4,1.0434782608695652,0.7099140740644627,Square
884.0,126.62741661071777,5,1.0303030303030303,0.6927980165166219,
387.0,100.42640686035156,4,0.9354838709677419,0.4821975286395803,Square
137.0,151.8233745098114,7,0.5416666666666666,0.07468839915945864,
210.0,127.53910386562347,9,0.5813953488372093,0.1622342092941213,
509.5,95.21320307254791,4,1.125,0.7062520172772792,Square
176.5,265.8650051355362,13,0.7916666666666666,0.03137850302394839,
1196.5,144.5269113779068,4,0.717391304347826,0.7198220128365344,Rectangle
376.5,97.01219248771667,3,1.1071428571428572,0.5027154179372832,Triangle
236.0,142.02438521385193,9,0.8837209302325582,0.14702663951417577,
145.0,167.94112491607666,3,11.285714285714286,0.06460464590673337,Triangle
158.0,54.14213538169861,5,1.0,0.6773235719694116,
175.0,65.9411244392395,5,0.8636363636363636,0.5057492130080331,
259.0,74.76955199241638,6,0.6666666666666666,0.5821837393638227,
672.5,99.8406195640564,8,0.7941176470588235,0.8477886888687676,Circle
661.5,106.38477599620819,4,1.0344827586206897,0.7344813043020078,Square
984.5,121.1543276309967,8,0.8717948717948718,0.8428450120532895,Circle
219.5,74.52691125869751,7,1.0,0.496613068288194,
1000.0,132.76955199241638,5,0.9459459459459459,0.7128741789675992,
214.5,285.63960909843445,8,0.75,0.033036976956149475,
671.0,138.3675308227539,5,0.64,0.44041692688732587,
1053.0,124.56854128837585,8,0.7272727272727273,0.8527495080302361,Circle
153.5,66.18376541137695,8,0.8636363636363636,0.4403675407875329,
729.0,117.4558436870575,4,0.8787878787878788,0.6640306638237047,Square
299.0,89.5979791879654,4,0.8928571428571429,0.46804178087206977,Square
181.5,219.9827550649643,8,1.0,0.04713127838547196,
1259.0,138.22539520263672,8,0.7659574468085106,0.828056391137514,Circle
1461.5,167.35533833503723,4,0.7959183673469388,0.6557367795652556,Rectangle
378.0,90.91168749332428,4,0.8125,0.5747278274479548,Square
167.5,207.9827550649643,8,1.0,0.04865976662796578,
260.0,287.90663516521454,6,0.4457831325301205,0.03941666390816995,
503.0,139.19595861434937,7,0.6875,0.326230526177906,
750.0,118.62741661071777,4,0.9090909090909091,0.6697318948338277,Square
130.0,262.1076453924179,14,0.68,0.023779013764672924,
629.0,108.76955187320709,4,1.032258064516129,0.6681067060358236,Square
970.5,132.87005722522736,5,0.8918918918918919,0.6907981401686025,
672.0,106.97056245803833,4,1.1481481481481481,0.7379901721805813,Square
639.0,130.36753177642822,4,0.6458333333333334,0.4724673869572887,Rectangle
336.0,101.74011433124542,4,0.7297297297297297,0.40791032541965677,Rectangle
875.5,127.69848430156708,4,1.0,0.6746748628551527,Square
478.0,113.740114569664,3,0.8648648648648649,0.4643125664829544,Triangle
254.0,369.1614679098129,12,0.6575342465753424,0.02342129219477872,
1196.5,144.87005710601807,4,0.717391304347826,0.7164160458420403,Rectangle
768.0,116.14213538169861,4,1.0,0.7154700698355025,Square
373.0,81.79898953437805,4,1.0434782608695652,0.7005236762593772,Square
884.0,126.62741661071777,4,1.0303030303030303,0.6927980165166219,Square
388.5,101.4974752664566,4,0.9354838709677419,0.473904037116724,Square
137.5,152.06601428985596,7,0.5625,0.07472195671330606,
197.0,128.36753153800964,11,0.5681818181818182,0.15023312817278692,
507.5,95.21320307254791,4,1.125,0.7034796835490073,Square
1341.0,142.22539567947388,8,0.7916666666666666,0.8330754579458248,Circle
1194.0,142.28427076339722,4,0.717391304347826,0.7411402609548421,Rectangle
378.0,96.76955199241638,4,1.0714285714285714,0.5072525080152849,Square
237.0,149.33809399604797,9,0.8837209302325582,0.13354173113079928,
142.5,171.69848430156708,2,11.428571428571429,0.06074238017438517,
158.0,54.14213538169861,5,1.0,0.6773235719694116,
176.0,66.76955199241638,5,0.8636363636363636,0.49609586522982957,
135.0,115.39696824550629,10,0.6666666666666666,0.12739571907513553,
671.5,99.8406194448471,8,0.7941176470588235,0.8465280385648143,Circle
662.0,106.97056245803833,4,1.0344827586206897,0.7270081755707511,Square
982.5,119.49747335910797,8,0.8461538461538461,0.8646194036073162,Circle
218.5,73.35533821582794,6,1.0,0.5102674407918606,
994.5,131.35533845424652,5,0.9459459459459459,0.7243011853112538,
217.0,285.88224971294403,8,0.75,0.033365313953869484,
199.0,217.27921783924103,7,0.6888888888888889,0.0529695839729729,
1052.0,124.56854140758514,8,0.7272727272727273,0.8519396778070406,Circle
733.0,117.4558436870575,5,0.8235294117647058,0.6676741791258923,
300.0,89.25483286380768,6,0.9285714285714286,0.4732249528,
181.5,219.15432798862457,8,0.9714285714285714,0.04748827452013258,
1260.0,137.39696836471558,8,0.7659574468085106,0.8387375925705176,Circle
1451.5,167.6984841823578,4,0.7959183673469388,0.648587583123316,Rectangle
378.5,90.32590091228485,4,0.8125,0.5829766281575424,Square
165.5,209.63960921764374,8,1.0,0.047321791660052744,
273.0,287.9066346883774,6,0.45121951219512196,0.04138749724067218,
496.5,138.12489008903503,6,0.673469387755102,0.3270282165650268,
744.0,118.62741661071777,4,0.9090909090909091,0.664374039675157,Square
143.5,264.6934314966202,13,0.7,0.02573803793846787,
632.0,108.76955187320709,4,1.032258064516129,0.6712932245065827,Square
969.5,133.69848430156708,5,0.8918918918918919,0.6815609659928605,
671.0,108.62741661071777,4,1.1071428571428572,0.714584319060362,Square
636.5,127.29646289348602,3,0.6122448979591837,0.4936005094928465,Triangle
339.0,101.74011433124542,4,0.7297297297297297,0.4115523818966179,Rectangle
878.0,127.94112491607666,4,1.0,0.6740374859910802,Square
482.5,111.15432751178741,4,0.9166666666666666,0.490743358387024,Square
2569.0,198.99494767189026,9,0.6575342465753424,0.8152482364159496,Circle
1200.0,147.11269783973694,4,0.717391304347826,0.6967721607098225,Rectangle
769.0,117.79898953437805,4,1.032258064516129,0.6963908777872573,Square
636.0,102.42640614509583,7,0.5897435897435898,0.7618037568272056,
373.5,82.38477599620819,4,1.0,0.6915228574837861,Square
873.0,124.97056245803833,4,1.0,0.702439069281158,Square
394.0,99.59797823429108,3,0.9666666666666667,0.4991200780537758,Triangle
137.5,149.2375876903534,6,0.5416666666666666,0.07758113364797442,
195.5,124.46803593635559,11,0.5681818181818182,0.15857727571154118,
509.0,95.4558436870575,5,1.08,0.7019765514102058,
1344.0,141.88224983215332,8,0.7755102040816326,0.8389826886134241,Circle
1194.5,143.69848430156708,5,0.717391304347826,0.7269284117933393,
379.0,96.42640614509583,5,1.0344827586206897,0.5122206849597759,
235.5,138.61017191410065,10,0.95,0.15403186404823185,
144.5,157.35533845424652,2,10.428571428571429,0.07333558289946641,
160.0,53.31370830535889,4,1.0714285714285714,0.7073788386337545,Square
175.5,67.35533797740936,6,0.8636363636363636,0.4861193913174851,
139.5,115.63960897922516,10,0.6428571428571429,0.13109038611876211,
670.5,99.8406194448471,8,0.7941176470588235,0.8452673862363485,Circle
662.0,109.4558436870575,4,1.0689655172413792,0.6943683990511911,Square
975.0,120.08326029777527,8,0.8461538461538461,0.8496685403818447,Circle
215.0,72.7695517539978,3,1.0909090909090908,0.5102099506392,Triangle
988.5,128.87005710601807,5,0.9459459459459459,0.7479671004891792,
222.0,285.88224971294403,8,0.75,0.03413409998967293,
167.0,159.13708186149597,7,0.7272727272727273,0.08286736989693477,
1048.0,124.56854128837585,8,0.7272727272727273,0.8487003650671295,Circle
727.5,116.04163014888763,4,0.8484848484848485,0.678914711279811,Square
306.0,88.42640662193298,5,0.9285714285714286,0.4917760072190818,
186.0,217.7401144504547,8,0.9714285714285714,0.04929988594222674,
1253.5,136.8111823797226,8,0.7446808510638298,0.8415714810049633,Circle
1451.5,167.35533833503723,4,0.7959183673469388,0.6512500414224897,Rectangle
368.5,90.66904652118683,4,0.8387096774193549,0.5632863910180345,Square
170.5,209.63960921764374,8,1.0,0.04875145303951053,
138.0,182.36753141880035,5,0.4461538461538462,0.05214274754578752,
116.5,112.95331764221191,4,1.0277777777777777,0.11474606640604429,Square
497.0,135.8822500705719,7,0.6666666666666666,0.33825232723270654,
747.0,118.62741661071777,4,0.9090909090909091,0.6670529672544923,Square
1224.0,139.88224971294403,8,0.7,0.7860787659687175,
633.0,108.76955187320709,4,1.032258064516129,0.672355397330169,Square
963.5,133.69848430156708,5,0.918918918918919,0.6773429507314297,
669.0,107.79898953437805,4,1.1071428571428572,0.7234468031377358,Square
634.0,126.71067774295807,4,0.6122448979591837,0.4962182059085188,Rectangle
450.0,88.42640614509583,10,0.5882352941176471,0.7232000184159723,
101.5,144.61017179489136,8,0.5714285714285714,0.06099275100974934,
334.0,99.74011433124542,5,0.7027027027027027,0.42190687996993037,
883.5,126.5269113779068,4,1.0,0.6935066094621716,Square
478.5,111.49747359752655,4,0.8888888888888888,0.4836840344703738,Square
2564.5,198.7523068189621,8,0.6438356164383562,0.8158084726903468,Circle
1206.0,147.11269783973694,4,0.717391304347826,0.7002560215133716,Rectangle
766.0,117.79898953437805,4,1.0,0.6936741383420534,Square
640.0,101.59797883033752,8,0.6052631578947368,0.7791475358055855,
380.0,80.97056245803833,5,1.0,0.7283483629847816,
872.5,126.87005722522736,4,1.0625,0.681172377100731,Square
388.5,99.84062039852142,4,0.9354838709677419,0.48976342025257213,Square
136.0,147.82337427139282,7,0.5416666666666666,0.0782100474808828,
195.5,124.12488996982574,9,0.6190476190476191,0.15945526832841572,
495.0,93.79898953437805,4,1.08,0.7069989082687264,Square
1337.0,141.88224935531616,8,0.7916666666666666,0.8346129927201553,Circle
1188.5,142.87005722522736,4,0.717391304347826,0.7316891460621914,Rectangle
380.5,99.49747371673584,5,1.0344827586206897,0.4829925335921887,
239.5,132.61017155647278,9,0.926829268292683,0.17114401174857322,
161.5,52.72792184352875,4,1.0714285714285714,0.7299633925041373,Square
178.5,68.18376564979553,5,0.9090909090909091,0.4824875584234173,
140.0,115.05382227897644,8,0.6785714285714286,0.13290330997617275,
666.5,99.8406195640564,8,0.7941176470588235,0.8402247749160352,Circle
659.5,106.38477599620819,4,1.0344827586206897,0.732260650320747,Square
178.5,223.72286999225616,12,0.825,0.04481540448487272,
213.0,72.76955187320709,3,1.0909090909090908,0.5054638099074098,Triangle
988.5,128.87005722522736,5,0.9459459459459459,0.7479670991053881,
231.0,285.8822498321533,8,0.75,0.035517914824498086,
159.0,155.1370828151703,7,0.6888888888888889,0.0830186652900319,
1045.0,124.56854128837585,8,0.7272727272727273,0.8462708792892657,Circle
730.0,116.28427076339722,4,0.8235294117647058,0.6784077128012403,Square
295.5,89.49747383594513,4,0.8928571428571429,0.46360252762847604,Square
179.0,218.56854152679443,8,0.9714285714285714,0.047085543351989445,
1253.5,135.98275542259216,8,0.7446808510638298,0.8518566699195194,Circle
1450.5,168.18376553058624,4,0.8163265306122449,0.6444058190453382,Square
117.5,175.78174471855164,6,0.5087719298245614,0.047785946127608385,
359.5,90.32590103149414,5,0.8387096774193549,0.5537122781227002,
169.5,209.63960921764374,8,1.0,0.04846552076361897,
107.0,114.02438533306122,3,1.027027027027027,0.10341848279267107,Triangle
482.5,138.12488973140717,7,0.6875,0.3178068787708344,
745.5,117.21320307254791,4,0.9090909090909091,0.6818744910267492,Square
1228.5,138.46803605556488,8,0.7,0.8051669869676785,Circle
635.0,109.59797894954681,4,1.064516129032258,0.6643217907046381,Square
952.5,132.87005722522736,5,0.918918918918919,0.6779858099027243,
669.5,108.87005722522736,4,1.1071428571428572,0.7098123363079745,Square
629.5,127.29646408557892,4,0.6122448979591837,0.48817205798290764,Rectangle
447.0,87.59797894954681,9,0.5882352941176471,0.7320305645336628,
103.5,212.40916097164154,14,0.6511627906976745,0.02882728401408463,
337.0,99.74011433124542,5,0.7027027027027027,0.4256964627241513,
881.5,126.5269113779068,4,1.0,0.6919367020270564,Square
471.0,111.740114569664,3,0.8888888888888888,0.47403733350375155,Triangle
2563.0,197.33809328079224,8,0.6438356164383562,0.8270592341198606,Circle
1204.5,146.5269113779068,4,0.717391304347826,0.70498824859045,Rectangle
764.5,118.87005722522736,4,1.0,0.6798958811666831,Square
638.5,102.18376541137695,8,0.6052631578947368,0.7684346883169646,
377.5,81.55634891986847,5,1.0,0.7131998932974225,
879.5,126.04163014888763,4,1.0625,0.695693082286625,Square
391.5,99.84062051773071,4,0.9354838709677419,0.4935453759871371,Square
133.0,151.8233746290207,7,0.5416666666666666,0.07250771585845736,
200.0,125.88224911689758,10,0.6046511627906976,0.15860280802590782,
496.0,92.14213538169861,4,1.0833333333333333,0.7341334201300546,Square
1340.0,141.0538226366043,8,0.7916666666666666,0.8463401456020496,Circle
1192.0,144.76955199241638,4,0.7391304347826086,0.7147129621031437,Rectangle
378.0,96.42640602588654,3,1.1071428571428572,0.5108691804578573,Triangle
244.5,138.95331716537476,8,0.9069767441860465,0.15912957013699427,
183.5,180.6690467596054,2,10.375,0.07064451148914384,
159.5,52.72792184352875,4,1.0714285714285714,0.7209235981697207,Square
175.0,66.76955211162567,5,0.8636363636363636,0.49327713696146364,
132.5,114.81118202209473,9,0.6428571428571429,0.12631570953815716,
375.5,93.8406194448471,4,0.5675675675675675,0.5358436315679801,Rectangle
662.5,99.8406195640564,8,0.7941176470588235,0.8351821656142135,Circle
659.5,106.38477599620819,4,1.0344827586206897,0.732260650320747,Square
171.5,223.58073389530182,12,0.8,0.043112701149381885,
211.5,71.35533833503723,3,1.0454545454545454,0.5219961457354667,Triangle
985.5,128.04163014888763,5,0.918918918918919,0.755377602046332,
236.0,285.8822498321533,8,0.75,0.036286700859660376,
145.5,182.20815098285675,8,0.6,0.05507281242621582,
1047.5,123.98275482654572,8,0.7272727272727273,0.8563303407945355,Circle
722.0,116.28427076339722,4,0.8235294117647058,0.6709731077294459,Square
294.5,89.01219236850739,5,0.8928571428571429,0.46708526557547153,
178.5,217.15432798862457,8,1.0,0.047567585285388195,
1254.5,135.9827550649643,8,0.7446808510638298,0.8525362569086969,Circle
1448.0,165.11269783973694,4,0.7959183673469388,0.6674480656481555,Rectangle
363.5,90.32590043544769,4,0.8387096774193549,0.5598732009845844,Square
172.5,209.63960921764374,8,1.0,0.04932331759129365,
107.5,190.1248904466629,5,0.484375,0.03737148665667708,
481.5,135.2964631319046,6,0.6875,0.33054703683212894,
738.5,116.38477599620819,4,0.9090909090909091,0.6851221580325069,Square
1228.0,137.8822500705719,8,0.7,0.8116924510310876,Circle
632.0,109.59797894954681,4,1.064516129032258,0.6611832625595769,Square
948.5,132.87005722522736,5,0.8947368421052632,0.6751386253991958,
669.5,108.04163014888763,4,1.1071428571428572,0.7207392754474976,Square
632.5,129.78174495697021,4,0.6122448979591837,0.4718926094506699,Rectangle
556.5,301.1787130832672,14,0.746031746031746,0.07709504853716964,
333.5,98.32590138912201,4,0.7222222222222222,0.4334807632760392,Rectangle
882.5,127.35533845424652,4,1.0,0.6837388692121878,Square
472.0,112.5685418844223,4,0.8648648648648649,0.4680775170419733,Square
2565.0,198.1665198802948,8,0.6438356164383562,0.8207987159895062,Circle
1201.5,146.5269113779068,4,0.717391304347826,0.7032323625416568,Rectangle
773.5,118.04163014888763,4,0.96875,0.6975892592273354,Square
638.5,101.01219260692596,8,0.6052631578947368,0.7863631782479065,
381.0,80.97056245803833,4,1.0,0.7302650692031625,Square
880.5,126.04163014888763,4,1.0625,0.6964840920447677,Square
393.5,100.66904664039612,4,0.9354838709677419,0.487935806287716,Square
133.5,151.23758828639984,8,0.5416666666666666,0.07334519088773975,
216.5,152.26702558994293,12,0.5,0.11734268901192565,
502.0,92.14213538169861,4,1.0833333333333333,0.7430140663413053,Square
1337.0,141.0538227558136,8,0.7916666666666666,0.8444453528039609,Circle
1194.5,143.35533845424652,4,0.717391304347826,0.7304126351279611,Rectangle
381.5,97.01219248771667,3,1.1071428571428572,0.5093915855061715,Triangle
228.0,134.02438473701477,7,0.975,0.1595060155907875,
191.5,174.5269113779068,2,10.25,0.07900486518627127,
158.5,52.72792184352875,4,1.0714285714285714,0.7164037010025125,Square
173.0,67.59797930717468,5,0.8636363636363636,0.47576067256239374,
252.0,75.59797966480255,5,0.6428571428571429,0.5541023936916011,
386.0,94.08326041698456,4,0.5675675675675675,0.5479897688166208,Rectangle
661.5,99.8406195640564,8,0.7941176470588235,0.833921513288758,Circle
659.5,107.21320307254791,4,1.0344827586206897,0.7209881416215812,Square
170.0,222.3086552619934,13,0.825,0.04322609883256482,
213.0,71.94112491607666,5,1.0454545454545454,0.5171720175178098,
985.5,128.87005722522736,5,0.9459459459459459,0.7456970927348102,
232.0,286.71067690849304,8,0.75,0.03546582908114001,
143.5,156.5512969493866,7,0.6666666666666666,0.07357807567703996,
1046.5,123.982754945755,9,0.7272727272727273,0.8555128400173627,Circle
723.0,117.11269783973694,4,0.8235294117647058,0.6624303014260552,Square
292.0,88.42640614509583,4,0.8928571428571429,0.4692764563943642,Square
179.5,217.15432798862457,8,1.0,0.04783407035701502,
1253.0,137.39696836471558,8,0.7659574468085106,0.8340779392784592,Circle
101.5,160.1248904466629,13,0.625,0.04974600567032284,
1448.5,166.5269113779068,4,0.7755102040816326,0.6563863020139966,Rectangle
353.5,90.66904652118683,4,0.8387096774193549,0.5403575012886707,Square
172.5,209.63960921764374,8,1.0,0.04932331759129365,
235.0,306.39191722869873,7,0.47560975609756095,0.03145742123613152,
485.0,137.88224971294403,6,0.6875,0.32057886057998436,
740.5,116.38477599620819,4,0.9090909090909091,0.6869776005728794,Square
1229.0,137.0538226366043,8,0.68,0.8222037260375104,Circle
631.0,108.76955187320709,5,1.032258064516129,0.6702310516829962,
947.5,132.87005722522736,5,0.8947368421052632,0.6744268292733138,
665.0,107.79898953437805,4,1.1071428571428572,0.7191212617138929,Square
628.5,127.29646265506744,4,0.6122448979591837,0.48739657718512225,Rectangle
451.0,87.59797883033752,8,0.5882352941176471,0.7385811756224869,
333.5,99.15432786941528,4,0.75,0.4262676280396121,Rectangle
883.5,128.5269113779068,4,0.972972972972973,0.6720913029394079,Square
471.0,111.74011445045471,3,0.8648648648648649,0.47403733451519947,Triangle
2558.0,197.3380926847458,8,0.6438356164383562,0.8254457798122375,Circle
1197.0,145.4558436870575,4,0.7333333333333333,0.7109542701140549,Rectangle
773.0,119.4558436870575,4,0.96875,0.6807294788297245,Square
641.0,100.4264063835144,8,0.6052631578947368,0.7986786015326974,
378.0,80.97056245803833,4,1.0,0.7245149505480195,Square
878.0,126.62741661071777,4,1.0625,0.6880957675357398,Square
391.0,100.42640554904938,3,0.9666666666666667,0.4871814951465618,Triangle
143.5,153.23758828639984,7,0.5416666666666666,0.07679468238880138,
212.0,154.85281205177307,11,0.5,0.11109833037753891,
502.0,92.14213526248932,5,1.0833333333333333,0.7430140682638606,
1335.0,141.05382251739502,8,0.7916666666666666,0.8431821614093344,Circle
1192.0,143.94112491607666,4,0.717391304347826,0.7229634380717396,Rectangle
379.0,97.25483310222626,5,1.0689655172413792,0.5035315507664283,
233.5,148.26702558994293,8,0.8863636363636364,0.13347735699610644,
200.0,199.5979790687561,2,11.625,0.06308521393923698,
158.0,52.485281229019165,4,1.0714285714285714,0.7207620200225768,Square
171.5,67.35533845424652,6,0.8636363636363636,0.475039740344915,
252.0,76.42640626430511,5,0.6428571428571429,0.5421550751820706,
101.5,114.26702642440796,6,0.6388888888888888,0.09768638864889839,
666.5,99.8406194448471,8,0.7941176470588235,0.8402247769224851,Circle
655.0,106.62741661071777,4,1.0344827586206897,0.7239580301642331,Square
151.0,178.50966656208038,13,0.75,0.05954747267060959,
209.5,71.35533845424652,3,1.0454545454545454,0.5170600102420014,Triangle
982.5,128.04163014888763,5,0.9722222222222222,0.753078126849844,
231.0,286.71067690849304,8,0.75,0.03531295912820406,
137.5,151.72286868095398,7,0.7045454545454546,0.07506033031015255,
177.5,232.55129659175873,12,0.75,0.04124494139772948,
727.0,117.11269783973694,4,0.8235294117647058,0.666095199359256,Square
294.5,88.66904664039612,4,0.8620689655172413,0.47070746418975334,Square
185.0,218.56854152679443,8,0.9714285714285714,0.04866382972132987,
1257.0,137.39696848392487,8,0.7659574468085106,0.8367405968505354,Circle
1438.5,166.18376541137695,4,0.7959183673469388,0.6545495674039415,Rectangle
102.0,178.85281264781952,5,0.5423728813559322,0.04006992109565084,
176.5,210.46803629398346,8,1.0,0.050070540056258994,
111.5,127.43859851360321,6,1.0256410256410255,0.08627456096796494,
487.0,140.7106761932373,7,0.6875,0.309089836698716,
739.5,118.04163014888763,4,0.8823529411764706,0.6669259950854745,Square
1220.5,138.46803629398346,8,0.68,0.7999237315506252,
634.5,110.18376541137695,4,1.032258064516129,0.6567593596997191,Square
952.0,130.62741661071777,5,0.8918918918918919,0.7010970446563961,
665.0,108.62741661071777,4,1.0714285714285714,0.708194593405575,Square
136.0,158.79393661022186,7,0.6326530612244898,0.06777678150590566,
172.5,351.94826436042786,18,0.7619047619047619,0.017500131327473224,
110.5,126.61017215251923,8,0.7222222222222222,0.08662334365249208,
473.0,110.91168761253357,4,0.8888888888888888,0.48318826452556013,Square
877.5,128.18376553058624,4,0.972972972972973,0.6711057171555792,Square
2565.5,198.40916121006012,8,0.6575342465753424,0.8189519867159462,Circle
1190.5,144.04163014888763,4,0.7333333333333333,0.7210463924283268,Rectangle
757.5,119.69848430156708,4,1.0,0.6643779327066461,Square
112.5,189.4385986328125,12,0.6052631578947368,0.03939357922135158,
381.5,81.55634891986847,4,1.0,0.7207569782595146,Square
165.5,230.32590079307556,8,1.0303030303030303,0.03920327106549261,
389.0,100.91168868541718,4,0.9354838709677419,0.4800389947947119,Square
221.5,151.43859910964966,10,0.5192307692307693,0.12136974166797664,
495.5,94.38477599620819,5,1.04,0.6989556566013663,
1329.0,144.71067678928375,8,0.7755102040816326,0.7975055161636289,
1197.5,143.69848430156708,4,0.7021276595744681,0.728754100563017,Rectangle
136.0,163.53910398483276,7,1.0344827586206897,0.06390068952406545,
228.5,145.92388010025024,6,0.9090909090909091,0.13484763388283202,
174.5,198.46803629398346,2,9.555555555555555,0.05567037541356976,
160.0,53.31370830535889,4,1.0,0.7073788386337545,Square
170.0,66.76955187320709,5,0.8636363636363636,0.47918350789895675,
252.5,75.01219320297241,4,0.6428571428571429,0.5639070437921571,Rectangle
661.0,98.42640590667725,8,0.8181818181818182,0.8574090628540805,Circle
652.5,107.21320307254791,4,1.0344827586206897,0.7133355002396994,Square
138.0,173.1959582567215,11,0.725,0.057811394376822416,
208.0,71.94112479686737,3,1.0454545454545454,0.5050318309868819,Triangle
977.0,128.28427064418793,6,0.918918918918919,0.7460322622763292,
227.0,285.5391037464142,8,0.75,0.03498682535945493,
131.0,155.82337415218353,8,0.6521739130434783,0.06779785460716761,
143.0,192.16652035713196,12,0.6818181818181818,0.048662055417983935,
723.0,116.28427076339722,5,0.8484848484848485,0.6719024333634203,
297.5,88.66904664039612,4,0.8620689655172413,0.47550244684703435,Square
189.5,218.32590091228485,8,1.0606060606060606,0.04995840408763037,
1255.5,137.63960909843445,8,0.7659574468085106,0.8327980891054804,Circle
1433.0,167.5979789495468,4,0.7959183673469388,0.6410892580639431,Rectangle
115.0,155.19595777988434,8,0.8666666666666667,0.059999398067306246,
177.5,206.32590091228485,8,1.0303030303030303,0.052396312199853044,
108.5,106.95331811904907,6,1.0,0.11919308949620319,
491.0,139.53910326957703,7,0.6875,0.31688340841643287,
734.5,118.04163014888763,4,0.8823529411764706,0.6624166915352008,Square
632.5,110.18376541137695,4,1.032258064516129,0.6546891962333685,Square
965.0,132.28427076339722,5,0.8918918918918919,0.692980098260872,
661.0,106.97056245803833,4,1.0714285714285714,0.7259099759097682,Square
869.0,126.76955199241638,4,1.0,0.6795160661348815,Square
472.0,110.91168761253357,4,0.8888888888888888,0.48216672485425865,Square
273.5,369.7472529411316,13,0.6575342465753424,0.025139537441616518,
1190.0,145.4558435678482,4,0.717391304347826,0.706796643961966,Rectangle
753.0,116.97056245803833,4,1.0,0.691594743518895,Square
378.5,84.04163014888763,4,0.9583333333333334,0.6734212433639752,Square
873.5,125.21320307254791,4,1.0303030303030303,0.700120062092959,Square
396.0,100.42640686035156,4,0.9354838709677419,0.49341142465445426,Square
212.0,154.16652178764343,10,0.5576923076923077,0.11208966636844857,
518.5,99.69848430156708,6,1.0384615384615385,0.6555133080285737,
191.0,250.4507908821106,12,0.7551020408163265,0.038264709127804296,
1197.5,144.5269113779068,4,0.717391304347826,0.7204236191991223,Rectangle
133.0,163.53910374641418,6,1.0,0.062491115672654064,
258.5,162.40916061401367,9,0.9333333333333333,0.12315423983394329,
228.5,254.40916109085083,2,10.8,0.044363987744602,
158.0,55.79898953437805,7,1.0666666666666667,0.6376968654675641,
171.5,67.01219272613525,5,0.8260869565217391,0.479917217225316,
253.0,75.59797871112823,4,0.6428571428571429,0.556301226749752,Rectangle
149.0,185.6812390089035,12,0.8484848484848485,0.05430753385658146,
657.5,107.21320307254791,4,1.0,0.7188016726553292,Square
207.0,71.11269772052765,4,1.0,0.5143821636776889,Square
978.0,130.7695518732071,6,0.918918918918919,0.7186798158457269,
229.0,285.0538227558136,8,0.75,0.03541535563474322,
120.0,149.48022949695587,6,0.6976744186046512,0.0674875400439013,
724.5,116.5269113779068,6,0.8235294117647058,0.6704953698294526,
297.5,89.49747431278229,4,0.8620689655172413,0.46674027241893074,Square
188.5,217.49747383594513,8,1.0606060606060606,0.05007405757031753,
207.5,249.03657746315002,14,0.7659574468085106,0.04204377340126316,
1424.0,167.5979789495468,4,0.7959183673469388,0.6370628775178333,Rectangle
354.0,89.25483322143555,4,0.8064516129032258,0.5584054398291421,Square
181.5,205.9827550649643,8,1.0303030303030303,0.0537557305193963,
107.5,107.78174340724945,6,1.0,0.11628613065941353,
492.0,140.3675308227539,7,0.6875,0.3137918401588755,
734.5,118.04163014888763,4,0.8823529411764706,0.6624166915352008,Square
630.5,108.52691125869751,4,1.032258064516129,0.6726978956661005,Square
957.5,132.87005722522736,5,0.8918918918918919,0.6815447905321349,
653.5,108.04163014888763,4,1.0714285714285714,0.7035147371246298,Square
862.0,127.94112491607666,4,0.972972972972973,0.6617543427383954,Square
470.0,111.74011504650116,4,0.8888888888888888,0.47303088077545885,Square
135.5,166.4680359363556,8,0.5,0.061445127269299425,
1189.5,146.5269112586975,5,0.717391304347826,0.6962088194793075,
750.5,114.72792184352875,4,0.967741935483871,0.7165100836397471,Square
370.5,81.21320307254791,5,1.0,0.7059026256390071,
856.5,126.04163014888763,4,1.0,0.6774998578493397,Square
388.5,99.0121933221817,3,0.9666666666666667,0.49799332878319535,Triangle
127.5,154.89444255828857,7,0.5625,0.06678030169235266,
219.5,159.0954520702362,11,0.5370370370370371,0.10897549705562917,
111.0,171.5979790687561,8,1.0,0.04737055851152199,
178.5,216.55129647254944,11,0.7916666666666666,0.047832877554044646,
1182.0,144.76955199241638,4,0.7021276595744681,0.7087170479915401,Rectangle
132.0,165.53910398483276,8,1.0344827586206897,0.060531661517459076,
241.0,140.8528118133545,10,1.0769230769230769,0.15264966808777877,
133.5,113.49747383594513,6,5.222222222222222,0.1302323085254482,
161.0,54.97056245803833,6,1.0,0.6695382281905586,
172.0,66.76955211162567,4,0.8260869565217391,0.48482095747069576,Square
254.5,75.0121921300888,6,0.6428571428571429,0.5683736504966928,
369.0,92.08326137065887,4,0.5833333333333334,0.5468583465662553,Rectangle
659.0,101.25483298301697,8,0.7941176470588235,0.8077254283951651,Circle
658.5,108.04163014888763,4,1.0,0.7088974053505259,Square
898.0,116.08326029777527,8,0.7948717948717948,0.8374270911783035,Circle
210.5,71.35533845424652,4,0.9565217391304348,0.5195280771166649,Square
974.5,128.5269112586975,6,0.918918918918919,0.7413163281600414,
229.0,284.2253956794739,8,0.7659574468085106,0.03562210560839183,
164.5,224.55129599571228,8,0.6122448979591837,0.04099629734938615,
719.5,116.5269113779068,6,0.8235294117647058,0.665868072591154,
297.5,88.66904675960541,4,0.8928571428571429,0.4755024455684752,Square
184.0,217.7401144504547,8,1.0606060606060606,0.0487697796417727,
1228.5,135.98275458812714,8,0.7446808510638298,0.8348671175428818,Circle
1432.5,169.01219248771667,4,0.7959183673469388,0.6301855249639062,Rectangle
354.0,88.08326017856598,5,0.8064516129032258,0.5733586447340298,
180.0,204.56854152679443,8,1.0,0.054051116755976666,
105.0,129.33809435367584,4,1.0,0.07887624865369755,Square
491.0,140.36753070354462,7,0.6875,0.31315405239777144,
735.5,118.04163014888763,4,0.8823529411764706,0.6633185522452556,Square
628.5,109.35533845424652,4,1.032258064516129,0.6604427360693058,Square
956.5,132.87005722522736,5,0.8918918918918919,0.6808329944062528,
656.0,106.97056245803833,4,1.0714285714285714,0.7204189776048531,Square
117.0,161.1370828151703,6,0.6666666666666666,0.056624545836041915,
101.0,118.02438485622406,7,0.6944444444444444,0.09111455253299768,
861.0,126.76955199241638,4,0.972972972972973,0.6732604521773681,Square
474.0,112.56854164600372,3,0.8648648648648649,0.47006089834263787,Triangle
230.5,328.9777020215988,12,0.6388888888888888,0.02676380570881626,
1185.0,147.11269783973694,5,0.717391304347826,0.6880625087009498,
750.5,115.55634891986847,4,0.967741935483871,0.7062735423233788,Square
367.0,81.79898953437805,5,1.0,0.6892551988932747,
851.5,124.38477599620819,4,1.03125,0.6916080817502475,Square
386.0,98.42640721797943,3,0.9666666666666667,0.5006957480229023,Triangle
132.0,147.48022830486298,8,0.5416666666666666,0.07626340518415456,
239.5,162.26702547073364,11,0.5370370370370371,0.11430226370143519,
119.0,167.94112491607666,10,1.04,0.053020364571732904,
165.0,212.65180134773254,11,0.7916666666666666,0.04585172472236954,
1172.0,144.76955199241638,4,0.7021276595744681,0.7027211338799365,Rectangle
127.0,160.71067678928375,7,1.0344827586206897,0.06179084367045717,
255.0,146.02438509464264,11,1.162162162162162,0.15027933764055965,
265.0,232.2253954410553,2,9.727272727272727,0.061749908129257756,
155.0,54.14213538169861,6,1.0714285714285714,0.6644629978180937,
172.5,66.18376564979553,4,0.8260869565217391,0.4948755715866611,Square
251.0,75.5979790687561,6,0.6428571428571429,0.551903583371898,
378.5,90.66904675960541,4,0.6285714285714286,0.5785723144615098,Rectangle
654.5,100.66904652118683,8,0.8235294117647058,0.8115730266115607,Circle
651.0,105.79898953437805,4,1.0344827586206897,0.7308492622051344,Square
909.0,117.74011421203613,9,0.8205128205128205,0.823995503401576,Circle
212.5,72.18376588821411,3,1.0,0.5124951110080113,Triangle
969.5,130.18376541137695,6,0.918918918918919,0.7188595054213627,
229.5,284.46803629398346,8,0.75,0.035639007769883206,
619.0,132.71067690849304,6,0.6,0.44166072836264175,
131.5,190.40916097164154,12,0.6590909090909091,0.045578490536563876,
295.0,86.4264065027237,3,0.8928571428571429,0.49629393516761827,Triangle
723.5,116.5269113779068,5,0.8235294117647058,0.6695699103817927,
185.0,218.56854152679443,8,1.0,0.04866382972132987,
1229.0,135.74011421203613,7,0.7608695652173914,0.838195502792525,Circle
1424.5,168.18376553058624,4,0.7959183673469388,0.6328549391451805,Rectangle
352.5,87.49747443199158,4,0.8064516129032258,0.5785993618256525,Square
183.0,202.911687374115,8,1.0,0.05585304165363469,
207.0,331.7056235074997,6,0.524390243902439,0.023641473476767472,
485.5,138.95331740379333,6,0.6875,0.3159812107827872,
735.0,117.4558436870575,5,0.8823529411764706,0.6694959367769863,
626.0,107.94112491607666,5,1.032258064516129,0.6751656170842152,
958.0,132.28427076339722,5,0.8918918918918919,0.6879532996206377,
227.5,87.84061980247498,5,0.5277777777777778,0.37051046753440003,
657.5,106.38477599620819,4,1.0714285714285714,0.7300399963394861,Square
145.0,214.4507918357849,7,0.6458333333333334,0.03962073774647512,
110.0,164.9949470758438,8,0.6756756756756757,0.050776324482113624,
860.5,126.5269113779068,4,1.0,0.675452673958346,Square
470.5,111.15432786941528,4,0.8648648648648649,0.47853833914058763,Square
256.0,378.6761865615845,12,0.6438356164383562,0.022434367998663704,
1187.5,145.69848430156708,4,0.7333333333333333,0.7029645341925941,Rectangle
746.5,118.04163014888763,4,1.0,0.6732390200558577,Square
126.5,211.7228685617447,8,0.6,0.03546213269889429,
369.0,80.97056245803833,4,1.0,0.7072645945825905,Square
859.5,125.21320307254791,4,1.03125,0.6888989048298778,Square
386.0,99.25483357906342,3,0.9666666666666667,0.4923725554948244,Triangle
152.5,197.72286927700043,7,0.5416666666666666,0.049019163902035125,
245.5,173.23758792877197,12,0.5272727272727272,0.10279621027089525,
496.0,95.79898953437805,6,1.04,0.679156222320106,
164.0,231.96551048755646,14,0.7916666666666666,0.03830071467478752,
1170.0,142.76955199241638,4,0.7021276595744681,0.7213142837392669,Rectangle
120.5,160.12488996982574,6,1.0344827586206897,0.05905806619680203,
248.0,135.19595777988434,10,1.105263157894737,0.17050382695373933,
271.5,248.1248904466629,2,10.272727272727273,0.05541649236071062,
151.0,53.31370830535889,5,1.0714285714285714,0.6675887789606059,
172.0,66.76955163478851,5,0.8636363636363636,0.4848209643954285,
133.5,112.46803641319275,8,0.7037037037037037,0.13262729255590688,
376.5,92.32590055465698,4,0.5833333333333334,0.5550444182625762,Rectangle
655.0,99.25483286380768,8,0.7941176470588235,0.8355026645005262,Circle
650.0,105.79898953437805,4,1.0344827586206897,0.729726605888383,Square
909.0,116.08326017856598,8,0.7948717948717948,0.8476851085128269,Circle
213.5,72.52691113948822,6,1.0454545454545454,0.5100460401172957,
979.0,131.5979790687561,5,0.9459459459459459,0.7103855452817528,
237.0,283.88224971294403,8,0.75,0.03695572557615943,
614.5,133.7817438840866,4,0.58,0.4314575227712171,Rectangle
134.0,190.16652059555054,12,0.6744186046511628,0.046563599108595595,
297.0,90.08325982093811,4,0.9285714285714286,0.45991558471327165,Square
715.5,115.69848430156708,4,0.8235294117647058,0.6716827005482777,Square
188.0,218.56854152679443,8,1.0,0.04945297290600009,
1230.5,135.98275530338287,8,0.7608695652173914,0.8362262737724728,Circle
1428.0,165.11269772052765,4,0.8125,0.658229170664255,Square
356.0,88.91168761253357,4,0.78125,0.5659032066719263,Rectangle
176.0,205.7401144504547,8,0.9705882352941176,0.05224979341255673,
228.5,325.1198388338089,6,0.5121951219512195,0.02716496353938428,
484.0,133.8822501897812,6,0.6666666666666666,0.3393198134757279,
742.5,118.87005722522736,5,0.8823529411764706,0.6603305320683613,
135.5,259.8650041818619,12,0.7142857142857143,0.02521468601869739,
630.0,108.76955187320709,4,1.032258064516129,0.6691688788594099,Square
963.5,132.04163014888763,5,0.868421052631579,0.694448154767434,
654.5,107.21320295333862,5,1.1071428571428572,0.7155219707971147,
610.5,125.29646253585815,3,0.6458333333333334,0.48867251439464926,Triangle
325.5,99.15432751178741,5,0.6756756756756757,0.4160423206230167,
864.5,126.5269113779068,4,1.0,0.6785924888285765,Square
475.0,110.56854164600372,3,0.8378378378378378,0.4882478175915779,Triangle
2507.0,195.33809292316437,8,0.6301369863013698,0.8256392129325356,Circle
1179.5,144.04163014888763,4,0.7111111111111111,0.7143840570089975,Rectangle
750.5,118.04163014888763,4,0.96875,0.6768464628960765,Square
534.0,116.5685408115387,4,0.6,0.49384242995663713,Rectangle
617.0,100.42640578746796,7,0.5789473684210527,0.7687748876679922,
372.5,83.21320307254791,4,1.0,0.6760077305789016,Square
869.5,124.04163014888763,4,1.0625,0.7101408901701781,Square
388.5,101.497474193573,3,0.9354838709677419,0.4739040471355718,Triangle
163.0,203.48022842407227,7,0.5416666666666666,0.04947126726132126,
238.5,171.9238796234131,10,0.5370370370370371,0.10139717179786924,
498.0,93.79898953437805,4,1.04,0.7112837501370216,Square
166.0,233.62236416339874,12,0.8085106382978723,0.038219862742709186,
1177.5,142.5269113779068,4,0.7021276595744681,0.7284118997364216,Rectangle
124.0,161.53910386562347,7,1.0714285714285714,0.05971400643008235,
245.5,139.43859815597534,8,1.05,0.15867019102099789,
287.0,264.02438509464264,2,9.75,0.05173729053129273,
155.5,53.55634891986847,5,1.0714285714285714,0.6812685375218396,
133.0,100.56854152679443,7,0.7037037037037037,0.1652483764068019,
372.5,91.84061908721924,4,0.6285714285714286,0.5549662032290378,Rectangle
657.0,99.25483322143555,8,0.7941176470588235,0.8380538116353434,Circle
163.5,191.49747383594513,9,1.0689655172413792,0.05602753588608218,
916.5,116.32590079307556,8,0.8205128205128205,0.8511174305562551,Circle
212.5,72.52691149711609,7,1.0454545454545454,0.5076570606840354,
987.0,129.11269783973694,5,0.972972972972973,0.7440277005868974,
241.0,283.0538226366043,8,0.75,0.03779974393255627,
613.0,130.71067690849304,5,0.6,0.45086675252854214,
130.5,193.9238796234131,13,0.6744186046511628,0.0436071590266445,
716.5,118.5269113779068,4,0.8787878787878788,0.6409027332230962,Square
121.0,143.53910398483276,7,0.9285714285714286,0.07379972993036202,
182.0,218.22539567947388,8,1.0294117647058822,0.048025364837222355,
1236.5,137.63960909843445,9,0.782608695652174,0.8201950116916977,Circle
1444.0,166.7695518732071,4,0.8333333333333334,0.6524444388176522,Square
357.0,88.91168737411499,4,0.78125,0.5674928254644928,Rectangle
177.5,205.63960921764374,8,1.0,0.052746625626346,
245.5,324.77669310569763,6,0.5121951219512195,0.029247695291466837,
482.0,135.88224959373474,6,0.7021276595744681,0.3280435067815408,
735.5,118.87005722522736,4,0.9393939393939394,0.6541051937188953,Square
1191.0,137.05382251739502,8,0.68,0.7967816431360188,
623.5,108.18376541137695,4,1.032258064516129,0.6694561494860044,Square
953.0,133.11269783973694,5,0.8947368421052632,0.6758709709206538,
231.5,86.18376564979553,4,0.4722222222222222,0.39166063847752886,Rectangle
656.0,109.4558436870575,4,1.1071428571428572,0.6880750298755005,Square
614.5,122.12489151954651,3,0.625,0.5177538885783466,Triangle
324.0,96.91168701648712,4,0.6944444444444444,0.43351344052235424,Rectangle
864.0,126.76955199241638,4,0.9722222222222222,0.6756063074114356,Square
469.5,112.32590055465698,4,0.8888888888888888,0.46761199425751904,Square
2510.5,195.9238796234131,8,0.6527777777777778,0.8218552727755516,Circle
1185.0,146.76955199241638,4,0.717391304347826,0.6912836372786713,Rectangle
757.5,116.38477599620819,4,1.0,0.7027488621660448,Square
131.0,206.65180110931396,8,0.6,0.038548081638124766,
620.5,100.18376553058624,8,0.5789473684210527,0.7768853780229736,
364.5,80.38477599620819,4,1.0,0.7088588811577778,Square
857.5,125.21320307254791,4,1.0625,0.6872958823637234,Square
381.0,100.08326160907745,3,0.9666666666666667,0.47798243730915024,Triangle
155.5,206.06601417064667,7,0.5416666666666666,0.04601797625871868,
250.0,168.16652059555054,10,0.5555555555555556,0.1110889330065721,
505.5,93.55634891986847,4,1.04,0.7257457380345269,Square
1297.0,139.0538228750229,9,0.8085106382978723,0.8429153721439805,Circle
1180.0,143.94112491607666,4,0.723404255319149,0.7156852826549099,Rectangle
383.0,98.08326005935669,4,1.0689655172413792,0.5002865800380791,Square
256.0,138.36753046512604,9,1.024390243902439,0.16802791932335465,
322.0,263.6812392473221,2,9.833333333333334,0.058197894577862126,
132.5,100.81118154525757,8,0.7407407407407407,0.16383562135250013,
372.0,91.25483357906342,4,0.5833333333333334,0.5613594642956505,Rectangle
656.0,100.08326041698456,8,0.7941176470588235,0.8229829037909513,Circle
159.0,192.42640602588654,9,1.0344827586206897,0.0539607094863874,
918.0,116.08326005935669,8,0.7948717948717948,0.8560780321375534,Circle
110.5,105.98275542259216,9,1.0454545454545454,0.123623697567598,
975.5,129.69848430156708,5,0.9722222222222222,0.7287311534681323,
222.0,281.88224959373474,8,0.75,0.035109721207759216,
615.5,131.29646265506744,5,0.6122448979591837,0.44867499849311004,
1006.0,122.56854164600372,8,0.7441860465116279,0.8414916428348519,Circle
694.5,117.69848430156708,5,0.8484848484848485,0.6299997452766264,
123.0,141.5391036272049,7,0.9285714285714286,0.07715464790744482,
192.0,217.39696860313416,8,1.0294117647058822,0.051050984862240856,
1237.5,135.98275458812714,8,0.7608695652173914,0.8409833601622435,Circle
1452.0,165.11269783973694,4,0.8125,0.6692918448350289,Square
353.5,87.49747359752655,4,0.8064516129032258,0.5802407895224793,Square
185.0,206.22539567947388,8,1.0,0.05466348313816289,
259.5,324.776694893837,6,0.5121951219512195,0.030915587961551173,
180.0,200.9949471950531,8,0.6808510638297872,0.055990209104046944,
732.5,120.5269113779068,4,0.9090909090909091,0.6336499983832221,Square
1206.5,137.29646277427673,8,0.68,0.8043007863842244,Circle
615.5,106.52691125869751,5,1.0,0.6815837875544014,
943.0,133.94112491607666,5,0.8918918918918919,0.6605317116409141,
235.5,85.84061968326569,4,0.5,0.40161977379984654,Rectangle
656.0,108.62741661071777,4,1.1481481481481481,0.6986100049233942,Square
615.5,124.12489056587219,3,0.6041666666666666,0.5020190113225577,Triangle
190.0,340.39191567897797,15,0.7580645161290323,0.020606535942305045,
327.0,98.5685418844223,4,0.7222222222222222,0.4229421341950929,Rectangle
462.5,110.32590103149414,4,0.9142857142857143,0.47749258859270943,Square
863.0,125.94112491607666,4,1.0,0.683731397425579,Square
2522.0,195.3380936384201,8,0.6527777777777778,0.8305792101184326,Circle
1172.5,146.18376553058624,4,0.7555555555555555,0.6894843709382847,Rectangle
753.5,117.21320307254791,4,1.0,0.6891917223187869,Square
535.5,117.98275482654572,3,0.6,0.48342852679515896,Triangle
625.0,100.42640614509583,7,0.5789473684210527,0.7787427899033966,
377.0,81.79898953437805,5,1.0,0.7080359945034456,
850.5,126.04163014888763,4,1.0625,0.6727537993004826,Square
377.0,98.42640566825867,4,1.0,0.4890215102299157,Square
162.5,204.55129635334015,7,0.5416666666666666,0.04880437516385488,
263.5,162.26702535152435,9,0.5660377358490566,0.1257563529418849,
500.0,95.4558436870575,5,1.04,0.6895643923479429,
1298.5,140.46803605556488,8,0.7916666666666666,0.8269834097321691,Circle
1179.0,145.5979790687561,4,0.717391304347826,0.6988966765411444,Rectangle
376.0,100.91168737411499,3,1.1428571428571428,0.4639965725802219,Triangle
253.0,136.02438497543335,8,1.05,0.17182915061434556,
411.5,349.5807340145111,2,9.8125,0.04231406255241056,
153.0,56.97056245803833,7,1.1428571428571428,0.5923798541815595,
131.5,99.63960945606232,9,0.8076923076923077,0.16644531813946145,
373.5,91.1543276309967,4,0.5833333333333334,0.5648665871249341,Rectangle
649.0,97.59797942638397,8,0.7878787878787878,0.856195434524509,Circle
642.5,107.21320307254791,4,1.0344827586206897,0.7024031554084396,Square
914.5,115.49747383594513,8,0.7948717948717948,0.8614867514978944,Circle
108.5,102.81118214130402,8,1.0454545454545454,0.12899084764210178,
963.0,128.28427076339722,5,0.9722222222222222,0.7353419316651914,
215.0,281.8822498321533,8,0.75,0.03400265786891396,
615.5,132.4680358171463,6,0.6122448979591837,0.44077375525050616,
132.5,192.40916049480438,13,0.6744186046511628,0.044975319049553306,
716.0,116.76955199241638,5,0.8484848484848485,0.6598780136173311,
290.0,89.25483310222626,5,0.9285714285714286,0.4574507852627706,
184.5,218.46803629398346,8,1.0294117647058822,0.04857697026465625,
1229.0,135.39696872234344,8,0.7608695652173914,0.8424494750931176,Circle
1456.5,170.66904664039612,4,0.8163265306122449,0.6283633233129027,Square
350.5,87.49747347831726,3,0.8064516129032258,0.5753165411083345,Triangle
177.5,208.81118214130402,9,1.0606060606060606,0.051156487494122535,
268.0,325.705624461174,6,0.5121951219512195,0.031746374965844364,
180.5,204.55129647254944,8,0.6808510638297872,0.05421039819574209,
1203.0,137.05382239818573,8,0.68,0.8048096711671576,Circle
623.0,107.94112467765808,4,1.0666666666666667,0.671930002079264,Square
939.0,133.11269783973694,5,0.8918918918918919,0.6659421214003084,
237.5,86.66904640197754,5,0.5,0.39732458794782477,
658.0,108.62741661071777,4,1.1481481481481481,0.70073991347499,Square
614.0,124.22539556026459,3,0.6041666666666666,0.49998555633919056,Triangle
121.5,244.69343090057373,14,0.9565217391304348,0.02550007872975662,
329.5,98.32590115070343,4,0.7222222222222222,0.4282815957784904,Rectangle
864.5,126.5269113779068,4,1.0,0.6785924888285765,Square
461.0,110.5685418844223,4,0.8888888888888888,0.473857353555851,Square
2533.5,197.58073449134827,8,0.6666666666666666,0.8155330795625391,Circle
1171.0,145.11269783973694,4,0.7555555555555555,0.6988048757223744,Rectangle
751.0,118.62741661071777,4,1.0,0.670624870693606,Square
531.0,117.39696836471558,3,0.5652173913043478,0.4841619118205059,Triangle
632.0,101.25483298301697,7,0.6052631578947368,0.774631973817518,
367.0,81.79898953437805,6,1.0909090909090908,0.6892551988932747,
848.0,126.28427076339722,4,1.0625,0.6682011132220207,Square
378.5,97.84062004089355,3,1.0,0.4968637986327409,Triangle
153.5,203.72286915779114,7,0.5208333333333334,0.046477062972381314,
258.5,157.43859910964966,9,0.5660377358490566,0.13105330505256046,
499.5,93.21320307254791,4,1.125,0.7224212178380823,Square
1295.5,139.63960933685303,8,0.7708333333333334,0.8348914837109253,Circle
1173.0,143.11269783973694,4,0.717391304347826,0.7197000595760361,Rectangle
371.0,98.91168737411499,4,1.1428571428571428,0.47652814047577496,Square
254.0,142.02438592910767,10,1.024390243902439,0.15824053415446251,
325.5,263.63960921764374,2,9.916666666666666,0.058849061117051814,
151.0,54.14213538169861,5,1.0714285714285714,0.6473155656163364,
123.0,95.05382299423218,11,0.7037037037037037,0.1710707653444477,
377.5,89.49747347831726,4,0.5833333333333334,0.5922502726849863,Rectangle
646.0,98.42640590667725,8,0.8181818181818182,0.8379519736819,Circle
643.0,109.11269783973694,5,1.0344827586206897,0.678688122864483,
909.5,116.32590067386627,9,0.8205128205128205,0.8446168081587252,Circle
103.0,104.91168701648712,7,1.0,0.11759784068087076,
953.5,126.87005722522736,5,0.9444444444444444,0.7444101565221168,
207.5,280.46803617477417,8,0.7291666666666666,0.033148296734214884,
607.5,132.12489068508148,4,0.5918367346938775,0.4373074381369208,Rectangle
158.0,231.13708293437958,13,0.7209302325581395,0.03716444871883904,
708.5,114.87005722522736,4,0.8181818181818182,0.674739358279151,Square
293.0,93.74011445045471,5,0.9642857142857143,0.41901206242463396,
165.0,219.88224983215332,8,1.0294117647058822,0.04288579489574618,
1236.5,135.15432786941528,8,0.7608695652173914,0.8506366108258194,Circle
233.0,311.53910398483276,8,0.8367346938775511,0.03016759243126772,
348.5,87.49747347831726,3,0.8064516129032258,0.5720337077781871,Triangle
168.5,205.9827550649643,8,1.0909090909090908,0.04990545781001804,
273.5,323.1198389530182,6,0.5121951219512195,0.03291849316491254,
178.0,211.96550953388214,8,0.6666666666666666,0.049785109591167144,
1192.5,135.63960897922516,8,0.6938775510204082,0.8145076984725579,Circle
617.0,107.94112479686737,4,1.0666666666666667,0.6654587646343284,Square
929.5,131.69848430156708,4,0.8918918918918919,0.6734381333378782,Square
235.5,88.66904616355896,5,0.5,0.37640614264497246,
651.0,107.79898953437805,4,1.0714285714285714,0.7039818667304425,Square
611.0,125.05382335186005,4,0.6041666666666666,0.4909724529457351,Rectangle
104.5,184.2670258283615,15,0.5384615384615384,0.03867505163303443,
326.0,97.74011433124542,4,0.7222222222222222,0.4288266612035323,Rectangle
852.0,125.94112491607666,4,1.0,0.6750163969948938,Square
467.0,111.74011421203613,5,0.8888888888888888,0.47001154174796284,
2522.5,197.92388033866882,8,0.6666666666666666,0.8091790782415197,Circle
196.0,263.88224971294403,8,0.7727272727272727,0.03537085675304064,
141.0,209.25483310222626,8,1.032258064516129,0.040464854352595794,
531.0,116.56854140758514,4,0.5777777777777777,0.49106802926079635,Rectangle
625.5,100.18376541137695,8,0.6216216216216216,0.7831455360351659,
373.5,81.21320307254791,4,1.0,0.7116184363729261,Square
859.5,127.69848430156708,4,1.0625,0.6623449967150242,Square
380.5,99.84061896800995,3,0.9666666666666667,0.4796782155631242,Triangle
163.5,201.72286927700043,7,0.5208333333333334,0.050491392386320486,
264.5,152.61017096042633,9,0.5370370370370371,0.1427146585079445,
504.0,94.62741661071777,4,1.0833333333333333,0.7073045192939835,Square
197.5,263.86500465869904,14,0.7708333333333334,0.03564621098722228,
1180.5,145.35533845424652,4,0.717391304347826,0.7021241029802644,Rectangle
371.0,97.59797894954681,4,1.1851851851851851,0.489443003563145,Square
261.5,149.43859827518463,9,1.0,0.14714854993281173,
330.5,255.2964632511139,2,9.0,0.06372234229526182,
148.5,51.899494767189026,4,1.0714285714285714,0.6928034752109603,Square
162.0,65.94112479686737,6,0.8181818181818182,0.46817926639200724,
237.5,73.8406195640564,5,0.6666666666666666,0.5473722974671211,
373.5,90.66904747486115,4,0.5833333333333334,0.5709293422508681,Rectangle
641.5,97.8406195640564,8,0.8181818181818182,0.8421086656003034,Circle
643.0,105.79898953437805,4,1.0344827586206897,0.7218680116711236,Square
905.5,116.32590103149414,9,0.8205128205128205,0.8409021606214174,Circle
100.5,107.6396095752716,8,1.0,0.10900130515044618,
961.5,126.04163014888763,5,0.9444444444444444,0.7605558824543375,
215.5,281.2964631319046,8,0.7291666666666666,0.03422382884323177,
604.5,130.46803665161133,4,0.5918367346938775,0.44627022858397636,Rectangle
155.5,224.06601560115814,12,0.7209302325581395,0.038921383956400574,
139.0,61.94112479686737,7,0.8181818181818182,0.4552673329706967,
119.5,142.1248903274536,8,0.9629629629629629,0.07434255523150274,
709.5,116.87005722522736,5,0.8484848484848485,0.652763331761979,
164.0,216.22539567947388,8,1.0,0.04407987061052234,
1232.5,135.15432786941528,8,0.7608695652173914,0.8478848547050727,Circle
1401.0,169.5979789495468,5,0.8367346938775511,0.6120778368723228,
347.5,87.49747335910797,3,0.8064516129032258,0.5703922926673539,Triangle
172.5,203.9827550649643,8,1.0303030303030303,0.05209692103891943,
277.0,324.53405368328094,6,0.5121951219512195,0.03304981890429201,
476.0,135.88224947452545,7,0.7021276595744681,0.3239599782198993,
1191.0,135.39696848392487,8,0.673469387755102,0.8164014063218048,Circle
620.0,108.7695517539978,4,1.032258064516129,0.6585471520670557,Square
930.0,131.94112491607666,4,0.8918918918918919,0.6713244234817783,Square
238.0,86.42640578746796,5,0.5142857142857142,0.400399859406632,
658.5,106.38477599620819,4,1.1481481481481481,0.7311503233301166,Square
610.0,125.05382251739502,4,0.6041666666666666,0.49016890391791,Rectangle
112.0,200.1665199995041,12,0.6511627906976745,0.03512731935712926,
326.5,97.15432810783386,4,0.7222222222222222,0.43467908511266656,Rectangle
838.5,125.35533845424652,4,0.9722222222222222,0.6705439730498423,Square
465.5,111.15432810783386,4,0.8888888888888888,0.4734529137392875,Square
2519.0,197.33809304237366,8,0.6438356164383562,0.8128607942965483,Circle
1164.5,144.5269113779068,4,0.7333333333333333,0.7005706092337185,Rectangle
748.0,119.94112491607666,4,1.0,0.653394126865946,Square
532.0,117.74011397361755,4,0.5777777777777777,0.4822503955830371,Rectangle
631.0,99.59797894954681,8,0.5789473684210527,0.799352194742198,
364.5,80.38477599620819,4,1.0,0.7088588811577778,Square
855.0,127.4558436870575,4,1.0625,0.6613882491149038,Square
375.0,99.25483322143555,3,0.9666666666666667,0.4783412166868398,Triangle
142.5,153.58073318004608,7,0.5319148936170213,0.07591913571023493,
260.5,149.7817441225052,10,0.5471698113207547,0.14591496149680278,
496.5,96.04163014888763,4,1.08,0.6764100802639424,Square
185.5,265.86500430107117,13,0.8085106382978723,0.032978540212357646,
219.0,266.71067678928375,8,0.717391304347826,0.03868772356171835,
365.0,99.74011421203613,5,1.1785714285714286,0.4610659028656777,
257.0,145.68123865127563,9,1.05,0.1521723461829185,
314.5,273.78174459934235,2,9.615384615384615,0.05272560122124338,
147.0,52.14213538169861,4,1.0714285714285714,0.6794375936895686,Square
167.0,65.94112515449524,6,0.8181818181818182,0.48262923851476186,
244.0,76.083261013031,5,0.6428571428571429,0.5296896085333779,
379.5,92.32590174674988,4,0.6111111111111112,0.5594670685024817,Rectangle
635.5,97.01219236850739,8,0.7878787878787878,0.8485409000910796,Circle
638.5,105.21320307254791,4,1.0,0.7248201880299369,Square
905.5,116.32590103149414,9,0.7948717948717948,0.8409021606214174,Circle
957.0,125.4558436870575,5,0.9444444444444444,0.7640820741888157,
232.0,282.71067690849304,8,0.75,0.036476522497535684,
610.5,129.63960874080658,5,0.5918367346938775,0.4564782706684814,
998.0,122.56854176521301,9,0.7441860465116279,0.8347998587630203,Circle
706.0,116.28427076339722,5,0.8484848484848485,0.6561038975858571,
292.5,88.66904664039612,5,0.9629629629629629,0.46751080908489934,
165.5,215.15432798862457,8,1.0303030303030303,0.04492702785442716,
1219.5,135.15432786941528,8,0.7608695652173914,0.838941647312646,Circle
440.5,84.18376529216766,9,0.6451612903225806,0.7810864135941823,
1408.5,170.18376553058624,5,0.8163265306122449,0.6111255735487947,
349.0,88.0832599401474,3,0.8064516129032258,0.5652603618514855,Triangle
164.5,202.81118214130402,8,0.9705882352941176,0.05025646916401361,
269.0,324.1909068822861,6,0.5121951219512195,0.03216329139565131,
476.5,135.6396086215973,6,0.6808510638297872,0.325461568443416,
132.0,208.2253954410553,8,1.0,0.03825748390149005,
1186.0,134.22539603710175,9,0.673469387755102,0.8272278837717287,Circle
613.5,107.35533833503723,4,1.0,0.6689245592236526,Square
930.5,130.04163014888763,4,0.8648648648648649,0.6914510357302662,Square
234.5,87.01219248771667,5,0.5142857142857142,0.38921761511624925,
651.0,107.4558436870575,4,1.1111111111111112,0.7084851892880696,Square
611.0,123.88224995136261,3,0.6041666666666666,0.5003027676961194,Triangle
430.5,86.18376553058624,9,0.5757575757575758,0.7283365241080701,
108.5,210.7523068189621,14,0.6666666666666666,0.03069692890027033,
262.5,88.18376541137695,5,0.5142857142857142,0.4241914333558964,
329.5,98.32590043544769,5,0.6756756756756757,0.4282816020094198,
842.0,125.5979790687561,4,0.9722222222222222,0.6707437778248977,Square
459.0,111.39696860313416,3,0.8888888888888888,0.4648103650953858,Triangle
2494.0,196.99494683742523,8,0.6527777777777778,0.8075996850987346,Circle
1163.0,144.28427076339722,4,0.7111111111111111,0.7020234206583283,Rectangle
748.5,114.72792184352875,4,0.967741935483871,0.7146006630304472,Square
523.5,116.32590055465698,3,0.5777777777777777,0.4861538207557186,Triangle
627.0,99.59797894954681,8,0.5789473684210527,0.794284985900726,
368.5,80.38477599620819,4,1.0,0.7166378537905107,Square
860.0,129.11269783973694,5,1.0303030303030303,0.6482916134799713,
373.5,99.01219248771667,3,0.9666666666666667,0.47876579520131657,Triangle
144.5,152.4091603755951,8,0.5319148936170213,0.07817278239157692,
256.0,152.02438580989838,9,0.5660377358490566,0.1391948971126252,
490.0,95.4558436870575,4,1.125,0.675773104500984,Square
176.0,262.45079135894775,14,0.7872340425531915,0.03210899840680035,
236.0,269.53910398483276,8,0.717391304347826,0.04082049871734652,
365.5,95.8406195640564,3,1.1481481481481481,0.5000322554871307,Triangle
256.5,156.75230705738068,10,1.05,0.1311805207526279,
324.5,256.1248903274536,2,9.0,0.06216142965397533,
150.5,53.55634891986847,4,1.0714285714285714,0.6593627967655104,Square
160.5,65.35533845424652,6,0.8181818181818182,0.47219650101684185,
240.0,74.42640626430511,4,0.6428571428571429,0.5444612892600644,Rectangle
370.5,91.49747431278229,4,0.6285714285714286,0.5561345343100512,Rectangle
641.5,97.8406194448471,8,0.8181818181818182,0.8421086676523586,Circle
634.5,104.38477599620819,4,1.0,0.7317574679022402,Square
903.5,115.49747347831726,9,0.7948717948717948,0.8511244229617866,Circle
200.0,71.59797883033752,7,1.0,0.4902734038875149,
956.0,127.11269783973694,5,0.918918918918919,0.7435152553203956,
229.0,282.71067678928375,8,0.75,0.03600484335767292,
612.5,131.29646348953247,5,0.6122448979591837,0.44648811224018353,
996.0,122.56854140758514,8,0.7441860465116279,0.8331269180160364,Circle
705.0,115.4558436870575,5,0.8484848484848485,0.6646104147583554,
292.5,87.84061968326569,5,0.8928571428571429,0.47637060240863077,
172.0,216.22539567947388,8,1.0,0.046230108201279534,
1213.0,133.74011433124542,8,0.7777777777777778,0.8522112924277117,Circle
442.5,82.52691125869751,8,0.6129032258064516,0.8164544434603703,Circle
1412.5,166.87005722522736,5,0.8333333333333334,0.6374431973002033,
352.0,88.08326065540314,4,0.8064516129032258,0.5701193241843396,Square
167.5,202.81118214130402,8,0.9705882352941176,0.051173000516548814,
279.0,323.0193340778351,6,0.5121951219512195,0.03360137367298658,
479.5,136.46803605556488,6,0.6808510638297872,0.323546415262864,
711.5,118.87005722522736,5,0.9696969696969697,0.6327611765207259,
1187.0,135.05382299423218,8,0.673469387755102,0.8177994577758213,Circle
609.5,106.5269113779068,5,1.0,0.6749395899019359,
939.0,131.11269783973694,5,0.8648648648648649,0.6864137092955311,
234.0,86.42640554904938,4,0.5142857142857142,0.393670452176823,Rectangle
645.0,106.62741661071777,4,1.0714285714285714,0.7129052358105807,Square
611.0,124.71067643165588,3,0.5918367346938775,0.4936780347627129,Triangle
434.0,85.59797894954681,8,0.5757575757575758,0.7443420807504918,
116.0,214.99494695663452,11,0.6511627906976745,0.03153634424882471,
330.0,96.9116872549057,4,0.6944444444444444,0.44154146502616587,Rectangle
260.0,85.59797859191895,4,0.5142857142857142,0.445919222608879,Rectangle
464.0,108.91168713569641,4,0.8611111111111112,0.49156264589083243,Square
852.0,126.76955199241638,4,0.972972972972973,0.6662228864751657,Square
2473.0,195.6812388896942,8,0.6388888888888888,0.8115879715916925,Circle
1162.5,142.87005722522736,5,0.7111111111111111,0.7156824840532583,
747.5,115.55634891986847,4,0.967741935483871,0.7034503302954372,Square
133.0,208.308655500412,8,0.5652173913043478,0.038516505097782365,
624.0,101.25483322143555,8,0.5789473684210527,0.7648265021927309,
367.0,80.97056245803833,4,1.0,0.7034311821458286,Square
862.5,125.21320307254791,5,1.0,0.6913034385291095,
380.5,99.49747407436371,3,0.9666666666666667,0.48299253012010884,Triangle
159.5,192.06601476669312,7,0.5208333333333334,0.05433372759656909,
251.5,151.92387986183167,9,0.5660377358490566,0.13692910435676198,
493.0,96.28427076339722,4,1.04,0.6682609631514751,Square
173.0,262.9360728263855,15,0.7872340425531915,0.03144529135162528,
1172.5,145.69848430156708,4,0.717391304347826,0.6940849821817403,Rectangle
371.5,95.01219260692596,3,1.0714285714285714,0.5171422268250315,Triangle
257.0,137.19595754146576,8,1.05,0.17157750849690948,
336.0,315.48022878170013,2,10.846153846153847,0.042423338981898706,
152.5,53.55634891986847,4,1.0,0.668125093068042,Square
162.0,64.76955199241638,5,0.8181818181818182,0.4852696076948944,
248.5,73.84061968326569,5,0.6666666666666666,0.5727242757111076,
122.5,118.26702690124512,9,0.6285714285714286,0.11005723410318592,
639.5,97.84061968326569,8,0.8181818181818182,0.8394832273407712,Circle
633.5,104.38477599620819,4,1.0,0.7306041858409285,Square
907.0,116.08326005935669,8,0.7948717948717948,0.8458200165019183,Circle
199.5,72.18376553058624,5,1.0,0.4811424736903681,
951.5,126.5269113779068,5,0.8918918918918919,0.7468834622560909,
224.5,282.46803617477417,8,0.7291666666666666,0.035357991593563384,
609.5,128.46803617477417,5,0.625,0.4640805886265886,
999.0,121.74011433124542,8,0.7209302325581395,0.8470478445965471,Circle
707.5,115.69848430156708,4,0.8484848484848485,0.6641726214366268,Square
295.5,87.01219248771667,4,0.8928571428571429,0.49046398834478316,Square
177.0,214.56854152679443,8,1.0,0.04831155674103993,
1213.5,133.15432798862457,8,0.7777777777777778,0.8600804388651464,Circle
443.5,82.52691113948822,8,0.6129032258064516,0.8182995406119021,Circle
1412.5,166.87005722522736,4,0.7959183673469388,0.6374431973002033,Rectangle
353.0,88.08326005935669,4,0.8064516129032258,0.5717389890930649,Square
170.5,203.15432798862457,8,0.9705882352941176,0.051913712716476344,
290.0,323.8477610349655,6,0.5060240963855421,0.03474770007384575,
476.0,135.88224959373474,6,0.6808510638297872,0.32395997765148016,
714.5,116.87005710601807,6,0.9696969696969697,0.6573634975269955,
1183.0,135.39696872234344,8,0.673469387755102,0.8109175988894696,Circle
613.5,107.35533845424652,4,1.0,0.6689245577380809,Square
932.5,129.2132030725479,5,0.8648648648648649,0.7018509947371707,
233.0,84.76955223083496,5,0.4857142857142857,0.40746096253637426,
655.0,106.62741661071777,4,1.0714285714285714,0.7239580301642331,Square
614.5,123.29646337032318,3,0.5918367346938775,0.5079611669758106,Triangle
434.0,85.59797883033752,8,0.5757575757575758,0.7443420828237298,
114.5,216.06601524353027,15,0.6511627906976745,0.030820694839148354,
258.0,84.76955235004425,4,0.5294117647058824,0.45117994866401484,Rectangle
329.0,97.74011385440826,4,0.7222222222222222,0.4327729230446415,Rectangle
470.0,110.0832599401474,3,0.8611111111111112,0.4873771431368341,Triangle
841.5,126.18376553058624,4,0.9459459459459459,0.6641359931887487,Square
2467.0,194.1665209531784,8,0.6527777777777778,0.822300047588536,Circle
1164.5,144.04163014888763,4,0.7111111111111111,0.7052990541644575,Rectangle
749.0,115.79898953437805,4,0.9375,0.7019111514835578,Square
131.5,202.06601512432098,8,0.5652173913043478,0.04047147781196515,
621.0,100.42640614509583,8,0.5789473684210527,0.7737588360480149,
365.0,80.97056245803833,4,1.0,0.6995977697090665,Square
848.0,124.62741661071777,4,1.03125,0.6860859582431525,Square
379.5,99.84062051773071,3,0.9666666666666667,0.4784175483706732,Triangle
158.5,203.23758780956268,7,0.5208333333333334,0.04822042870493542,
244.0,152.85281217098236,8,0.5660377358490566,0.1312359513526194,
501.0,93.79898941516876,5,1.04,0.7155685938241515,
1277.5,137.63960921764374,8,0.7872340425531915,0.8473911246430665,Circle
1178.0,145.5979790687561,4,0.7021276595744681,0.6983038888595998,Rectangle
369.5,95.01219260692596,3,1.0714285714285714,0.5143581502337796,Triangle
259.5,143.43859839439392,9,1.05,0.15849485192211388,
243.5,177.9827550649643,3,6.909090909090909,0.09659462912875469,Triangle
132.0,159.74011433124542,2,10.285714285714286,0.06500635472345109,
152.5,52.72792184352875,4,0.9333333333333333,0.6892843179992628,Square
167.0,66.76955199241638,5,0.8636363636363636,0.47072732666694067,
245.0,74.76955211162567,5,0.6666666666666666,0.5507143462907897,
120.5,127.78174495697021,10,0.6285714285714286,0.09273833235150959,
637.5,97.01219296455383,8,0.7878787878787878,0.8512113566654506,Circle
636.0,105.4558436870575,4,1.0,0.7186636495861166,Square
903.5,115.49747371673584,8,0.7948717948717948,0.8511244194478763,Circle
207.0,72.7695517539978,4,1.0,0.4912253943363461,Square
951.5,127.69848430156708,5,0.918918918918919,0.7332417270207627,
218.5,282.46803629398346,8,0.7291666666666666,0.034413011833731244,
599.5,128.4680358171463,5,0.5918367346938775,0.45646647158429987,
997.0,121.74011433124542,8,0.7209302325581395,0.8453520531158735,Circle
709.5,114.87005722522736,5,0.8484848484848485,0.6756917074086912,
297.0,88.42640602588654,5,0.8928571428571429,0.4773120134414882,
171.5,215.15432798862457,8,1.0,0.04655580227815262,
1211.5,133.9827550649643,8,0.7777777777777778,0.8480773701036538,Circle
441.0,82.76955187320709,8,0.59375,0.8089231153361556,Circle
1413.0,166.7695518732071,4,0.7959183673469388,0.6384376676241986,Rectangle
352.5,87.49747347831726,4,0.8064516129032258,0.578599374438482,Square
163.5,204.32590091228485,8,1.0,0.04921310604629486,
291.5,324.7766937017441,6,0.5121951219512195,0.03472791505567816,
478.0,133.0538228750229,6,0.6808510638297872,0.3392993646246579,
714.5,115.21320307254791,4,0.96875,0.6764062248690401,Square
1186.5,133.98275470733643,8,0.6875,0.830576809739772,Circle
615.5,108.18376541137695,4,1.032258064516129,0.660866495603265,Square
936.5,130.87005722522736,5,0.9166666666666666,0.6871270744229978,
231.5,85.01219189167023,4,0.5142857142857142,0.40253016535394753,Rectangle
653.5,107.21320307254791,4,1.1071428571428572,0.7144287347228253,Square
620.0,123.53910493850708,3,0.5918367346938775,0.5104963632786466,Triangle
434.0,84.76955187320709,8,0.5757575757575758,0.7589616276089437,
112.0,204.99494755268097,12,0.6511627906976745,0.03349203775903358,
250.5,84.52691125869751,5,0.5,0.4405828574329959,
326.5,97.15432786941528,4,0.7222222222222222,0.4346790872460881,Rectangle
459.5,109.49747395515442,3,0.8611111111111112,0.48160077709932386,Triangle
849.5,126.18376553058624,4,0.9459459459459459,0.6704498231893546,Square
2470.0,194.16652023792267,8,0.6619718309859155,0.8233000131769621,Circle
1171.5,142.04163014888763,4,0.7111111111111111,0.7296605416140547,Rectangle
750.5,115.55634891986847,4,0.967741935483871,0.7062735423233788,Square
132.5,202.40916109085083,8,0.5777777777777777,0.040641096104692596,
619.5,99.8406195640564,7,0.5789473684210527,0.7809741156196306,
367.0,80.97056245803833,4,0.9565217391304348,0.7034311821458286,Square
850.0,127.11269783973694,4,1.03125,0.6610752793120672,Square
383.5,97.84062099456787,3,0.9666666666666667,0.5034273792894132,Triangle
142.0,149.33809340000153,7,0.5208333333333334,0.08001234587318674,
498.0,92.97056245803833,4,1.0833333333333333,0.7240162104810115,Square
249.5,153.4385986328125,12,0.5370370370370371,0.13317146187341158,
1282.5,137.63960921764374,8,0.7872340425531915,0.850707723956738,Circle
1162.5,142.5269113779068,4,0.717391304347826,0.7191327672557029,Rectangle
368.5,95.84061968326569,3,1.0714285714285714,0.5041364861521951,Triangle
251.5,142.6101711988449,9,1.0769230769230769,0.15539851020665965,
298.0,191.39696860313416,2,6.461538461538462,0.10222474080450365,
154.5,53.55634891986847,4,1.0,0.6768873893705737,Square
170.0,65.9411244392395,5,0.8636363636363636,0.49129923549351795,
242.5,73.69848465919495,5,0.6296296296296297,0.561053777067199,
127.5,158.26702773571014,8,0.6285714285714286,0.06396452159847127,
638.5,97.01219272613525,8,0.7878787878787878,0.8525465943565642,Circle
636.5,105.21320307254791,4,1.0344827586206897,0.7225498037291384,Square
904.0,115.74011433124542,8,0.7948717948717948,0.8480285633298491,Circle
207.5,70.5269113779068,5,1.0,0.5242256116883228,
964.5,127.69848430156708,5,0.918918918918919,0.7432597432596171,
226.0,281.0538227558136,8,0.7291666666666666,0.03595334562526265,
607.5,131.2964632511139,5,0.5918367346938775,0.44284331293223744,
164.0,229.13708353042603,12,0.7209302325581395,0.03925210482064025,
704.5,114.04163014888763,4,0.8181818181818182,0.6807129741836918,Square
295.5,89.01219248771667,3,0.8928571428571429,0.46867129238660865,Triangle
168.5,215.9827550649643,8,1.0,0.04539119493498207,
1215.5,134.81118214130402,8,0.7608695652173914,0.8404521513964922,Circle
441.5,83.35533833503723,9,0.59375,0.7984978197998406,
1424.5,165.35533833503723,4,0.7755102040816326,0.6546902558480849,Rectangle
346.5,86.66904664039612,4,0.7741935483870968,0.579675658806189,Rectangle
167.5,201.15432798862457,8,1.0,0.05201946879620254,
281.0,330.1909053325653,6,0.5121951219512195,0.0323881371653849,
484.0,134.7106772661209,6,0.7021276595744681,0.33515923193318753,
714.0,115.4558436870575,4,0.9090909090909091,0.6730948030318662,Square
1194.5,135.63960886001587,8,0.6938775510204082,0.8158737505539816,Circle
617.5,108.18376541137695,4,1.032258064516129,0.6630139090739499,Square
934.0,130.28427076339722,4,0.9166666666666666,0.6914690840677213,Square
229.0,87.25483345985413,4,0.5,0.37797785708669823,Rectangle
650.5,105.55634891986847,4,1.1481481481481481,0.7336491941771396,Square
615.0,123.05382299423218,3,0.6041666666666666,0.5103813052936234,Triangle
438.0,84.76955199241638,8,0.5757575757575758,0.7659566634971314,
111.5,204.409161567688,11,0.6511627906976745,0.03353389635214505,
258.5,87.01219260692596,5,0.5294117647058824,0.42905225258791263,
327.0,98.08326029777527,4,0.6944444444444444,0.42713762631104985,Rectangle
852.0,125.11269783973694,4,0.9722222222222222,0.6839851624779079,Square
465.0,110.56854212284088,4,0.8888888888888888,0.47796891204602615,Square
2476.0,194.50966584682465,8,0.6619718309859155,0.8223905832996273,Circle
1172.5,142.87005722522736,4,0.7333333333333333,0.7218388925182326,Rectangle
747.0,118.28427076339722,4,1.0,0.6709288583017214,Square
131.5,204.0660148859024,8,0.5777777777777777,0.039682063707149086,
616.5,98.18376541137695,8,0.5945945945945946,0.8036437616966465,Circle
362.5,81.21320307254791,4,1.0,0.6906604636818895,Square
855.0,127.11269783973694,4,1.0625,0.6649639574256677,Square
379.5,97.0121921300888,3,0.9333333333333333,0.5067211222145918,Triangle
161.0,203.33809292316437,7,0.5208333333333334,0.04893259500024552,
252.5,159.09545266628265,10,0.5660377358490566,0.1253590560381241,
498.5,91.55634891986847,4,1.0833333333333333,0.7473053570929332,Square
1274.5,137.63960897922516,8,0.7872340425531915,0.8454011679836622,Circle
1167.5,141.69848430156708,4,0.6956521739130435,0.7306953501909623,Rectangle
368.5,95.84061968326569,4,1.1481481481481481,0.5041364861521951,Square
257.5,153.09545254707336,9,1.05,0.13805829819141943,
302.5,187.2964632511139,3,6.384615384615385,0.10836176988723059,Triangle
157.5,52.72792184352875,4,1.0714285714285714,0.7118838038353043,Square
171.0,66.76955223083496,5,0.8636363636363636,0.482002229252655,
247.0,73.5979791879654,6,0.6666666666666666,0.5730269365147302,
376.5,91.84062004089355,4,0.5833333333333334,0.5609255602049977,Rectangle
640.5,97.01219248771667,8,0.7878787878787878,0.8552170655745813,Circle
639.0,108.28427076339722,4,1.0,0.6848255735576804,Square
896.5,115.49747383594513,8,0.7948717948717948,0.8445302052683021,Circle
206.0,71.94112503528595,5,1.0454545454545454,0.500175752373687,
966.5,127.69848430156708,5,0.9444444444444444,0.7448009765271332,
228.5,281.2964633703232,8,0.7659574468085106,0.03628837530126315,
613.5,130.12489092350006,5,0.5918367346938775,0.45530631522785026,
995.5,121.98275518417358,8,0.7209302325581395,0.840725560803273,Circle
708.0,114.62741661071777,4,0.8484848484848485,0.6771207337532477,Square
293.5,88.66904699802399,5,0.9285714285714286,0.46910913285322114,
175.5,215.9827550649643,8,1.0,0.04727688255839379,
1217.5,136.81118190288544,8,0.782608695652174,0.8174019028846025,Circle
437.0,83.94112467765808,8,0.6129032258064516,0.7793664984687936,
1419.5,166.18376553058624,4,0.7755102040816326,0.6459041429245028,Rectangle
351.5,87.49747335910797,5,0.8064516129032258,0.5769579593455393,
175.0,202.56854152679443,8,1.0,0.05359248687295598,
282.5,327.2619733810425,6,0.5121951219512195,0.0331464656002138,
485.0,138.36753058433533,6,0.6666666666666666,0.31833414348205846,
717.5,116.04163014888763,4,0.9090909090909091,0.6695825503000198,Square
1192.0,135.88224947452545,9,0.6938775510204082,0.8112611219288235,Circle
621.5,108.18376541137695,4,1.032258064516129,0.6673087360153196,Square
934.0,130.62741661071777,5,0.8648648648648649,0.6878410080977667,
228.5,87.49747383594513,4,0.5,0.37506370490335117,Rectangle
653.0,104.97056245803833,4,1.1111111111111112,0.7447113909410485,Square
617.0,123.88224983215332,3,0.625,0.5052157254706895,Triangle
550.0,296.5929266214371,15,0.7540983606557377,0.07856895459914444,
258.0,87.25483286380768,5,0.5294117647058824,0.4258440544134603,
324.0,98.08326065540314,4,0.6944444444444444,0.4232189294054292,Rectangle
855.0,125.11269783973694,4,0.9722222222222222,0.6863935609373372,Square
466.5,110.32590043544769,3,0.8611111111111112,0.481622259427804,Triangle
2478.0,194.50966656208038,8,0.6619718309859155,0.8230548668937653,Circle
1181.0,145.94112491607666,4,0.7333333333333333,0.6967939684209885,Rectangle
742.0,116.62741661071777,4,1.0,0.6855078900116742,Square
137.5,204.06601476669312,8,0.5777777777777777,0.0414926522137475,
617.5,98.18376541137695,8,0.5945945945945946,0.8049473201097798,Circle
369.0,82.62741661071777,4,1.0,0.6791846798892696,Square
849.0,125.4558436870575,4,1.0625,0.6778533761612376,Square
379.0,97.59798002243042,3,0.9333333333333333,0.49999701960133414,Triangle
137.5,152.75230610370636,8,0.5208333333333334,0.07405203729050525,
498.0,92.14213538169861,4,1.0833333333333333,0.7370936355338047,Square
253.0,165.33809351921082,8,0.5555555555555556,0.1163012905854633,
1280.5,137.6396095752716,8,0.7872340425531915,0.8493810798173896,Circle
1167.5,141.69848430156708,4,0.717391304347826,0.7306953501909623,Rectangle
368.5,95.84061968326569,3,1.1111111111111112,0.5041364861521951,Triangle
257.0,145.68123877048492,10,1.024390243902439,0.15217234593387674,
392.5,322.06601536273956,2,10.142857142857142,0.04755100768128167,
157.0,52.485281229019165,4,1.0714285714285714,0.7162002350857251,Square
173.5,67.35533821582794,6,0.8636363636363636,0.4805795657919812,
143.0,117.05382287502289,9,0.6785714285714286,0.13115193352132212,
368.5,92.66904699802399,4,0.5833333333333334,0.5392348628546574,Rectangle
642.0,98.42640602588654,8,0.8181818181818182,0.8327634145521132,Circle
645.0,107.4558436870575,4,1.0344827586206897,0.7019553718752763,Square
895.5,114.66904664039612,8,0.8157894736842105,0.855821220097925,Circle
208.5,71.35533881187439,4,1.0454545454545454,0.5145919382091417,Square
962.0,128.28427076339722,5,0.9722222222222222,0.7345783367205755,
230.0,281.8822498321533,8,0.75,0.0363749363248847,
620.5,130.12489020824432,5,0.6122448979591837,0.46050133937196763,
993.5,123.63960921764374,8,0.7619047619047619,0.8166998728844117,Circle
713.5,116.5269113779068,4,0.8484848484848485,0.6603153159051959,Square
300.5,88.66904664039612,5,0.8928571428571429,0.4802974295043154,
180.5,213.9827550649643,8,1.0,0.04953697932771458,
1215.5,133.98275578022003,7,0.7608695652173914,0.850877451386633,Circle
435.5,83.35533833503723,9,0.6451612903225806,0.7876462072997296,
1416.5,162.87005722522736,4,0.7755102040816326,0.6710331028361324,Rectangle
348.5,87.49747443199158,3,0.8064516129032258,0.572033695308482,Triangle
175.5,203.15432798862457,8,1.0,0.0534361089838217,
291.0,329.01933324337006,6,0.5121951219512195,0.03378002892752333,
486.5,132.4680359363556,6,0.6808510638297872,0.3483938774060508,
721.5,117.69848430156708,4,0.9090909090909091,0.6544921759785255,Square
1197.0,135.88224947452545,8,0.6938775510204082,0.8146640628765115,Circle
620.0,107.11269783973694,4,1.0,0.6790779634462066,Square
929.5,131.69848430156708,5,0.8918918918918919,0.6734381333378782,
229.0,88.08326065540314,4,0.5142857142857142,0.3709014921540164,Rectangle
656.0,105.79898953437805,4,1.1111111111111112,0.7364625437888911,Square
611.0,123.88225090503693,4,0.625,0.5003027599932257,Rectangle
434.5,86.18376541137695,9,0.5588235294117647,0.7351038806049173,
114.0,212.99494743347168,14,0.6904761904761905,0.03157738138764909,
259.0,88.08326005935669,5,0.5294117647058824,0.41949121296063396,
325.5,99.49747347831726,5,0.6944444444444444,0.4131775832791032,
857.0,126.76955199241638,4,1.0,0.6701326451986114,Square
464.5,110.32590126991272,3,0.8888888888888888,0.47955741933556084,Triangle
2472.0,193.3380937576294,8,0.6388888888888888,0.8310429428405216,Circle
1180.0,144.28427076339722,4,0.7333333333333333,0.7122851559559995,Rectangle
746.5,118.04163014888763,4,1.0,0.6732390200558577,Square
135.0,200.99494695663452,8,0.5777777777777777,0.041992656927657905,
620.0,98.76955199241638,9,0.5945945945945946,0.798647958388938,
368.0,82.62741661071777,5,1.0,0.6773440710006807,
846.0,125.4558436870575,4,1.0625,0.6754581345493605,Square
379.0,98.42640626430511,3,1.0,0.49161578284456275,Triangle
154.0,204.65180110931396,7,0.5531914893617021,0.046206113709889814,
495.0,92.14213538169861,5,1.0833333333333333,0.7326533124281794,
251.5,161.09545230865479,9,0.5555555555555556,0.1217814925125469,
1287.0,141.53910374641418,9,0.7916666666666666,0.807301070647291,Circle
1168.5,143.35533845424652,4,0.717391304347826,0.7145141600226224,Rectangle
369.5,95.01219248771667,3,1.1111111111111112,0.5143581515244828,Triangle
262.5,157.09545266628265,10,0.9333333333333333,0.1336632275483374,
283.5,187.63960921764374,2,6.833333333333333,0.10118447615796229,
157.5,51.899494767189026,4,1.0714285714285714,0.7347915646176851,Square
171.5,67.35533821582794,5,0.8636363636363636,0.4750397437079238,
133.0,117.0538227558136,10,0.6785714285714286,0.12198046988716547,
372.5,89.497474193573,4,0.6,0.5844058888712993,Rectangle
647.5,98.66904640197754,8,0.7941176470588235,0.8357719183466521,Circle
640.0,104.97056245803833,4,1.0,0.7298855898962804,Square
896.0,114.91168749332428,8,0.7948717948717948,0.8526866606012707,Circle
212.5,71.35533881187439,4,1.0454545454545454,0.5244642056088374,Square
969.0,128.28427076339722,5,0.9459459459459459,0.7399235013328873,
215.5,282.46803617477417,8,0.75,0.03394052199738489,
610.0,131.88224959373474,5,0.6,0.44072430941222906,
993.0,120.56854152679443,8,0.7209302325581395,0.8584027447711364,Circle
302.5,87.01219260692596,4,0.9259259259259259,0.5020824232411744,Square
715.0,114.62741661071777,4,0.8484848484848485,0.6838154302734069,Square
176.0,214.56854152679443,8,1.0,0.048038610092785455,
1220.0,135.396968126297,8,0.7608695652173914,0.8362802023292859,Circle
438.0,82.76955199241638,9,0.6451612903225806,0.803420234686275,Circle
1416.0,163.94112491607666,4,0.7755102040816326,0.6620599179190167,Rectangle
350.0,88.08326065540314,3,0.8064516129032258,0.5668800098423832,Triangle
179.5,203.9827550649643,8,1.0303030303030303,0.05421099899412195,
285.5,332.43354737758636,6,0.524390243902439,0.03246431836765285,
488.5,136.12489020824432,5,0.7021276595744681,0.33128315008804327,
728.0,117.4558436870575,4,0.9090909090909091,0.6631197849981578,Square
1190.5,136.4680358171463,8,0.6938775510204082,0.8032992882509196,Circle
617.5,107.35533833503723,4,1.0,0.6732859255429591,Square
938.5,132.5269113779068,5,0.8918918918918919,0.6714844931827183,
228.0,88.4264065027237,6,0.5142857142857142,0.3664213397002159,
658.0,107.79898953437805,4,1.1481481481481481,0.7115515642221677,Square
616.0,122.71067774295807,4,0.625,0.5140742690250638,Rectangle
435.5,86.18376541137695,8,0.6060606060606061,0.7367957192254119,
105.0,210.99494767189026,14,0.6666666666666666,0.02963842019063052,
259.5,85.84061992168427,5,0.5294117647058824,0.4425491750408718,
324.0,97.740114569664,4,0.6944444444444444,0.42619582071199197,Rectangle
861.5,126.18376553058624,4,1.0,0.6799205681902637,Square
469.0,110.56854212284088,4,0.8888888888888888,0.4820804725797554,Square
2479.0,193.33809411525726,8,0.6388888888888888,0.8333962166990664,Circle
1184.0,145.11269783973694,4,0.7555555555555555,0.7065627436851335,Rectangle
744.5,118.04163014888763,4,1.0,0.6714352986357481,Square
135.5,201.58073341846466,8,0.5777777777777777,0.041903578949335274,
621.0,98.76955211162567,9,0.5945945945945946,0.7999360983263517,
369.0,81.79898953437805,5,1.0,0.6930113580153089,
857.0,127.11269783973694,4,1.0625,0.6665194286711078,Square
390.5,98.1837660074234,4,1.0,0.5090395541480565,Square
152.0,199.48022830486298,7,0.5531914893617021,0.04800138172557874,
494.5,93.21320307254791,6,1.125,0.7151897742160794,
246.0,154.85281133651733,9,0.5555555555555556,0.12891598832711104,
1291.5,141.2964632511139,8,0.7916666666666666,0.812908551037849,Circle
1162.0,143.5979790687561,4,0.717391304347826,0.7081403418540221,Rectangle
376.5,95.01219260692596,5,1.1481481481481481,0.5241024183031612,
258.5,149.09545290470123,9,0.9767441860465116,0.14613075033604206,
294.5,195.15432798862457,3,7.333333333333333,0.09717147358674338,Triangle
100.5,126.87005722522736,3,9.833333333333334,0.07846168928208994,Triangle
153.0,54.62741661071777,8,1.1428571428571428,0.6442878913319711,
250.0,74.76955199241638,5,0.6666666666666666,0.5619534163743463,
370.5,90.32590138912201,4,0.6,0.5706547911542533,Rectangle
645.5,98.66904675960541,8,0.7941176470588235,0.8331903774238988,Circle
643.5,106.04163014888763,4,1.0,0.7191270489877181,Square
897.0,114.91168689727783,9,0.7948717948717948,0.8536383286763287,Circle
209.5,74.18376541137695,9,1.0434782608695652,0.4783834477413652,
966.5,128.5269113779068,5,0.918918918918919,0.7352306104028724,
225.5,284.1248903274536,8,0.75,0.03510248383685826,
601.0,129.88224959373474,5,0.6,0.44769756450055215,
999.5,121.15432822704315,8,0.7209302325581395,0.855686725503577,Circle
299.0,88.42640602588654,7,0.8928571428571429,0.4805262357542255,
718.5,116.04163014888763,4,0.8484848484848485,0.6705157663979989,Square
173.5,214.32590091228485,8,1.0303030303030303,0.0474635291735354,
1221.5,135.15432786941528,8,0.7608695652173914,0.8403175253730193,Circle
439.5,82.52691102027893,8,0.6129032258064516,0.8109191637833851,Circle
1419.5,166.18376541137695,4,0.7959183673469388,0.6459041438511609,Rectangle
351.0,88.08326053619385,4,0.8064516129032258,0.5684996685521428,Square
176.0,204.22539567947388,8,1.0303030303030303,0.05302773038852464,
288.5,330.4335459470749,6,0.524390243902439,0.03320377174611005,
488.5,137.78174436092377,7,0.7021276595744681,0.323363557836249,
733.0,117.4558436870575,5,0.9393939393939394,0.6676741791258923,
1188.0,135.3969682455063,8,0.673469387755102,0.8143449824735658,Circle
618.5,108.18376541137695,4,1.032258064516129,0.6640876158092922,Square
938.5,132.5269113779068,5,0.8918918918918919,0.6714844931827183,
228.5,86.66904699802399,4,0.5142857142857142,0.38226807198872237,Rectangle
653.5,107.21320307254791,4,1.1481481481481481,0.7144287347228253,Square
615.0,123.88225030899048,3,0.6041666666666666,0.5035780693234592,Triangle
436.5,86.18376553058624,10,0.6060606060606061,0.7384875558029562,
103.0,210.99494767189026,14,0.6666666666666666,0.02907387885366613,
260.5,85.84061980247498,5,0.5294117647058824,0.4442545680861024,
326.0,96.91168761253357,4,0.6944444444444444,0.4361894440489811,Rectangle
472.0,109.74011409282684,5,0.9142857142857143,0.4925167986412012,
863.5,127.01219260692596,4,1.0,0.6726379699963181,Square
2485.5,194.75230705738068,8,0.6527777777777778,0.8234901510030915,Circle
1189.0,145.11269783973694,4,0.7333333333333333,0.7095465390554254,Rectangle
745.5,115.55634891986847,4,0.967741935483871,0.7015681889434762,Square
529.5,115.1543276309967,3,0.5777777777777777,0.5017822570838221,Triangle
623.0,99.5979791879654,9,0.5945945945945946,0.7892177732807804,
365.5,81.21320307254791,6,1.0909090909090908,0.6963762744158086,
854.5,125.69848430156708,4,1.0625,0.6796132684951159,Square
394.0,98.42640614509583,3,1.0,0.5110728731133235,Triangle
151.0,200.30865585803986,7,0.5531914893617021,0.047291967006860426,
252.5,157.4385986328125,9,0.5660377358490566,0.12801144961786423,
499.5,94.87005722522736,4,1.0833333333333333,0.6974081712024752,Square
1294.0,139.05382239818573,8,0.7708333333333334,0.8409656893098636,Circle
1166.0,141.94112491607666,4,0.717391304347826,0.7272637297149778,Rectangle
370.5,95.84061968326569,4,1.1481481481481481,0.5068726407581772,Square
262.5,140.61017155647278,10,0.9767441860465116,0.16684211842694968,
418.5,323.78174459934235,2,10.5,0.05016497599387659,
155.5,54.38477599620819,6,1.0,0.660671494822553,
173.5,67.35533821582794,5,0.8636363636363636,0.4805795657919812,
249.5,73.35533833503723,5,0.6666666666666666,0.5826623618479738,
368.0,89.254833817482,4,0.6,0.5804892630297875,Rectangle
638.5,97.84061980247498,8,0.7647058823529411,0.8381705071945739,Circle
646.0,107.4558436870575,4,1.0344827586206897,0.7030436747774086,Square
897.0,116.08326029777527,9,0.7948717948717948,0.8364945443061672,Circle
205.0,72.76955199241638,9,1.0,0.48647925207287923,
968.5,127.69848418235779,6,0.918918918918919,0.7463422111881022,
231.0,283.8822498321533,8,0.75,0.03602013755663805,
602.0,129.88224935531616,5,0.58,0.4484424872193009,
997.5,121.15432786941528,8,0.7209302325581395,0.8539745009793746,Circle
725.5,116.04163014888763,4,0.8484848484848485,0.6770482790838528,Square
302.5,89.8406195640564,7,0.8928571428571429,0.47096622861866216,
174.5,213.15432798862457,8,1.0303030303030303,0.04826329683015384,
1215.5,133.1543288230896,8,0.7777777777777778,0.8614979483620933,Circle
441.0,81.94112467765808,8,0.6129032258064516,0.8253622708230435,Circle
1428.5,166.18376553058624,4,0.7916666666666666,0.6499993435488921,Rectangle
352.0,88.08326089382172,4,0.8064516129032258,0.5701193210980088,Square
173.0,203.39696860313416,8,1.0,0.052549309674361507,
289.0,329.5046144723892,6,0.524390243902439,0.033449120639943264,
493.5,136.12489008903503,7,0.7021276595744681,0.33467397104359053,
728.0,116.62741661071777,5,0.9090909090909091,0.6725737788793784,
1188.0,134.22539591789246,9,0.673469387755102,0.8286228732431897,Circle
615.0,109.59797894954681,4,1.032258064516129,0.643398269737563,Square
934.5,130.04163014888763,5,0.8648648648648649,0.6944234206232497,
654.0,105.79898953437805,4,1.1111111111111112,0.7342172311553885,Square
615.5,123.29646396636963,3,0.6041666666666666,0.5087877872266092,Triangle
435.5,85.35533833503723,8,0.5757575757575758,0.751167253641399,
105.0,210.16652035713196,14,0.6666666666666666,0.029872536152111502,
263.5,87.8406194448471,5,0.5142857142857142,0.4291406988583634,
328.5,96.32590138912201,5,0.6944444444444444,0.4448965874286447,
470.0,110.08326029777527,5,0.9142857142857143,0.48737713997014653,
858.0,126.76955199241638,4,0.9722222222222222,0.6709145969433007,Square
2483.5,194.75230646133423,8,0.6527777777777778,0.8228275206335199,Circle
1198.0,143.4558436870575,4,0.7333333333333333,0.7315267203305371,Rectangle
749.5,115.55634891986847,4,0.967741935483871,0.7053324716473982,Square
528.0,116.56854116916656,3,0.5777777777777777,0.488293635612677,Triangle
625.5,100.18376553058624,8,0.5945945945945946,0.7831455341714263,
365.0,81.79898953437805,4,1.0909090909090908,0.6854990397712405,Square
848.5,124.04163014888763,4,1.03125,0.6929897013334056,Square
388.5,97.01219427585602,3,1.0,0.5187382009797362,Triangle
138.0,146.65180206298828,7,0.5531914893617021,0.08063324585313768,
501.5,93.21320307254791,5,1.0833333333333333,0.7253137952868834,
279.5,149.43859958648682,8,0.5555555555555556,0.15727731925214528,
1295.0,139.0538228750229,8,0.7708333333333334,0.8416155797428332,Circle
1168.5,141.69848430156708,4,0.717391304347826,0.7313212134459439,Rectangle
377.0,96.42640602588654,3,1.1481481481481481,0.5095176746894503,Triangle
249.0,158.16652011871338,11,0.9767441860465116,0.12507775910508834,
400.5,306.95331740379333,2,10.214285714285714,0.05341555210885497,
154.5,54.38477599620819,7,1.0,0.6564228035375206,
168.5,67.35533821582794,7,0.8636363636363636,0.4667300105818376,
245.0,72.76955235004425,5,0.6666666666666666,0.5814020272505174,
372.5,89.49747455120087,4,0.5833333333333334,0.5844058842007801,Rectangle
637.0,97.5979790687561,8,0.7878787878787878,0.8403644002913719,Circle
643.0,106.62741661071777,4,1.0,0.7106946769398503,Square
901.5,115.49747359752655,8,0.7948717948717948,0.8492403605048761,Circle
200.5,73.35533857345581,5,1.0,0.4682316745135082,
968.5,127.69848418235779,6,0.918918918918919,0.7463422111881022,
231.0,283.0538227558136,8,0.75,0.03623128979695304,
601.0,132.71067667007446,5,0.58,0.4288176069461747,
1001.5,121.15432798862457,8,0.7209302325581395,0.8573989584439033,Circle
725.0,115.4558436870575,4,0.8484848484848485,0.683464610921713,Square
301.0,87.59797894954681,5,0.8928571428571429,0.49293333316472593,
181.5,213.9827550649643,8,1.0,0.04981142242648309,
1214.5,133.1543288230896,8,0.7777777777777778,0.8607891882235807,Circle
442.5,82.52691125869751,8,0.6129032258064516,0.8164544434603703,Circle
1425.0,165.5979790687561,4,0.7916666666666666,0.6530022286970693,Rectangle
350.5,88.66904640197754,4,0.8064516129032258,0.5602138101383378,Square
167.5,204.81118214130402,8,0.9705882352941176,0.05017846212348465,
287.5,330.0904002189636,6,0.524390243902439,0.033157511167313,
486.5,133.63960874080658,6,0.6808510638297872,0.34231215271916143,
727.5,115.21320307254791,4,0.9090909090909091,0.6887131260912899,Square
1188.0,134.22539615631104,8,0.673469387755102,0.8286228702994981,Circle
617.0,108.76955187320709,4,1.032258064516129,0.6553606321527872,Square
935.5,130.04163014888763,5,0.8648648648648649,0.6951665168464956,
234.5,86.66904711723328,4,0.5142857142857142,0.39230574457224887,Rectangle
649.5,106.38477599620819,4,1.1111111111111112,0.721157380414443,Square
617.0,123.88225018978119,3,0.6041666666666666,0.5052157225537386,Triangle
436.5,85.35533821582794,8,0.5757575757575758,0.752892094443934,
114.0,212.9949473142624,13,0.6511627906976745,0.03157738142299563,
264.5,87.01219248771667,5,0.5142857142857142,0.4390109134253643,
324.5,96.32590115070343,5,0.6944444444444444,0.4394792795593831,
855.0,125.94112491607666,4,0.9722222222222222,0.6773932152941716,Square
466.0,109.74011409282684,3,0.8888888888888888,0.4862559918788131,Triangle
2484.5,195.58073318004608,8,0.6527777777777778,0.8162002536527906,Circle
1191.0,144.28427076339722,4,0.7333333333333333,0.7189251023250809,Rectangle
751.5,115.55634891986847,4,0.967741935483871,0.7072146129993593,Square
532.5,115.982754945755,3,0.5777777777777777,0.4974422114423628,Triangle
624.5,100.18376541137695,8,0.5945945945945946,0.7818935048024959,
365.0,81.79898953437805,4,1.0909090909090908,0.6854990397712405,Square
849.0,124.62741661071777,4,1.0625,0.6868950218731562,Square
386.0,100.08326077461243,3,0.9354838709677419,0.4842551807820648,Triangle
151.5,198.89444267749786,7,0.5531914893617021,0.048125715524059184,
498.5,91.55634891986847,4,1.0833333333333333,0.7473053570929332,Square
264.0,159.33809351921082,11,0.5555555555555556,0.13066959885095067,
1300.0,139.05382299423218,8,0.7708333333333334,0.8448650592971144,Circle
1169.0,141.11269783973694,4,0.717391304347826,0.737721066327342,Rectangle
376.5,96.66904675960541,3,1.1481481481481481,0.506290726134536,Triangle
254.0,158.50966596603394,10,1.05,0.12703754110484997,
421.5,319.4385986328125,2,10.5,0.051907804355322905,
157.5,52.72792184352875,4,1.0714285714285714,0.7118838038353043,Square
169.0,65.94112467765808,7,0.8181818181818182,0.4884092364588026,
250.0,73.59797894954681,4,0.6428571428571429,0.5799867816066189,Rectangle
375.0,89.74011409282684,3,0.5833333333333334,0.5851509265653687,Triangle
639.0,97.59797894954681,8,0.7878787878787878,0.8430029091020206,Circle
642.5,108.04163014888763,4,1.0,0.6916728670276582,Square
902.0,114.91168701648712,8,0.7948717948717948,0.8583966230417968,Circle
201.0,71.94112527370453,6,1.0454545454545454,0.48803556097450024,
968.0,128.28427076339722,5,0.918918918918919,0.7391599063882713,
232.5,283.2964632511139,8,0.7346938775510204,0.036404118202899974,
599.5,131.2964631319046,4,0.58,0.43701163223862455,Rectangle
1000.5,121.15432798862457,8,0.7209302325581395,0.8565428436576389,Circle
719.5,116.87005722522736,5,0.8484848484848485,0.6619636606099278,
298.0,87.59797894954681,5,0.8928571428571429,0.4880203763557752,
174.5,215.63960921764374,8,1.0,0.047157223072559575,
1220.5,134.81118285655975,8,0.7608695652173914,0.8439093705427604,Circle
446.5,83.35533809661865,8,0.59375,0.8075408348361658,Circle
1420.5,167.01219260692596,4,0.7755102040816326,0.639962824851861,Rectangle
349.0,88.0832599401474,4,0.8064516129032258,0.5652603618514855,Square
166.5,203.9827550649643,8,0.9705882352941176,0.0502848542201744,
279.5,329.2619739770889,6,0.524390243902439,0.032397277897442005,
486.5,133.63960886001587,6,0.6808510638297872,0.3423121521084624,
727.0,115.79898953437805,4,0.9090909090909091,0.6812942685294346,Square
1193.0,134.22539567947388,8,0.673469387755102,0.8321103462045029,Circle
616.0,108.76955187320709,4,1.032258064516129,0.6542984593292008,Square
931.5,129.2132030725479,5,0.8648648648648649,0.7010983395149325,
236.0,87.25483310222626,4,0.5142857142857142,0.3895317685750412,Rectangle
655.5,106.38477599620819,4,1.1111111111111112,0.7278193423582254,Square
620.5,123.29646229743958,3,0.6041666666666666,0.5129209269224407,Triangle
436.5,85.35533833503723,8,0.5757575757575758,0.75289209234092,
111.5,212.40916097164154,13,0.6511627906976745,0.031055479879907602,
265.0,87.59797930717468,5,0.5142857142857142,0.4339778479137974,
327.0,96.91168785095215,5,0.6944444444444444,0.4375274463258013,
856.5,125.69848430156708,4,0.9722222222222222,0.6812039373505756,Square
467.0,109.74011409282684,3,0.8888888888888888,0.4872994596725444,Triangle
2489.5,194.75230610370636,8,0.6527777777777778,0.8248154298934154,Circle
1187.5,145.69848430156708,4,0.7333333333333333,0.7029645341925941,Rectangle
751.5,115.55634891986847,4,0.967741935483871,0.7072146129993593,Square
532.5,115.154327750206,3,0.5777777777777777,0.5046252150026802,Triangle
628.5,100.18376541137695,8,0.5945945945945946,0.7869016297331763,
366.0,80.97056245803833,4,1.0454545454545454,0.7015144759274474,Square
853.0,123.79898953437805,4,1.03125,0.6993984980690435,Square
380.5,98.66904711723328,3,0.9666666666666667,0.4911370043557528,Triangle
148.5,201.72286903858185,7,0.5531914893617021,0.04585915466111603,
267.5,158.26702535152435,10,0.5660377358490566,0.13420007876947135,
500.5,91.55634891986847,4,1.0833333333333333,0.7503035731695348,Square
1302.0,139.05382311344147,8,0.7708333333333334,0.8461648502452178,Circle
1170.0,141.11269783973694,4,0.717391304347826,0.7383521365295039,Rectangle
372.0,95.5979790687561,3,1.1111111111111112,0.5115114751511127,Triangle
259.0,166.9949473142624,9,0.9767441860465116,0.11670862860895892,
417.5,321.4385986328125,2,10.5,0.050777380386256454,
158.5,52.72792184352875,4,1.0714285714285714,0.7164037010025125,Square
166.0,65.94112503528595,7,0.8181818181818182,0.47973924480911245,
250.0,74.42640662193298,5,0.6428571428571429,0.5671471708621458,
376.0,90.91168773174286,4,0.6285714285714286,0.5716869364735081,Rectangle
642.0,98.42640578746796,8,0.8181818181818182,0.8327634185865238,Circle
648.5,107.21320307254791,4,1.0,0.7089625623071955,Square
906.5,116.66904664039612,8,0.7948717948717948,0.8368861379905135,Circle
203.5,71.35533881187439,5,1.0454545454545454,0.5022516039595221,
968.5,128.04163014888763,5,0.9444444444444444,0.7423472425995662,
233.5,283.2964632511139,8,0.7346938775510204,0.03656069505538557,
608.5,129.2964630126953,5,0.6122448979591837,0.4574010500834016,
1000.5,121.15432786941528,8,0.7209302325581395,0.8565428453432223,Circle
717.5,116.87005722522736,5,0.8484848484848485,0.6601235948403381,
300.0,87.59797883033752,5,0.8928571428571429,0.4912956822322529,
171.0,217.0538227558136,8,1.0,0.045611157774066324,
1222.5,133.98275566101074,8,0.7608695652173914,0.8557776110005444,Circle
443.5,83.35533833503723,8,0.59375,0.8021150239665444,Circle
1423.5,166.18376553058624,4,0.7755102040816326,0.647724232090898,Rectangle
349.5,87.4974730014801,4,0.8064516129032258,0.5736751306960041,Square
168.5,205.63960921764374,8,0.9705882352941176,0.05007214883402423,
288.5,328.7766926288605,6,0.524390243902439,0.03353927240777083,
484.5,134.46803617477417,6,0.6808510638297872,0.336717370139063,
728.0,114.97056245803833,4,0.9375,0.6920985371523708,Square
1199.0,136.71067714691162,8,0.68,0.8061654438697833,Circle
618.0,108.76955187320709,4,1.032258064516129,0.6564228049763735,Square
931.5,129.2132030725479,5,0.8648648648648649,0.7010983395149325,
233.0,87.25483310222626,4,0.5142857142857142,0.38458009355078215,Rectangle
657.5,106.38477599620819,4,1.1111111111111112,0.7300399963394861,Square
616.0,123.88225030899048,3,0.625,0.5043968954524405,Triangle
438.5,86.18376553058624,9,0.6060606060606061,0.7418712330345849,
115.5,205.5807340145111,13,0.6511627906976745,0.03434211384224419,
263.5,89.01219320297241,6,0.5142857142857142,0.41791838767915374,
328.5,97.49747395515442,5,0.6944444444444444,0.43426868171657035,
855.5,125.69848430156708,4,0.9722222222222222,0.6804086029228457,Square
468.0,109.74011421203613,3,0.8888888888888888,0.4883429264053144,Triangle
2491.5,194.7523068189621,8,0.6527777777777778,0.8254780592426904,Circle
1185.5,145.69848430156708,4,0.7333333333333333,0.7017805939244803,Rectangle
751.5,115.55634891986847,4,0.967741935483871,0.7072146129993593,Square
537.0,115.39696836471558,3,0.5777777777777777,0.5067518592741083,Triangle
627.5,99.35533845424652,8,0.5945945945945946,0.7988057455356711,
364.0,81.79898953437805,4,1.0,0.6836209602102233,Square
851.5,123.21320307254791,4,1.03125,0.7048229240803159,Square
383.0,100.42640602588654,4,0.9354838709677419,0.47721358278573633,Square
147.0,202.30865478515625,7,0.5531914893617021,0.04513342317294079,
270.5,158.75230705738068,9,0.5660377358490566,0.13487673450843068,
500.5,91.55634891986847,4,1.0833333333333333,0.7503035731695348,Square
1306.5,141.29646372795105,8,0.7708333333333334,0.822349992073239,Circle
1170.0,141.11269783973694,4,0.717391304347826,0.7383521365295039,Rectangle
371.0,94.76955199241638,3,1.1111111111111112,0.5190941307836489,Triangle
258.5,162.75230658054352,9,1.0,0.12263547200434721,
413.0,311.53910398483276,2,10.285714285714286,0.053473028644264245,
157.0,52.485281229019165,4,1.0714285714285714,0.7162002350857251,Square
167.5,67.3553386926651,7,0.782608695652174,0.46396009297066626,
252.5,74.18376553058624,5,0.6428571428571429,0.5765719339688922,
643.5,97.8406194448471,9,0.8181818181818182,0.8447341038726309,Circle
643.0,104.97056245803833,4,1.0,0.7333069285989192,Square
899.0,116.9116872549057,8,0.7948717948717948,0.826520632313719,Circle
206.0,71.94112527370453,5,1.0454545454545454,0.500175749058443,
967.0,127.4558435678482,6,0.9444444444444444,0.7480262433806736,
230.0,283.8822498321533,8,0.75,0.035864206225224037,
153.5,160.06601428985596,7,0.6458333333333334,0.07528699826326979,
177.0,231.13708221912384,12,0.7441860465116279,0.041633591543965405,
714.0,116.28427076339722,4,0.8484848484848485,0.6635385026576515,Square
300.0,87.59797883033752,5,0.8928571428571429,0.4912956822322529,
173.0,217.0538227558136,8,1.0294117647058822,0.04614462160768114,
1229.5,135.98275530338287,8,0.782608695652174,0.8355466912663595,Circle
106.0,158.3675308227539,12,0.625,0.05311087277713935,
1422.5,166.18376553058624,4,0.7755102040816326,0.6472692097992992,Rectangle
352.0,89.25483298301697,4,0.8064516129032258,0.5552506098021411,Square
170.5,205.63960921764374,8,1.0,0.05066647701009573,
294.0,329.84775960445404,6,0.5121951219512195,0.033957062752920306,
484.5,135.2964632511139,6,0.6666666666666666,0.3326065193415391,
728.5,115.21320307254791,5,0.9090909090909091,0.6896598108006938,
1200.5,136.46803605556488,8,0.68,0.8100468644902361,Circle
618.5,108.18376541137695,4,1.032258064516129,0.6640876158092922,Square
933.5,131.69848430156708,5,0.8918918918918919,0.6763361995383639,
231.0,87.25483322143555,4,0.5142857142857142,0.381278975826121,Rectangle
656.5,106.38477599620819,4,1.1111111111111112,0.7289296693488558,Square
620.5,123.29646289348602,3,0.625,0.5129209219632603,Triangle
555.0,296.5929261445999,14,0.7580645161290323,0.0792832180777028,
258.0,89.25483286380768,4,0.5428571428571428,0.40697345940799995,Rectangle
329.0,98.08326029777527,5,0.6944444444444444,0.42975008885729477,
857.5,127.35533845424652,4,1.0,0.6643694961466867,Square
468.0,109.74011409282684,3,0.8888888888888888,0.4883429274662758,Triangle
2490.5,193.9238793849945,8,0.6388888888888888,0.8322117227808608,Circle
1185.0,145.11269783973694,4,0.7333333333333333,0.7071595027591918,Rectangle
750.5,114.72792184352875,4,0.967741935483871,0.7165100836397471,Square
534.0,114.56854128837585,3,0.5777777777777777,0.5112347353341266,Triangle
628.5,100.18376541137695,8,0.5789473684210527,0.7869016297331763,
366.0,82.62741661071777,4,1.0434782608695652,0.673662853223503,Square
855.0,122.97056245803833,4,1.03125,0.7105156689094814,Square
383.0,98.4264065027237,3,0.9666666666666667,0.4968043375126181,Triangle
147.5,206.5512957572937,7,0.5531914893617021,0.043445623749748474,
272.0,160.99494767189026,8,0.5660377358490566,0.131872510338605,
497.5,91.55634891986847,4,1.0833333333333333,0.7458062490546324,Square
1307.5,139.63960921764374,8,0.7708333333333334,0.842624945438712,Circle
1170.0,141.11269783973694,4,0.717391304347826,0.7383521365295039,Rectangle
370.5,96.18376553058624,3,1.0714285714285714,0.5032624476719294,Triangle
257.5,155.92387998104095,9,1.0,0.13309502774382148,
405.0,310.02438521385193,2,10.214285714285714,0.05295087941568721,
156.0,54.14213538169861,5,0.9333333333333333,0.668749855868533,
170.5,66.18376588821411,6,0.782608695652174,0.48913788027603533,
256.5,74.18376564979553,4,0.6428571428571429,0.5857057449018462,Rectangle
644.5,97.8406195640564,8,0.8181818181818182,0.8460468199211153,Circle
642.0,104.97056245803833,4,1.0,0.7321664823647062,Square
173.0,221.8233745098114,12,0.8205128205128205,0.04418159106870697,
210.0,72.76955235004425,7,1.0,0.4983445947861577,
963.0,128.28427064418793,6,0.9444444444444444,0.7353419330318374,
231.0,283.53910398483276,8,0.75,0.03610737518792478,
137.0,157.48022830486298,6,0.7209302325581395,0.06941900103390722,
166.0,226.30865609645844,12,0.7441860465116279,0.040730113545554,
714.5,116.04163014888763,4,0.8484848484848485,0.6667829020060825,Square
298.0,87.59797883033752,5,0.8928571428571429,0.4880203776840379,
176.0,214.56854152679443,8,1.0,0.048038610092785455,
1231.0,135.39696788787842,8,0.782608695652174,0.8438204366335058,Circle
103.5,154.1248904466629,13,0.59375,0.05475258801747715,
1419.0,164.7695518732071,4,0.7959183673469388,0.656807855548443,Rectangle
356.5,87.49747407436371,4,0.8064516129032258,0.5851650331263056,Square
170.0,205.0538227558136,8,1.0,0.0508069407195183,
127.5,203.92388010025024,6,0.5396825396825397,0.038528657523216756,
133.0,124.99494755268097,3,0.9767441860465116,0.10697359414984149,Triangle
482.5,135.29646348953247,6,0.6666666666666666,0.33123352944621176,
728.5,116.04163014888763,5,0.8823529411764706,0.6798479273777902,
1201.0,137.05382227897644,8,0.68,0.8034716681240321,Circle
620.0,108.76955187320709,4,1.032258064516129,0.6585471506235463,Square
936.5,131.69848430156708,5,0.8918918918918919,0.6785097491887283,
657.5,106.38477599620819,4,1.1111111111111112,0.7300399963394861,Square
619.5,126.12489092350006,3,0.625,0.48938377583788417,Triangle
441.0,86.76955163478851,9,0.5757575757575758,0.7360608974316911,
117.5,195.5807340145111,10,0.6744186046511628,0.03860073615851827,
256.5,87.01219260692596,4,0.5142857142857142,0.4257326993764008,Rectangle
322.5,99.15432786941528,5,0.6944444444444444,0.4122078262152171,
863.5,127.35533845424652,4,1.0,0.669018145682407,Square
466.5,110.32590079307556,3,0.8888888888888888,0.4816222563053905,Triangle
2493.0,194.5096663236618,8,0.6388888888888888,0.828037041241443,Circle
1183.0,145.11269783973694,4,0.7333333333333333,0.705965984611075,Rectangle
749.5,114.72792184352875,4,0.967741935483871,0.7155553733350971,Square
528.5,117.63960897922516,5,0.6,0.47989664205019755,
630.0,100.42640614509583,8,0.6052631578947368,0.7849727322226238,
369.5,82.04163014888763,4,1.0434782608695652,0.689851708987298,Square
857.0,122.97056245803833,4,1.03125,0.7121776938659946,Square
386.0,98.42640745639801,3,0.9666666666666667,0.5006957455972287,Triangle
157.0,205.48022830486298,7,0.5531914893617021,0.04672716550160503,
270.0,162.50966596603394,12,0.5660377358490566,0.12847399614320745,
501.5,92.38477599620819,4,1.0833333333333333,0.7383800958918398,Square
1309.5,140.46803617477417,8,0.7916666666666666,0.8339890436705378,Circle
1167.5,140.87005722522736,4,0.7333333333333333,0.7393147506110228,Rectangle
372.5,96.18376553058624,3,1.0714285714285714,0.5059791140561233,Triangle
257.5,152.7523068189621,10,1.024390243902439,0.13867926853622742,
403.5,306.1248904466629,2,10.142857142857142,0.05410733175043933,
152.5,53.55634891986847,5,1.0,0.668125093068042,
168.5,65.35533857345581,6,0.8181818181818182,0.4957327734023771,
256.5,74.18376564979553,4,0.6428571428571429,0.5857057449018462,Rectangle
648.0,98.42640626430511,9,0.7647058823529411,0.8405462461300176,Circle
643.5,105.55634891986847,4,1.0,0.7257544295972165,Square
163.5,220.40916049480438,12,0.8205128205128205,0.04229298518252029,
206.5,72.18376612663269,5,1.0,0.49802465752495373,
959.0,126.62741649150848,6,0.9444444444444444,0.7515761301927415,
235.0,281.8822498321533,8,0.75,0.03716569581020828,
612.0,135.5391045808792,6,0.6326530612244898,0.41863165225321897,
159.5,225.23758816719055,11,0.7209302325581395,0.039508342936568096,
713.5,116.04163014888763,4,0.8484848484848485,0.6658496859081033,Square
297.0,87.59797894954681,5,0.8928571428571429,0.48638272408612493,
178.0,214.56854152679443,8,1.0,0.04858450338929439,
1225.0,135.39696872234344,8,0.782608695652174,0.8397075728145396,Circle
102.0,152.71067714691162,12,0.59375,0.05496310131586221,
1419.0,164.7695518732071,4,0.7959183673469388,0.656807855548443,Rectangle
359.5,88.66904604434967,4,0.8064516129032258,0.5745987628225845,Square
170.0,205.39696860313416,8,1.0,0.05063732158977693,
131.5,113.43859934806824,5,0.9487179487179487,0.12841445288096628,
482.0,136.7106773853302,6,0.6666666666666666,0.3240798520349665,
730.0,117.4558436870575,5,0.8823529411764706,0.6649415426492516,
1202.5,137.2964632511139,8,0.68,0.8016342220546732,Circle
619.0,108.76955187320709,4,1.032258064516129,0.65748497779996,Square
939.5,132.5269113779068,5,0.8918918918918919,0.6721999801227105,
657.5,106.38477599620819,4,1.1111111111111112,0.7300399963394861,Square
619.0,125.05382227897644,4,0.6041666666666666,0.4974009060362669,Rectangle
561.5,296.00714004039764,14,0.7580645161290323,0.08052954603273184,
322.5,97.49747395515442,5,0.6944444444444444,0.42633683364868774,
863.5,128.18376553058624,4,1.0,0.6603986173946925,Square
466.5,111.15432786941528,4,0.8648648648648649,0.4744700004443871,Square
2492.0,194.50966608524323,8,0.6388888888888888,0.8277048984485493,Circle
1182.0,144.28427076339722,4,0.7333333333333333,0.7134924189321962,Rectangle
750.5,114.72792184352875,4,0.967741935483871,0.7165100836397471,Square
527.5,115.982754945755,5,0.5777777777777777,0.49277139255558,
627.0,100.42640614509583,8,0.6052631578947368,0.7812347668310874,
369.0,81.79898953437805,4,1.0434782608695652,0.6930113580153089,Square
862.0,122.14213538169861,4,1.03125,0.7260827399457667,Square
384.0,98.42640709877014,3,0.9666666666666667,0.4981014707422897,Triangle
153.5,202.06601476669312,7,0.5531914893617021,0.04724237160552596,
265.0,154.50966584682465,11,0.5471698113207547,0.13949043588475507,
501.5,92.3847758769989,5,1.0833333333333333,0.7383800977973869,
1306.0,141.05382251739502,8,0.7916666666666666,0.82486584479445,Circle
1167.5,140.87005722522736,4,0.7333333333333333,0.7393147506110228,Rectangle
372.5,97.01219260692596,3,1.0714285714285714,0.4973744826598179,Triangle
258.5,161.92387998104095,9,0.9545454545454546,0.12389352453247428,
384.5,315.09545290470123,2,10.285714285714286,0.04866558364208981,
152.0,52.14213538169861,4,0.9333333333333333,0.7025477159239076,Square
167.5,65.35533821582794,6,0.8181818181818182,0.4927907445320155,
256.5,74.18376564979553,4,0.6428571428571429,0.5857057449018462,Rectangle
649.5,98.66904675960541,8,0.7941176470588235,0.8383534471523195,Circle
642.0,104.97056245803833,4,1.0,0.7321664823647062,Square
943.5,117.49747371673584,8,0.8205128205128205,0.8588052890352321,Circle
205.5,72.18376541137695,5,1.0,0.49561292566389986,
964.0,127.4558436870575,5,0.918918918918919,0.7457055814582074,
233.0,283.5391038656235,8,0.75,0.03641999318554415,
626.5,136.12489020824432,5,0.62,0.4248697922828232,
159.0,224.30865597724915,14,0.7209302325581395,0.03971137475712047,
712.5,116.04163014888763,4,0.8484848484848485,0.6649164698101242,Square
296.0,87.59797883033752,5,0.8928571428571429,0.4847450731358229,
180.0,215.39696860313416,8,1.0,0.048753207700793263,
1225.0,134.56854152679443,8,0.7608695652173914,0.8500781662866574,Circle
106.5,155.29646337032318,13,0.59375,0.055492761958666585,
1421.0,164.76955199241638,4,0.7959183673469388,0.65773358800834,Rectangle
355.5,88.32590067386627,4,0.8387096774193549,0.5726289752117815,Square
168.5,205.9827550649643,8,1.0,0.04990545781001804,
108.0,122.50966620445251,3,1.0769230769230769,0.09042591383163204,Triangle
480.5,136.46803665161133,6,0.6666666666666666,0.32422117033530107,
734.0,117.4558436870575,5,0.8823529411764706,0.6685850579514394,
1197.5,136.46803617477417,8,0.68,0.808022589364723,Circle
616.0,108.76955199241638,4,1.032258064516129,0.6542984578950043,Square
941.0,133.11269783973694,5,0.8918918918918919,0.6673605284746434,
657.5,106.38477599620819,4,1.1111111111111112,0.7300399963394861,Square
618.5,123.63960838317871,3,0.6041666666666666,0.5084336972294035,Triangle
564.5,298.00713980197906,14,0.7580645161290323,0.07987676575803916,
324.5,98.32590079307556,4,0.7222222222222222,0.4217826368470059,Rectangle
865.5,128.18376553058624,4,1.0,0.6619282030748191,Square
467.5,110.32590079307556,3,0.8888888888888888,0.48265467271762075,Triangle
2494.5,194.75230729579926,8,0.6527777777777778,0.8264720083072455,Circle
1181.0,144.28427076339722,4,0.7333333333333333,0.7128887874440978,Rectangle
750.5,115.55634891986847,4,0.967741935483871,0.7062735423233788,Square
525.5,115.9827550649643,5,0.5777777777777777,0.4909030639917479,
630.5,101.0121922492981,8,0.6052631578947368,0.7765105519123289,
370.0,81.79898953437805,4,1.0434782608695652,0.6948894375763258,Square
860.0,122.14213538169861,4,1.03125,0.7243980932173542,Square
387.0,98.4264065027237,3,0.9666666666666667,0.5019928945623583,Triangle
150.0,207.48022878170013,7,0.5208333333333334,0.04378725160391651,
270.0,157.68123877048492,10,0.5471698113207547,0.1364625812299343,
495.5,93.21320295333862,5,1.0833333333333333,0.7166360647734752,
1297.5,138.81118214130402,8,0.7872340425531915,0.846190850169047,Circle
1167.5,140.87005722522736,4,0.7333333333333333,0.7393147506110228,Rectangle
375.0,96.42640614509583,3,1.1071428571428572,0.5068146618995144,Triangle
258.0,167.33809351921082,10,0.875,0.11578170386948644,
383.0,304.71067690849304,2,10.142857142857142,0.051836216382375615,
156.5,52.72792184352875,5,0.9333333333333333,0.7073639066680959,
169.0,64.76955199241638,5,0.8181818181818182,0.5062380475335627,
255.5,74.18376588821411,4,0.6428571428571429,0.5834222879552358,Rectangle
107.0,143.53910398483276,6,0.4864864864864865,0.0652609182028821,
650.5,97.8406195640564,8,0.7647058823529411,0.8539231285627394,Circle
646.0,104.97056245803833,4,1.0,0.7367282673015579,Square
947.0,118.08326041698456,8,0.8205128205128205,0.853459999181471,Circle
207.5,72.18376553058624,4,1.0,0.500436407472438,Square
964.0,128.28427076339722,5,0.918918918918919,0.7361055266098074,
230.0,284.3675310611725,8,0.75,0.03574190410720071,
632.0,135.53910338878632,5,0.62,0.4323124328072151,
166.5,230.55129611492157,12,0.7045454545454546,0.03936307028777445,
713.5,116.87005722522736,5,0.8484848484848485,0.6564434633011585,
295.0,88.42640626430511,4,0.8928571428571429,0.47409778857219065,Square
185.0,215.39696860313416,8,1.0,0.05010746347025974,
1228.0,136.22539520263672,8,0.782608695652174,0.8315571034698896,Circle
106.0,157.1959581375122,13,0.625,0.05390548762307112,
1429.0,166.76955199241638,4,0.7959183673469388,0.6456669679622719,Rectangle
356.5,89.497474193573,3,0.8387096774193549,0.5593038909600488,Triangle
167.5,205.9827550649643,8,1.0,0.049609282986219715,
106.0,120.5096663236618,3,1.0512820512820513,0.09172167168008621,Triangle
478.0,137.05382299423218,6,0.6666666666666666,0.3197830585800438,
730.0,116.62741661071777,4,0.9090909090909091,0.6744215090411351,Square
1203.5,136.46803605556488,8,0.68,0.812071138204081,Circle
620.0,108.76955187320709,4,1.032258064516129,0.6585471506235463,Square
938.5,132.5269113779068,5,0.8918918918918919,0.6714844931827183,
658.5,106.38477599620819,4,1.1111111111111112,0.7311503233301166,Square
618.5,123.63960838317871,3,0.6041666666666666,0.5084336972294035,Triangle
565.5,296.83556711673737,14,0.7580645161290323,0.0806511563769685,
267.0,87.2548326253891,5,0.5142857142857142,0.44069908197578567,
326.5,97.49747371673584,5,0.6944444444444444,0.4316247344715842,
865.5,127.35533845424652,4,1.0,0.6705676955276471,Square
469.5,111.15432810783386,3,0.8888888888888888,0.4775212524180354,Triangle
272.0,380.3330411911011,12,0.6388888888888888,0.023629289099884335,
1184.0,145.11269783973694,4,0.7333333333333333,0.7065627436851335,Rectangle
753.5,115.55634891986847,4,0.967741935483871,0.7090967543513204,Square
532.5,116.81118190288544,5,0.5777777777777777,0.4904114933205383,
627.5,101.01219236850739,8,0.6052631578947368,0.7728158131243585,
368.0,80.97056245803833,4,1.0,0.7053478883642095,Square
862.5,123.55634891986847,4,1.03125,0.7099680987738405,Square
383.0,98.76955235004425,3,0.9333333333333333,0.49335833201269014,Triangle
152.5,203.23758780956268,7,0.5208333333333334,0.04639504970033219,
263.0,149.68123924732208,9,0.5471698113207547,0.14751319592011103,
497.0,92.62741649150848,5,1.0833333333333333,0.7279258637784048,
1302.5,138.81118214130402,8,0.7872340425531915,0.8494517012294287,Circle
1165.5,140.87005722522736,4,0.7333333333333333,0.7380482585328882,Rectangle
373.0,96.42640614509583,3,1.1071428571428572,0.5041116503693837,Triangle
259.0,190.30865621566772,10,0.8571428571428571,0.08986540641501643,
386.0,303.53910398483276,2,10.0,0.05264630228612307,
157.5,51.899494767189026,4,1.0714285714285714,0.7347915646176851,Square
170.5,65.35533833503723,5,0.8636363636363636,0.50161684558924,
249.0,73.11269783973694,5,0.6296296296296297,0.5853607412903795,
649.0,98.42640590667725,8,0.7647058823529411,0.8418433915163361,Circle
642.0,104.97056245803833,4,1.0,0.7321664823647062,Square
954.0,118.91168737411499,8,0.8461538461538461,0.8478307325358116,Circle
208.0,72.7695517539978,4,1.0,0.4935984638742029,Square
973.5,129.35533845424652,5,0.918918918918919,0.7311005432984428,
229.5,284.1248904466629,8,0.75,0.03572514427405277,
643.0,134.71067690849304,5,0.62,0.4452631968539072,
165.0,224.6518017053604,11,0.7209302325581395,0.04108412068321084,
716.5,117.69848430156708,5,0.8484848484848485,0.649956540663359,
294.5,87.84061968326569,3,0.8928571428571429,0.4796278372968949,Triangle
175.5,217.15432798862457,8,1.0,0.04676813007050772,
1228.0,136.225395321846,8,0.782608695652174,0.8315571020145173,Circle
447.5,82.52691113948822,8,0.6129032258064516,0.8256799197831481,Circle
1432.5,164.87005722522736,4,0.7755102040816326,0.6622483993807939,Rectangle
358.0,90.08326005935669,4,0.8387096774193549,0.5543763584370761,Square
171.0,204.56854152679443,8,1.0303030303030303,0.051348560918177834,
207.0,309.2203435897827,6,0.5,0.027204709496532663,
489.5,137.2964631319046,6,0.6875,0.32632012671698496,
731.0,116.62741661071777,4,0.9090909090909091,0.6753453741220132,Square
1206.5,136.46803605556488,8,0.68,0.8140954119179258,Circle
619.5,108.18376541137695,4,1.032258064516129,0.6651613225446347,Square
933.5,130.04163014888763,5,0.8648648648648649,0.6936803244000038,
233.5,87.49747347831726,4,0.5428571428571428,0.3832707912947107,Rectangle
658.0,106.97056245803833,4,1.1111111111111112,0.7226153769268192,Square
619.5,124.46803557872772,4,0.5918367346938775,0.5024993497075608,Rectangle
438.5,85.35533821582794,8,0.5757575757575758,0.7563417718526118,
121.0,220.65180218219757,12,0.6744186046511628,0.03123059630123735,
265.5,87.84061908721924,5,0.5142857142857142,0.43239793728517584,
322.5,97.49747395515442,5,0.6944444444444444,0.42633683364868774,
862.5,127.35533845424652,4,1.0,0.6682433707597869,Square
472.5,111.98275482654572,4,0.8648648648648649,0.47348844243482585,Square
2495.0,195.33809280395508,8,0.6388888888888888,0.8216872113206857,Circle
1185.5,144.87005722522736,4,0.7333333333333333,0.7098296873781802,Rectangle
753.5,114.72792184352875,4,0.967741935483871,0.7193742145536968,Square
532.5,116.81118190288544,5,0.5777777777777777,0.4904114933205383,
628.5,100.18376541137695,8,0.5789473684210527,0.7869016297331763,
366.5,80.38477599620819,4,1.0,0.7127483674741442,Square
866.5,123.55634891986847,4,1.0625,0.7132607044493133,Square
382.0,97.59797942638397,3,0.9333333333333333,0.5039547858064136,Triangle
154.0,206.3086552619934,7,0.5416666666666666,0.04546693600099316,
265.5,150.26702618598938,9,0.5471698113207547,0.14775663977913728,
500.5,90.72792184352875,4,1.0833333333333333,0.7640680138405785,Square
1304.5,138.81118202209473,8,0.7872340425531915,0.8507560431148186,Circle
1168.0,140.28427076339722,5,0.7333333333333333,0.7458212428123234,
368.5,95.84061968326569,3,1.1071428571428572,0.5041364861521951,Triangle
116.0,161.53910398483276,7,4.538461538461538,0.05586148980375906,
261.5,182.06601560115814,11,0.875,0.09913426274387004,
386.0,306.71067678928375,2,10.071428571428571,0.051563142814415826,
162.5,51.899494767189026,4,1.0714285714285714,0.7581182809547545,Square
169.5,65.3553386926651,5,0.8636363636363636,0.49867480584670937,
245.0,73.11269783973694,6,0.6296296296296297,0.5759573558881245,
651.0,97.59797883033752,8,0.7878787878787878,0.8588339517465519,Circle
643.0,104.97056245803833,4,1.0,0.7333069285989192,Square
953.5,118.32590091228485,8,0.8,0.8557973194020984,Circle
211.0,72.7695517539978,4,1.0,0.5007176724877731,Square
973.5,127.69848430156708,5,0.918918918918919,0.7501952929634393,
235.5,286.1248904466629,8,0.75,0.03614843473998609,
651.5,137.7817438840866,5,0.64,0.43126173876869084,
1008.0,121.74011433124542,8,0.7209302325581395,0.8546789062595792,Circle
168.5,209.01219260692596,8,0.8484848484848485,0.04846927536416951,
294.5,88.66904723644257,3,0.8620689655172413,0.47070745786142304,Triangle
176.0,216.56854152679443,8,1.0,0.04715543855483245,
1230.0,135.39696884155273,8,0.782608695652174,0.8431349491780978,Circle
449.5,82.52691125869751,8,0.6129032258064516,0.8293701069727377,Circle
1435.5,163.69848430156708,4,0.7755102040816326,0.6731684360945521,Rectangle
360.5,89.49747383594513,4,0.8387096774193549,0.5655793949579209,Square
168.0,203.7401144504547,8,1.0303030303030303,0.050858793591814506,
217.0,302.87719786167145,6,0.5,0.029725997747344565,
492.5,138.95331716537476,6,0.6875,0.3205370686808576,
734.0,116.62741661071777,4,0.9090909090909091,0.678116969364648,Square
1203.5,136.4680359363556,8,0.68,0.8120711396228223,Circle
616.5,108.18376553058624,4,1.032258064516129,0.661940200879804,Square
936.5,129.2132030725479,5,0.8648648648648649,0.7048616156261238,
237.0,87.25483357906342,4,0.5428571428571428,0.3911823226409322,Rectangle
657.5,106.38477599620819,4,1.0714285714285714,0.7300399963394861,Square
622.5,126.12489116191864,3,0.5918367346938775,0.4917536711982775,Triangle
441.0,86.76955199241638,8,0.5757575757575758,0.7360608913642197,
119.0,219.8233743906021,14,0.6744186046511628,0.03094632519936144,
264.5,87.84061920642853,5,0.5142857142857142,0.4307693186497399,
325.5,98.32590103149414,4,0.6756756756756757,0.42308242720463296,Rectangle
858.5,125.69848430156708,4,0.9722222222222222,0.6827946062060352,Square
475.5,111.98275446891785,4,0.8648648648648649,0.4764947213032738,Square
2495.0,194.50966572761536,8,0.6388888888888888,0.8287013359643075,Circle
1181.0,144.28427076339722,4,0.7333333333333333,0.7128887874440978,Rectangle
757.5,114.72792184352875,4,1.0,0.7231930557722964,Square
537.5,117.63960886001587,5,0.5777777777777777,0.488068960500953,
630.5,100.18376541137695,8,0.5789473684210527,0.7894056921985166,
371.0,82.62741661071777,4,1.0,0.6828658976664471,Square
866.5,125.21320307254791,4,1.0625,0.6945094834614184,Square
377.5,98.18376648426056,3,0.9333333333333333,0.492093290203297,Triangle
465.5,123.63960886001587,4,0.5416666666666666,0.3826610901127337,Rectangle
269.0,152.8528118133545,9,0.5471698113207547,0.1446822585206891,
497.5,91.55634891986847,4,1.0833333333333333,0.7458062490546324,Square
1305.5,139.63960909843445,8,0.7708333333333334,0.8413360368248124,Circle
1169.0,140.28427076339722,5,0.7333333333333333,0.7464597883969231,
375.0,97.25483322143555,3,1.1071428571428572,0.4982172323865725,Triangle
261.5,167.9238796234131,9,0.9130434782608695,0.11653506920993821,
386.0,306.02438521385193,2,10.0,0.05179467358215014,
158.0,51.65685415267944,4,1.0,0.744065283632373,Square
171.5,65.35533857345581,5,0.8636363636363636,0.5045588761929239,
248.5,73.35533845424652,5,0.6071428571428571,0.5803270398742353,
653.5,99.01219248771667,8,0.8181818181818182,0.8376799120858377,Circle
643.0,104.97056245803833,4,1.0,0.7333069285989192,Square
964.0,120.56854164600372,9,0.825,0.8333335793786838,Circle
210.0,72.7695517539978,3,1.0,0.4983446029499164,Triangle
975.5,128.5269113779068,5,0.918918918918919,0.7420770413326456,
231.5,285.2964633703232,8,0.75,0.03574111388368732,
658.0,135.88224935531616,5,0.62,0.4478270295014991,
161.0,231.96551072597504,13,0.7441860465116279,0.037600091768078485,
290.0,88.42640614509583,3,0.8928571428571429,0.46606223409029324,Triangle
721.5,116.5269113779068,5,0.8235294117647058,0.6677189914864734,
182.0,216.56854152679443,8,1.0,0.0487630103237472,
1233.0,135.39696884155273,8,0.782608695652174,0.8451913758834103,Circle
450.0,83.94112479686737,8,0.6451612903225806,0.8025513119332243,Circle
1431.5,164.5269113779068,4,0.7755102040816326,0.6645494862810274,Rectangle
361.5,90.32590067386627,4,0.8709677419354839,0.5567927402681524,Square
171.0,205.39696860313416,8,1.0303030303030303,0.05093518818736385,
229.5,302.634556889534,6,0.5,0.031488757141704626,
487.0,137.53910374641418,6,0.6875,0.32350905811925257,
734.0,116.62741661071777,4,0.9090909090909091,0.678116969364648,Square
1205.5,136.46803605556488,8,0.68,0.8134206540133108,Circle
620.5,109.01219260692596,4,1.0,0.6561475327157388,Square
937.0,128.97056245803833,5,0.8888888888888888,0.7078940584560147,
240.5,87.84061980247498,5,0.5428571428571428,0.3916824942506515,
662.0,106.97056245803833,4,1.0714285714285714,0.7270081755707511,Square
624.0,125.53910326957703,3,0.5918367346938775,0.4975496320635563,Triangle
443.0,85.94112491607666,8,0.5757575757575758,0.7537225732922266,
849.0,117.74011445045471,8,0.6744186046511628,0.7696063581460195,
265.0,87.25483274459839,5,0.5142857142857142,0.43739796406170234,
326.0,98.9116872549057,5,0.6756756756756757,0.4187282322629563,
860.5,125.69848430156708,4,0.9722222222222222,0.6843852750614948,Square
469.0,112.56854140758514,3,0.8648648648648649,0.46510245201804506,Triangle
2498.0,195.33809304237366,8,0.6388888888888888,0.8226752099673591,Circle
1187.0,144.28427076339722,4,0.7333333333333333,0.7165105763726877,Rectangle
756.5,114.72792184352875,4,1.0,0.7222383454676464,Square
536.5,115.98275482654572,5,0.5777777777777777,0.5011788675820315,
630.5,100.18376517295837,8,0.5789473684210527,0.7894056959557917,
369.0,81.79898953437805,4,1.0,0.6930113580153089,Square
861.5,125.21320307254791,4,1.0625,0.6905019272960322,Square
377.5,98.18376505374908,3,0.9333333333333333,0.49209330454263506,Triangle
151.5,207.7228684425354,7,0.5416666666666666,0.04412186633299851,
272.5,152.2670259475708,10,0.5660377358490566,0.14769460787781497,
500.5,90.72792184352875,4,1.0833333333333333,0.7640680138405785,Square
1307.5,139.63960933685303,8,0.7708333333333334,0.8426249440000269,Circle
1173.0,141.11269783973694,4,0.717391304347826,0.7402453471359899,Rectangle
372.5,95.84061968326569,3,1.0714285714285714,0.5096087953641592,Triangle
266.5,172.75230646133423,10,0.8936170212765957,0.11221718457426028,
467.5,399.37972366809845,2,10.166666666666666,0.036831504123628254,
157.0,52.485281229019165,5,1.0714285714285714,0.7162002350857251,
167.5,65.35533833503723,7,0.8181818181818182,0.4927907427342974,
255.0,75.5979790687561,5,0.6428571428571429,0.5606988596009322,
649.0,98.42640614509583,8,0.8181818181818182,0.8418433874379365,Circle
646.0,105.79898953437805,4,1.0344827586206897,0.7252359806213776,Square
954.0,119.74011480808258,8,0.825,0.8361398040124397,Circle
209.0,72.76955199241638,5,1.0,0.4959715301621062,
965.5,130.18376553058624,5,0.9459459459459459,0.7158936062023994,
230.0,285.5391038656235,8,0.75,0.03544920628174273,
651.0,136.36753070354462,5,0.62,0.4399151306434563,
158.0,230.30865561962128,12,0.7209302325581395,0.03743229290511039,
295.0,87.59797930717468,5,0.8928571428571429,0.4831074156021518,
709.0,115.4558436870575,4,0.8484848484848485,0.6683812539910269,Square
182.5,215.9827550649643,8,1.0,0.04916257018180551,
1228.5,135.15432751178741,9,0.7608695652173914,0.8451331030568894,Circle
447.0,83.94112491607666,8,0.6451612903225806,0.7972009675893738,
1416.0,165.5979790687561,4,0.7959183673469388,0.648878004094772,Rectangle
360.5,90.32590067386627,4,0.8709677419354839,0.5552525113877425,Square
177.5,203.9827550649643,8,1.0303030303030303,0.05360697672120694,
251.5,304.29141116142273,6,0.5,0.03413252876398759,
482.5,134.4680370092392,7,0.6666666666666666,0.3353274077929281,
732.0,115.79898953437805,4,0.9090909090909091,0.6859799237462807,Square
1198.5,135.63960897922516,8,0.6938775510204082,0.8186058504145581,Circle
619.5,107.35533833503723,4,1.0666666666666667,0.6754666087026124,Square
942.0,132.28427076339722,5,0.8918918918918919,0.6764634741572451,
238.5,87.8406195640564,5,0.5428571428571428,0.38842526147976975,
661.0,106.97056245803833,4,1.0714285714285714,0.7259099759097682,Square
626.5,125.29646420478821,5,0.5918367346938775,0.5014796430997792,
441.0,85.94112467765808,8,0.5757575757575758,0.7503197667406755,
123.5,213.23758816719055,12,0.6744186046511628,0.03413102241867408,
266.5,87.84061920642853,5,0.5142857142857142,0.43402655357336745,
325.0,98.91168713569641,5,0.6756756756756757,0.4174437908389161,
860.5,127.35533845424652,4,0.972972972972973,0.6666938209145469,Square
476.0,111.39696788787842,4,0.8648648648648649,0.4820255699925853,Square
2498.0,194.50966656208038,8,0.6388888888888888,0.8296977633174437,Circle
1187.0,144.28427076339722,4,0.7333333333333333,0.7165105763726877,Rectangle
753.0,115.31370830535889,4,0.967741935483871,0.7116115084739706,Square
530.0,116.56854128837585,3,0.5555555555555556,0.4901432317147766,Triangle
631.5,100.18376529216766,8,0.5789473684210527,0.7906577253128038,
367.0,81.79898953437805,4,1.0,0.6892551988932747,Square
852.5,125.21320307254791,4,1.0625,0.6832883261983372,Square
381.0,98.42640709877014,4,0.9032258064516129,0.49421005300211557,Square
155.0,206.30865454673767,7,0.5416666666666666,0.04576217616246312,
250.5,156.75230717658997,10,0.5660377358490566,0.12811197036472702,
500.5,91.55634891986847,4,1.0833333333333333,0.7503035731695348,Square
1306.5,139.63960933685303,8,0.7708333333333334,0.841980488975935,Circle
1171.0,141.11269783973694,4,0.717391304347826,0.7389832067316658,Rectangle
369.5,96.66904675960541,3,1.1071428571428572,0.496877618344518,Triangle
115.5,115.154327750206,9,4.181818181818182,0.10945391987382079,
262.5,181.23758816719055,10,0.8936170212765957,0.10042518107777913,
396.5,316.1248904466629,2,10.571428571428571,0.04985809399095242,
155.5,53.55634891986847,6,1.0714285714285714,0.6812685375218396,
252.5,75.01219320297241,6,0.7037037037037037,0.5639070437921571,
652.0,99.25483334064484,8,0.7941176470588235,0.8316759267484288,Circle
152.5,186.32590067386627,10,1.0,0.0551992591895667,
944.5,117.49747371673584,8,0.8205128205128205,0.8597155225159266,Circle
213.5,73.35533821582794,4,1.0,0.4985908403160743,Square
954.5,129.35533845424652,5,0.918918918918919,0.7168315034189662,
236.0,286.3675310611725,8,0.75,0.036163821465358785,
646.5,134.95331692695618,6,0.62,0.44607847433857106,
161.0,227.48022866249084,13,0.7209302325581395,0.03909744953825897,
302.5,89.01219248771667,3,0.9285714285714286,0.47977348882216286,Triangle
721.0,116.28427076339722,6,0.8484848484848485,0.6700437820954716,
184.5,216.81118214130402,8,1.0,0.049322249949820984,
1225.5,135.15432798862457,8,0.7608695652173914,0.8430692800065522,Circle
445.5,82.52691149711609,8,0.6129032258064516,0.82198972307339,Circle
1407.5,165.35533833503723,4,0.7959183673469388,0.6468771745217126,Rectangle
358.5,89.49747395515442,4,0.8387096774193549,0.5624416436956103,Square
174.5,204.81118214130402,8,1.0303030303030303,0.05227547248088402,
131.0,178.71067690849304,6,0.5079365079365079,0.05154424232007993,
120.0,123.68123888969421,4,1.0512820512820513,0.09857878393313851,Square
488.5,135.6396095752716,6,0.6666666666666666,0.3336578676787787,
741.0,118.28427076339722,4,0.9393939393939394,0.665539871488053,Square
1201.5,135.63960886001587,8,0.6938775510204082,0.8206549278280527,Circle
618.5,107.35533833503723,4,1.0666666666666667,0.6743762671227858,Square
939.0,130.62741661071777,4,0.8918918918918919,0.6915232404751639,Square
236.0,86.42640662193298,4,0.5428571428571428,0.3970351470388211,Rectangle
663.0,108.62741661071777,4,1.0714285714285714,0.7060646848539792,Square
622.0,124.7106773853302,3,0.5918367346938775,0.5025658476694853,Triangle
439.5,85.35533809661865,8,0.5757575757575758,0.7580666126744183,
848.0,117.74011433124542,8,0.6744186046511628,0.7686998740039626,
103.0,140.71067714691162,9,0.5588235294117647,0.06537218223495657,
324.5,98.32590138912201,5,0.6756756756756757,0.4217826317333575,
471.0,110.56854164600372,4,0.8888888888888888,0.4841362570223857,Square
857.5,127.35533845424652,4,1.0,0.6643694961466867,Square
2490.0,196.16652023792267,8,0.6527777777777778,0.8131289704835448,Circle
1168.5,144.04163014888763,4,0.7111111111111111,0.7077217215896682,Rectangle
757.0,117.79898953437805,4,1.0,0.6855239200064418,Square
129.5,202.40916061401367,8,0.5652173913043478,0.03972092053098137,
626.5,99.35533821582794,8,0.5945945945945946,0.7975327521592379,
366.5,82.04163014888763,5,1.0434782608695652,0.6842507478859126,
852.5,126.04163014888763,4,1.0625,0.6743358188167684,Square
385.0,99.25483405590057,4,0.9354838709677419,0.49109697420755766,Square
157.0,209.96550941467285,7,0.5531914893617021,0.04475211824157408,
251.5,157.78174448013306,10,0.5660377358490566,0.12695047978455123,
503.5,93.21320307254791,5,1.0833333333333333,0.7282063727356846,
1304.5,139.63960933685303,8,0.7708333333333334,0.8406915789277515,Circle
1173.5,142.5269113779068,4,0.7391304347826086,0.7259374644082299,Rectangle
372.0,97.25483322143555,3,1.1071428571428572,0.4942314945274799,Triangle
261.5,172.40916061401367,9,0.8936170212765957,0.11055054356383433,
404.0,329.53910398483276,2,10.266666666666667,0.04674953721945274,
155.0,54.14213538169861,6,1.1428571428571428,0.6644629978180937,
112.0,94.56854164600372,8,0.7037037037037037,0.15737455067204728,
650.0,99.25483322143555,8,0.7941176470588235,0.8291247755905223,Circle
163.5,187.49747359752655,10,1.0344827586206897,0.058443575881178884,
947.5,117.49747371673584,9,0.8205128205128205,0.8624462229580101,Circle
206.0,75.59797894954681,6,1.0434782608695652,0.4529567272237838,
963.5,127.69848430156708,5,0.9722222222222222,0.7424891266258591,
230.5,284.1248904466629,8,0.75,0.0358808093907153,
159.5,229.72286939620972,13,0.7209302325581395,0.03798062322926931,
302.0,90.08326065540314,5,1.0,0.4676582626605222,
712.5,114.87005722522736,5,0.8484848484848485,0.6785487547973114,
184.0,217.39696860313416,8,1.0,0.048923860492980815,
1216.5,135.98275458812714,8,0.7608695652173914,0.8267121273837328,Circle
445.0,83.11269772052765,8,0.6129032258064516,0.8095340431433758,Circle
1408.0,169.25483310222626,4,0.8163265306122449,0.6176328134647568,Square
358.5,89.497474193573,4,0.8387096774193549,0.5624416406989551,Square
176.5,203.9827550649643,8,1.0303030303030303,0.05330496558474944,
116.5,119.92388010025024,3,1.105263157894737,0.10179453112722653,Triangle
194.5,217.37972283363342,7,0.6875,0.051723917260858024,
737.5,117.21320307254791,4,0.9090909090909091,0.6745572597347117,Square
1197.5,135.6396086215973,8,0.6938775510204082,0.8179228294039678,Circle
621.0,107.94112491607666,4,1.0666666666666667,0.6697729204621369,Square
924.0,130.28427076339722,4,0.9166666666666666,0.684065774816461,Square
654.5,109.69848430156708,4,1.0714285714285714,0.6834681183962648,Square
623.5,124.95331847667694,3,0.6122448979591837,0.5018231969482039,Triangle
438.5,85.35533833503723,8,0.5757575757575758,0.756341769739962,
840.0,116.56854164600372,8,0.6744186046511628,0.7768307775738259,
122.0,159.33809304237366,8,0.6944444444444444,0.06038519376981283,
475.5,112.81118214130402,4,0.8888888888888888,0.469522149687561,Square
857.5,128.18376553058624,4,0.972972972972973,0.6558098603543125,Square
2479.0,195.33809304237366,8,0.6527777777777778,0.8164178725016344,Circle
1151.5,145.35533845424652,4,0.75,0.6848758192137013,Rectangle
763.5,118.04163014888763,4,1.032258064516129,0.688570652126788,Square
117.5,199.58073389530182,8,0.5652173913043478,0.03706896839617633,
625.5,100.18376529216766,8,0.5789473684210527,0.7831455378989054,
368.5,79.55634891986847,4,1.0454545454545454,0.7316403832410314,Square
858.5,126.87005722522736,4,1.0625,0.6702423905340716,Square
384.5,102.6690468788147,5,0.9666666666666667,0.45838156978151745,
155.5,200.06601464748383,7,0.5416666666666666,0.048819532402295536,
253.5,146.26702570915222,9,0.5660377358490566,0.14890009237901317,
497.5,94.04163014888763,4,1.0833333333333333,0.706907601381746,Square
1298.0,139.0538226366043,8,0.7708333333333334,0.8435652712372703,Circle
1167.5,142.5269113779068,4,0.717391304347826,0.7222258114159426,Rectangle
370.5,95.84061968326569,4,1.1481481481481481,0.5068726407581772,Square
240.0,134.85281193256378,10,1.0,0.16584450723267186,
402.5,346.5512965917587,2,10.4,0.0421153769929892,
150.5,54.38477599620819,7,1.0,0.6394280383973905,
118.0,98.56854140758514,10,0.6666666666666666,0.1526213220730423,
647.5,98.66904675960541,8,0.7941176470588235,0.8357719122881091,Circle
634.5,106.87005722522736,5,1.0344827586206897,0.6981189174571244,
141.0,185.33809316158295,12,0.8421052631578947,0.05158216848518296,
204.0,71.94112467765808,5,1.0454545454545454,0.4953196820325088,
952.5,129.35533833503723,6,0.918918918918919,0.7153295005395712,
232.0,282.3675310611725,8,0.75,0.03656523222024807,
163.5,224.06601524353027,12,0.7045454545454546,0.04092377039990549,
121.5,117.98275470733643,6,0.9629629629629629,0.10968546428441865,
708.5,114.87005722522736,5,0.8484848484848485,0.674739358279151,
177.0,215.39696860313416,8,1.0294117647058822,0.04794065423911338,
1211.0,135.3969690799713,8,0.7608695652173914,0.830110910454325,Circle
1397.0,167.94112491607666,5,0.8125,0.6224323471152173,
168.5,201.9827550649643,8,1.0303030303030303,0.05190165252175032,
172.0,162.6518018245697,7,0.717391304347826,0.08169971726392021,
169.0,206.22539567947388,9,0.9393939393939394,0.049935830542429886,
1195.0,135.05382251739502,8,0.6938775510204082,0.8233111701289314,Circle
618.0,107.94112467765808,4,1.0666666666666667,0.666537305433363,Square
912.5,130.04163014888763,5,0.9166666666666666,0.6780753037118409,
652.5,106.38477599620819,4,1.1111111111111112,0.7244883613863342,Square
164.0,218.45079123973846,8,0.6382978723404256,0.04318634679423663,
200.5,366.29141092300415,18,0.7580645161290323,0.018778926872079167,
147.5,143.0954533815384,8,0.8857142857142857,0.09052118160901527,
857.0,125.94112491607666,4,1.0,0.6789777608270234,Square
2475.0,195.33809316158295,8,0.6527777777777778,0.8151005373034587,Circle
1151.0,144.28427076339722,4,0.75,0.6947798428011487,Rectangle
753.5,118.87005722522736,4,1.032258064516129,0.6701132066175223,Square
629.0,99.59797894954681,9,0.5789473684210527,0.7968185903214621,
368.5,81.21320307254791,4,1.0,0.7020920851497278,Square
846.0,127.11269783973694,4,1.0625,0.6579643368211869,Square
143.5,168.75230658054352,7,0.967741935483871,0.06332312362534928,
137.0,148.9949473142624,8,0.5208333333333334,0.07755099052929716,
256.0,150.85281205177307,9,0.5660377358490566,0.14136536171716124,
486.0,94.62741661071777,4,1.04,0.6820436436049127,Square
1301.0,138.225395321846,8,0.7872340425531915,0.8556801930196334,Circle
1177.0,144.76955199241638,4,0.7021276595744681,0.7057190909357384,Rectangle
109.0,165.19595801830292,8,1.1071428571428572,0.05019234981738759,
243.0,146.50966572761536,7,1.0,0.14226025494429148,
239.5,184.2670258283615,3,6.416666666666667,0.08863803699628466,Triangle
146.0,50.485281229019165,5,1.0,0.7198353329995721,
167.5,66.52691113948822,7,0.8181818181818182,0.47558697978092934,
128.5,111.63960981369019,7,0.6428571428571429,0.12956162064253432,
647.0,98.42640626430511,8,0.8181818181818182,0.8392491068612984,Circle
630.0,105.4558436870575,4,1.0344827586206897,0.7118838038353043,Square
203.5,72.18376529216766,3,1.0,0.4907894438234983,Triangle
949.5,129.35533845424652,5,0.918918918918919,0.7130764929243671,
226.0,277.0538227558136,8,0.7446808510638298,0.03699900197543831,
111.5,150.0660150051117,7,0.6904761904761905,0.06221857086984443,
129.5,184.7523068189621,12,0.6904761904761905,0.04767600899360497,
119.0,119.05382227897644,6,1.0,0.10550429481405353,
701.5,114.04163014888763,5,0.8181818181818182,0.6778142674093113,
173.0,215.39696860313416,8,1.0,0.04685724962354019,
1212.0,135.3969682455063,8,0.7608695652173914,0.8307963962609105,Circle
1385.5,167.35533845424652,5,0.8125,0.6216375687946334,
171.0,202.22539567947388,8,1.0303030303030303,0.052545386000802524,
171.5,172.55129611492157,7,0.723404255319149,0.07238315962427118,
137.0,177.25483310222626,9,0.9393939393939394,0.054794158272221255,
1191.5,136.4680359363556,8,0.6938775510204082,0.8039740447532968,Circle
618.0,107.59797894954681,4,1.032258064516129,0.6707954549100862,Square
917.0,129.4558436870575,4,0.9166666666666666,0.6876000202771182,Square
635.5,107.21320307254791,4,1.1111111111111112,0.6947505140265577,Square
112.5,154.89444303512573,7,0.6170212765957447,0.058923795248109694,
192.0,348.87719690799713,17,0.7580645161290323,0.01982284221661173,
449.5,110.81118214130402,5,0.8888888888888888,0.4600154140450969,
870.5,126.5269113779068,4,1.0,0.6833022111339224,Square
2463.0,193.3380936384201,8,0.6388888888888888,0.8280173020794206,Circle
1146.5,144.5269113779068,4,0.7111111111111111,0.6897416947071346,Rectangle
733.0,116.62741661071777,4,1.0,0.6771931042837697,Square
628.5,100.18376541137695,8,0.5789473684210527,0.7869016297331763,
371.0,83.4558436870575,4,1.0,0.6693762046274814,Square
160.0,226.08326029777527,9,1.0303030303030303,0.039336256921090634,
373.5,99.49747335910797,3,0.9666666666666667,0.4741069976176198,Triangle
252.0,154.16652154922485,9,0.5740740740740741,0.1332386604349801,
107.5,143.01219248771667,9,1.0,0.06604990521808604,
198.5,263.0365775823593,10,0.7872340425531915,0.03605272407023509,
1157.5,145.8406196832657,4,0.7021276595744681,0.6838704869050594,Rectangle
245.5,175.23758709430695,11,0.8301886792452831,0.10046315926156243,
227.0,167.1959581375122,4,5.583333333333333,0.10204322421696188,Rectangle
154.0,51.31370830535889,5,1.0714285714285714,0.7349601341928834,
165.5,66.18376505374908,5,0.782608695652174,0.47479367288578744,
240.0,71.59797847270966,6,0.6666666666666666,0.588328090542349,
105.0,156.02438533306122,7,0.5714285714285714,0.054201861537544506,
638.5,97.8406195640564,8,0.7878787878787878,0.8381705112794913,Circle
633.0,104.62741661071777,4,1.0344827586206897,0.7266454688229516,Square
845.5,113.49747359752655,10,0.8157894736842105,0.8248046241264252,Circle
204.0,72.76955199241638,4,1.0,0.48410618255057253,Square
943.0,127.94112491607666,5,0.9444444444444444,0.7239377554551123,
230.5,280.1248904466629,8,0.7659574468085106,0.03691283440110662,
576.5,127.29646253585815,5,0.6041666666666666,0.4470710060039606,
129.5,185.92387914657593,12,0.6904761904761905,0.04707705517245549,
701.5,114.04163014888763,5,0.8181818181818182,0.6778142674093113,
115.5,119.29646325111389,7,0.9642857142857143,0.10198509654116948,
170.0,215.39696860313416,8,0.9705882352941176,0.046044696161860306,
1204.5,133.9827550649643,8,0.7608695652173914,0.8431772119602567,Circle
1383.5,164.5269112586975,4,0.8125,0.6422663049962449,Square
332.0,87.25483298301697,4,0.7741935483870968,0.5479853708486662,Rectangle
168.5,202.81118214130402,8,1.0,0.05147851096739388,
463.5,140.95331704616547,6,0.723404255319149,0.29316289477657453,
708.0,120.76955187320709,4,0.9393939393939394,0.6099977204816918,Square
137.0,215.13708233833313,11,0.673469387755102,0.03719631202802003,
618.0,108.42640602588654,4,1.032258064516129,0.6605842486578317,Square
921.5,128.87005722522736,5,0.8648648648648649,0.6972702901624835,
634.5,106.38477599620819,4,1.0714285714285714,0.704502475554987,Square
144.5,207.3797229528427,6,0.6304347826086957,0.0422226153864274,
166.5,293.52185928821564,16,0.7419354838709677,0.024285284879709913,
451.0,108.56854128837585,4,0.8611111111111112,0.4808154345447336,Square
856.0,126.76955199241638,4,0.9459459459459459,0.6693506934539223,Square
2457.0,193.33809387683868,8,0.6388888888888888,0.8260002055182795,Circle
1137.5,143.35533845424652,4,0.7111111111111111,0.6955582858585648,Rectangle
731.5,114.38477599620819,4,1.0,0.702566992846534,Square
616.0,102.42640590667725,9,0.5641025641025641,0.737847667280203,
367.0,84.28427076339722,6,0.9583333333333334,0.6492065024469725,
843.0,125.4558436870575,4,1.03125,0.6730628929374834,Square
125.5,162.6101713180542,6,0.9333333333333333,0.05964282079114123,
272.0,160.651801943779,9,0.5740740740740741,0.13243646064232184,
194.5,261.52185821533203,11,0.7708333333333334,0.03573662071446733,
1131.5,140.5269113779068,4,0.7333333333333333,0.7200214261059237,Rectangle
110.5,158.95331728458405,8,1.0357142857142858,0.054958256957015714,
254.0,189.8233743906021,9,0.8301886792452831,0.08858173900216304,
431.0,361.5634889602661,2,8.823529411764707,0.04143029227795871,
154.0,50.485281229019165,4,1.1538461538461537,0.7592783649447542,Square
167.0,64.76955211162567,5,0.8181818181818182,0.5002470628810908,
242.0,72.76955199241638,6,0.6666666666666666,0.5742828243982282,
350.5,90.3259027004242,4,0.5833333333333334,0.539850198359414,Rectangle
162.5,185.92387998104095,12,0.8181818181818182,0.059073524300032765,
632.0,105.4558436870575,4,1.0,0.7141437524189084,Square
861.0,112.91168773174286,8,0.8157894736842105,0.8486629008014628,Circle
200.0,70.76955187320709,5,0.9565217391304348,0.5018188473332034,
940.0,125.4558436870575,5,0.9444444444444444,0.7505090383881784,
240.0,278.2253955602646,8,0.7659574468085106,0.03896077333820256,
578.5,127.63960909843445,5,0.6041666666666666,0.4462130795807837,
122.5,170.26702547073364,11,0.6428571428571429,0.053098818118612626,
701.0,115.11269783973694,4,0.8484848484848485,0.6647853147463465,Square
122.0,138.36753070354462,7,0.9642857142857143,0.08007580502658186,
176.0,215.39696860313416,8,1.0,0.04766980308522008,
1203.5,133.98275458812714,7,0.7608695652173914,0.8424771953650018,Circle
1386.5,164.5269113779068,4,0.8125,0.6436590029539954,Square
331.0,86.08325970172882,4,0.7741935483870968,0.5613069890272571,Rectangle
170.5,203.63960921764374,8,1.0,0.05166658267387474,
210.5,350.5756803750992,6,0.5679012345679012,0.02152278131858862,
467.5,134.46803641319275,6,0.7021276595744681,0.3249027244206424,
714.0,117.94112491607666,5,0.9393939393939394,0.6450264806106821,
120.0,186.16652083396912,11,0.6326530612244898,0.043509885960826056,
613.5,109.01219248771667,4,1.032258064516129,0.6487453863038001,Square
914.5,128.87005722522736,5,0.8648648648648649,0.6919736086311354,
632.5,106.04163014888763,4,1.0714285714285714,0.7068342789195519,Square
149.5,208.20815110206604,8,0.6590909090909091,0.04333667643279781,
842.5,126.18376553058624,4,0.9722222222222222,0.6649252219388244,Square
455.0,107.74011409282684,4,0.8611111111111112,0.49256823166595576,Square
2444.0,194.1665199995041,8,0.6388888888888888,0.8146336992493737,Circle
1148.5,142.87005722522736,4,0.7111111111111111,0.7070635122022944,Rectangle
728.0,115.79898953437805,4,1.0,0.6822313995728038,Square
103.0,187.1959581375122,10,0.5789473684210527,0.03693636506419384,
102.0,119.5979790687561,8,0.9583333333333334,0.0896112124699353,
845.5,121.55634891986847,4,1.064516129032258,0.7190650521625548,Square
371.5,98.6690468788147,3,0.9666666666666667,0.4795200998683907,Triangle
272.5,166.4091614484787,10,0.6226415094339622,0.12365791122931578,
176.0,243.9655101299286,12,0.8043478260869565,0.03715914088161298,
1128.5,139.69848430156708,4,0.75,0.7266546201004761,Rectangle
366.0,93.25483322143555,4,1.0740740740740742,0.5288691688495951,Square
237.5,147.4385985136032,10,0.9534883720930233,0.1372938519751941,
454.5,308.8944424390793,2,7.444444444444445,0.059858187498491464,
155.0,54.14213538169861,6,1.2307692307692308,0.6644629978180937,
127.5,100.81118202209473,9,0.6666666666666666,0.15765314358364768,
357.0,92.91168761253357,3,0.5833333333333334,0.5196816511936334,Triangle
132.5,179.09545278549194,12,0.84375,0.051910668737373954,
654.0,108.28427076339722,5,1.0689655172413792,0.7009012912468279,
871.0,113.25483322143555,9,0.7894736842105263,0.8533251176412728,Circle
210.0,70.76955235004425,4,1.0454545454545454,0.5269097825993476,Square
966.5,130.18376553058624,5,0.9722222222222222,0.7166350806780103,
238.5,280.1248903274536,8,0.782608695652174,0.03819397402237267,
577.5,127.63960921764374,5,0.6041666666666666,0.445441751039872,
703.5,114.87005722522736,4,0.875,0.6699776126314506,Square
121.5,118.9533178806305,7,0.9285714285714286,0.10790287639432727,
183.5,215.29646337032318,8,1.0,0.04974760083474428,
218.0,242.79393684864044,14,0.7608695652173914,0.04647192721976322,
1396.5,169.49747371673584,4,0.7916666666666666,0.6108356065398729,Rectangle
333.5,86.66904664039612,3,0.7741935483870968,0.5579273656908054,Triangle
172.5,204.81118214130402,8,1.0303030303030303,0.0516763266644842,
254.0,347.9898958206177,6,0.5679012345679012,0.026357870056403415,
484.5,137.78174448013306,7,0.7021276595744681,0.32071574923349083,
726.5,119.35533845424652,4,0.9393939393939394,0.6408579635149295,Square
613.5,106.5269113779068,4,1.0,0.6793690539866082,Square
920.0,131.11269783973694,5,0.9166666666666666,0.6725246140062713,
654.5,109.69848430156708,4,1.1071428571428572,0.6834681183962648,Square
150.0,211.62236440181732,6,0.6304347826086957,0.042089910125605756,
462.5,109.15432822704315,5,0.9142857142857143,0.48779762189878817,
852.0,128.42640614509583,4,1.0,0.6491436299741092,Square
226.0,298.73506236076355,11,0.647887323943662,0.03182335079870577,
1154.5,147.01219260692596,4,0.7333333333333333,0.6712697729239233,Rectangle
735.5,117.69848430156708,4,0.967741935483871,0.6671919548609917,Square
103.0,132.7695518732071,10,1.0,0.07342604056551623,
847.5,123.21320307254791,4,1.064516129032258,0.7015119532097096,Square
382.5,96.1837671995163,3,0.9333333333333333,0.5195624279467456,Triangle
278.0,180.65180158615112,6,0.6,0.10704590690593128,
145.5,208.40916180610657,11,0.8043478260869565,0.04209584614936568,
1134.5,139.69848430156708,4,0.7272727272727273,0.7305180917182013,Rectangle
368.5,93.01219248771667,4,1.0357142857142858,0.5352634547236447,Square
248.0,152.85281193256378,9,0.8888888888888888,0.1333873608073,
492.5,375.1787132024765,2,8.777777777777779,0.043968304610850543,
118.5,95.15432786941528,8,0.7307692307692307,0.1644641036840764,
156.5,187.8406195640564,9,1.1071428571428572,0.055737204368428696,
882.0,114.08326053619385,8,0.8157894736842105,0.8515979341471985,Circle
221.5,74.52691125869751,7,1.0909090909090908,0.5011380165186103,
211.0,246.5096664428711,10,1.0,0.04363393810404409,
595.5,127.29646337032318,5,0.6041666666666666,0.4618053435991664,
121.0,116.2253954410553,7,1.0,0.11256235465037909,
335.0,86.91168749332428,4,0.8064516129032258,0.5573118870889363,Square
163.5,211.63960921764374,8,1.0909090909090908,0.04587052588000388,
273.0,348.8183237314224,6,0.5802469135802469,0.02819511885063255,
178.5,172.89444160461426,7,0.7391304347826086,0.07503882444755604,
144.0,182.56854152679443,8,0.96875,0.054290077773892116,
164.0,194.71067678928375,10,1.032258064516129,0.05435934053471586,
634.5,110.87005722522736,5,1.1481481481481481,0.64865377076028,
129.0,154.30865669250488,7,0.6382978723404256,0.06807991316144883,
202.0,234.85281217098236,8,1.0857142857142856,0.04602244673151779,
175.0,192.30865514278412,7,0.9428571428571428,0.0594634703090917,
111.0,140.08326029777527,6,1.0,0.07108211817865447,
358.0,86.28427076339722,5,1.0,0.6042680398001314,
151.0,198.911687374115,9,1.096774193548387,0.04795856813903329,
388.5,99.01219379901886,4,0.9666666666666667,0.4979933239865796,Square
471.5,95.69848430156708,5,1.173913043478261,0.6469659770378989,
266.0,174.65180158615112,8,0.6296296296296297,0.10958354885024742,
142.0,204.99494767189026,11,0.8043478260869565,0.0424631192522453,
1145.0,143.5979790687561,5,0.7727272727272727,0.6977802852176035,
366.0,98.08326029777527,5,1.1481481481481481,0.4780806459628264,
273.5,186.0660148859024,11,0.8518518518518519,0.09927344256858794,
524.0,364.9360725879669,2,8.944444444444445,0.0494433129779206,
373.0,92.91168761253357,6,0.6285714285714286,0.5429727055888662,
179.5,201.63960921764374,9,0.9722222222222222,0.055478233325675495,
599.0,130.71067667007446,6,0.6041666666666666,0.44056963417588685,
124.0,127.05382239818573,7,1.037037037037037,0.09652861581908011,
126.5,191.9827550649643,9,1.15625,0.0431296516063799,
150.0,198.16652154922485,4,0.6779661016949152,0.04799992410317005,Rectangle
135.0,138.6518007516861,3,1.1136363636363635,0.0882455072291547,Triangle
180.0,168.65180134773254,8,0.7021276595744681,0.07952439993363593,
169.5,241.29646337032318,10,0.9444444444444444,0.03658285985924334,
126.0,200.56854140758514,10,1.1851851851851851,0.03935997163122056,
113.0,114.22539532184601,6,1.36,0.10883359321884807,
143.0,187.7401144504547,6,1.0571428571428572,0.05098374636225673,
111.5,113.01219248771667,9,1.7894736842105263,0.1097069472515649,
229.0,119.6812390089035,6,0.8947368421052632,0.20090613236055668,
116.5,132.4680359363556,5,1.2307692307692308,0.08342833857719409,
271.5,196.06601560115814,10,0.9038461538461539,0.08875136705730971,
479.5,337.37972366809845,2,8.222222222222221,0.052937145473657306,
120.5,91.49747359752655,10,0.6923076923076923,0.1808750672930921,
384.5,93.98275578022003,3,0.6571428571428571,0.5470283790338047,Triangle
194.0,236.36753106117249,10,0.9722222222222222,0.04363509805299871,
137.0,148.6518017053604,5,0.7142857142857143,0.07790943887777578,
110.5,126.46803617477417,7,1.037037037037037,0.08681816303675916,
104.0,148.0243865251541,4,1.0,0.059645359919347295,Square
205.5,302.1248904466629,8,0.7916666666666666,0.02829102473174436,
128.0,174.56854140758514,8,1.09375,0.0527822460943809,
139.0,142.65180134773254,3,1.1363636363636365,0.08583613300466733,Triangle
158.0,204.308655500412,8,0.717391304347826,0.04756564818352723,
133.5,175.63960897922516,8,1.1379310344827587,0.05438087692430403,
154.0,187.8233746290207,6,0.9714285714285714,0.054856905638266805,
121.5,166.61017179489136,8,1.0,0.055002587116679706,
132.0,134.08326029777527,6,0.9714285714285714,0.0922645084324287,
473.5,92.38477599620819,4,1.2272727272727273,0.6971544873475298,Square
236.0,136.8528118133545,8,0.9,0.1583486689278935,
243.0,162.50966680049896,9,1.0465116279069768,0.11562659534143303,
457.0,330.30865585803986,2,8.166666666666666,0.05263639710604464,
116.5,92.32590079307556,9,0.7307692307692307,0.1717468111384481,
203.0,241.5391036272049,8,1.0277777777777777,0.04372511913136058,
110.0,116.2253954410553,7,0.9629629629629629,0.10232941331852645,
1377.5,165.01219260692596,4,0.7916666666666666,0.6357251624704067,Rectangle
480.5,133.29646337032318,6,0.6956521739130435,0.3398333544236639,
697.5,116.04163014888763,4,0.9375,0.6509182283404373,Square
122.5,198.6690467596054,8,1.2222222222222223,0.03900187955233902,
150.0,180.50966608524323,8,0.9428571428571428,0.05784957829194158,
134.5,97.21320307254791,5,0.15555555555555556,0.17884699295679346,
124.5,181.35533845424652,8,1.1379310344827587,0.04756839816534638,
125.0,199.74011433124542,8,1.064516129032258,0.03937216430192016,
367.0,102.42640602588654,5,1.0689655172413792,0.4395943072427188,
104.0,168.08326029777527,10,1.2173913043478262,0.04625879082553067,
217.5,111.63960897922516,9,0.967741935483871,0.2192969098133564,
183.0,250.02438521385193,10,0.75,0.03678715630745412,
218.5,141.78174459934235,7,1.0,0.13659055617104332,
429.0,328.7939372062683,2,8.9375,0.04986772486304742,
110.5,92.32590091228485,9,0.6923076923076923,0.1629014813887593,
146.0,192.56854128837585,10,1.1428571428571428,0.04947571037611967,
101.5,111.63960921764374,8,1.0909090909090908,0.10233855747578931,
145.0,196.42640614509583,8,0.9032258064516129,0.04722566963342421,
112.5,120.46803617477417,6,1.0,0.09741340524501435,
129.5,174.66904664039612,6,0.95,0.05333935168874312,
154.0,184.65180158615112,8,0.717391304347826,0.05675752986120388,
144.0,163.3380936384201,9,0.9714285714285714,0.0678261851510795,
193.0,114.28427076339722,5,0.17647058823529413,0.1856924516475829,
118.5,179.01219248771667,9,1.0689655172413792,0.04646896407788903,
344.0,81.4558436870575,6,1.0454545454545454,0.6515140923685084,
120.5,185.35533845424652,8,1.1333333333333333,0.04407443091591236,
101.0,87.94112491607666,8,1.9411764705882353,0.16411459465880515,
358.0,103.59797894954681,5,1.0689655172413792,0.4191701274023419,
264.0,126.02438509464264,7,1.0,0.20888373131098822,
220.5,159.09545278549194,10,0.9090909090909091,0.10947196758409063,
456.5,334.3502861261368,2,8.176470588235293,0.05131534434291422,
113.5,119.63960886001587,8,1.037037037037037,0.09964505621876299,
162.0,155.8233745098114,6,0.8095238095238095,0.08384162134310046,
140.5,150.26702547073364,8,1.0,0.07819136755780765,
272.5,157.49747383594513,4,0.15492957746478872,0.13804770337487332,Rectangle
111.0,91.94112491607666,8,2.0,0.16501112172135518,
131.0,166.3675308227539,8,1.0689655172413792,0.05947631017749832,
250.5,140.6101711988449,6,1.0,0.15921505096589844,
235.5,139.2964631319046,10,1.105263157894737,0.15251782265248617,
484.5,335.0365777015686,2,8.588235294117647,0.054239939662547566,
105.0,117.88224971294403,7,1.2413793103448276,0.09495160978944596,
340.0,193.0538227558136,3,0.1686746987951807,0.11463888928404337,Triangle
102.5,79.21320307254791,6,3.6,0.2052761906310862,
276.5,155.09545266628265,8,1.0476190476190477,0.1444464491649834,
209.5,155.9238795042038,10,1.2222222222222223,0.10828508148688687,
485.5,345.8650048971176,2,8.823529411764707,0.051001841215888695,
507.5,265.23758816719055,3,0.1743119266055046,0.09065166188257916,Triangle
106.5,88.04163014888763,3,4.1,0.17265665445384645,Triangle
204.5,129.2964632511139,9,1.1935483870967742,0.15371982645372476,
120.0,77.94112491607666,10,1.4210526315789473,0.24823200252459582,
499.0,378.0487701892853,2,8.833333333333334,0.04387475965311645,
708.5,334.69343197345734,3,0.16546762589928057,0.07947953890563836,Triangle
111.0,98.28427076339722,4,4.6,0.14439920540729895,Rectangle
252.5,168.7523068189621,11,1.0666666666666667,0.1114222206984036,
127.0,93.74011397361755,11,1.4761904761904763,0.18161956474167856,
507.0,348.45079135894775,2,8.0,0.05247288141216352,
956.5,429.66399443149567,3,0.15,0.06510838384157978,Triangle
324.0,264.7350615262985,9,0.8142857142857143,0.05809408930930637,
120.0,64.28427076339722,8,2.0,0.36490655656765036,
612.0,491.22034335136414,2,10.333333333333334,0.03187194721605036,
1101.5,499.46298348903656,2,0.14218009478672985,0.05548655370242136,
245.5,148.26702523231506,5,1.0238095238095237,0.14033700771145075,
210.5,150.26702523231506,11,1.1081081081081081,0.11714792116119702,
684.0,565.9898953437805,2,10.25,0.026831725990452453,
138.5,121.29646325111389,7,0.7222222222222222,0.11829417548005439,
113.5,169.37972378730774,4,0.8,0.04971447814002938,Square
1246.5,526.5756813287735,3,0.1493212669683258,0.05649116747179112,Triangle
106.0,84.28427076339722,4,3.4545454545454546,0.18750923503918007,Rectangle
243.5,169.58073389530182,7,1.0425531914893618,0.10640347427071141,
126.5,68.66904640197754,7,1.6470588235294117,0.33711521709075115,
108.0,105.74011433124542,7,4.666666666666667,0.12138193827891831,
553.0,379.62236416339874,2,8.947368421052632,0.04822046747419745,
124.5,160.20815110206604,5,0.851063829787234,0.060955093053088424,
1301.5,563.7472543716431,5,0.16299559471365638,0.051461821845454496,
267.5,159.58073341846466,8,1.0444444444444445,0.13199963701403328,
113.5,70.5269113779068,10,1.8,0.2867450936222874,
130.5,137.15432786941528,6,5.4,0.08717688429977141,
561.0,410.45079135894775,2,9.789473684210526,0.04184567046057174,
133.5,167.0365778207779,7,0.9130434782608695,0.06012678217741226,
137.5,149.78174436092377,6,0.9428571428571428,0.0770184535199152,
1375.5,617.4041082859039,2,0.156,0.04534521117126459,
105.0,80.62741661071777,4,3.7,0.20297085145553687,Rectangle
331.0,229.76449918746948,3,1.2033898305084745,0.07879016392263162,Triangle
206.0,157.33809316158295,7,1.0238095238095237,0.10457053246338253,
116.0,166.71067678928375,5,4.642857142857143,0.05244946034219384,
680.0,527.5634890794754,2,10.217391304347826,0.030702187036113337,
149.5,125.43859839439392,8,0.7105263157894737,0.11939569591921162,
111.0,150.99494767189026,10,0.5945945945945946,0.0611797940858296,
122.0,183.13708341121674,7,0.6428571428571429,0.04571061956466532,
214.0,291.646750330925,6,0.7037037037037037,0.03161617698215827,
1423.0,604.8183221817017,2,0.16205533596837945,0.048883791824381295,
109.0,87.11269772052765,4,3.25,0.18049843280724678,Rectangle
291.0,176.9949471950531,8,1.0576923076923077,0.1167296319470195,
224.0,144.85281205177307,7,1.135135135135135,0.13415412192859444,
120.0,176.3675309419632,5,4.785714285714286,0.048479020889424275,
674.0,495.5634891986847,2,10.045454545454545,0.034488249871014426,
145.0,56.97056245803833,5,1.3076923076923077,0.5614057441589941,
172.0,158.50966596603394,8,0.6923076923076923,0.08602542153556769,
399.0,97.74011409282684,5,0.5945945945945946,0.5248522658127323,
120.5,183.78174448013306,9,0.7948717948717948,0.04483241892260224,
173.5,212.12489020824432,8,0.9722222222222222,0.048453603605372805,
595.5,153.7817440032959,5,0.559322033898305,0.31643321677566366,
126.5,153.7228685617447,6,0.7441860465116279,0.06727031005687514,
1407.5,167.01219260692596,4,0.8125,0.6341060724948921,Square
261.0,312.96045660972595,6,0.6987951807228916,0.03348662956086922,
106.0,162.99494683742523,7,0.6382978723404256,0.05013805102967872,
136.5,160.61017167568207,7,1.0571428571428572,0.06649613798968537,
1447.0,597.8477597236633,3,0.16929133858267717,0.05087415194859056,Triangle
106.0,96.28427076339722,8,2.0625,0.14368288457212242,
102.0,150.76955199241638,10,1.2608695652173914,0.05638748792494413,
316.0,178.1665199995041,8,1.0377358490566038,0.12509638277031443,
223.5,144.1248903274536,8,1.0526315789473684,0.135210186504101,
129.0,170.36753106117249,5,5.153846153846154,0.05585035203208926,
647.5,431.52185893058777,2,9.333333333333334,0.043696236845910064,
156.0,54.97056245803833,6,1.1428571428571428,0.6487451155138332,
184.0,124.8528128862381,8,0.7837837837837838,0.14833069255866088,
102.5,103.154327750206,9,0.6923076923076923,0.12104833582676358,
127.0,153.33809399604797,8,0.6388888888888888,0.06787556593658729,
119.0,181.68123924732208,13,0.8235294117647058,0.04530401144446431,
148.5,208.40916061401367,13,0.8461538461538461,0.04296380223157705,
208.5,74.5269113779068,5,1.1904761904761905,0.47172585151180885,
194.5,241.2964632511139,10,0.9444444444444444,0.041978561944857426,
156.5,178.55129623413086,8,0.660377358490566,0.06168764503643455,
133.5,153.722869515419,5,0.7857142857142857,0.07099277692620022,
133.0,187.7401144504547,10,0.9375,0.047418449413847166,
147.0,180.08326029777527,8,1.0909090909090908,0.05696138091621846,
163.0,258.93607199192047,14,0.8043478260869565,0.030550080384695352,
1424.0,170.9116872549057,4,0.7959183673469388,0.6125990657452981,Rectangle
137.5,181.49747383594513,8,1.09375,0.05245312808110245,
259.5,291.5462455749512,6,0.7108433734939759,0.038364745360374854,
153.5,167.23758792877197,7,0.717391304347826,0.06896844808159487,
141.0,191.5979790687561,9,0.96875,0.04826664684835431,
159.0,250.3675309419632,9,0.9444444444444444,0.0318750573935672,
114.0,169.13708293437958,8,0.6382978723404256,0.05007685467694081,
139.0,197.7401144504547,10,1.0571428571428572,0.04467196968645383,
475.5,115.982754945755,4,0.9444444444444444,0.4441948761330395,Square
153.5,263.52185904979706,11,0.5555555555555556,0.027776975297141435,
1504.0,639.7888842821121,2,0.1717557251908397,0.04617259882963099,
110.0,99.94112491607666,7,1.8888888888888888,0.13839298676132838,
120.0,158.71067702770233,8,1.0333333333333334,0.059865804286371484,
108.0,141.33809316158295,6,0.6666666666666666,0.06793837640895295,
133.0,211.8233746290207,11,0.8085106382978723,0.03724892466739451,
407.0,229.76449859142303,3,1.2222222222222223,0.09688095735011537,Triangle
204.5,148.61017096042633,10,1.025,0.11636064201511764,
114.0,178.71067690849304,6,5.583333333333333,0.04485529484342833,
655.0,482.9360725879669,2,10.523809523809524,0.03529164257225872,
120.0,74.42640590667725,9,1.1904761904761905,0.27223064724623447,
154.5,55.55634891986847,5,1.1428571428571428,0.6290294143037038,
114.0,100.56854140758514,9,0.6296296296296297,0.14164146582733492,
669.0,100.42640602588654,8,0.8484848484848485,0.8335662842915342,Circle
627.5,105.21320307254791,4,1.0714285714285714,0.7123330743755448,Square
134.0,188.99494814872742,11,0.8205128205128205,0.047142680349740056,
198.5,74.52691125869751,8,1.0909090909090908,0.4491011118688224,
959.0,130.76955199241638,5,0.9722222222222222,0.704717732248957,
209.5,286.95331740379333,8,0.7659574468085106,0.03197211684988361,
140.5,156.89444172382355,7,0.7906976744186046,0.07172508505362969,
700.5,116.87005722522736,4,0.8787878787878788,0.6444830357988248,Square
105.0,125.88224971294403,7,0.9259259259259259,0.08326647342507604,
157.5,219.15432786941528,8,1.0294117647058822,0.04120883330610327,
173.0,259.9655100107193,13,0.8043478260869565,0.03216803261938563,
1427.0,171.25483322143555,4,0.7916666666666666,0.6114319979070417,Rectangle
108.0,154.02438473701477,8,0.8387096774193549,0.057207721951242185,
148.5,208.1248904466629,8,1.0606060606060606,0.043081247752796696,
263.5,283.88938987255096,6,0.7073170731707317,0.04108583906758993,
152.5,170.89444196224213,7,0.7021276595744681,0.06561812720618558,
723.5,117.21320307254791,4,0.9393939393939394,0.661752104973646,Square
624.0,111.59797894954681,4,1.032258064516129,0.6296247545915896,Square
922.5,136.18376553058624,5,0.9166666666666666,0.6250655475175678,
644.0,110.28427076339722,5,1.1851851851851851,0.6653782182011684,
118.5,171.7228685617447,7,0.6458333333333334,0.050497740380308485,
872.0,131.5979790687561,4,1.0277777777777777,0.6327438156135734,Square
476.5,114.81118261814117,5,0.9714285714285714,0.45425988656589117,
204.5,311.4629831314087,10,0.6666666666666666,0.026490508727220113,
179.5,275.2964633703232,10,0.8181818181818182,0.02976274973369586,
1625.5,664.5168061256409,2,0.1625441696113074,0.046257792083903584,
138.0,214.08326029777527,8,1.032258064516129,0.037837595518117995,
374.5,80.38477599620819,4,1.0,0.7283063127396099,Square
858.0,126.62741661071777,4,1.1290322580645162,0.672421604266133,Square
143.0,128.22539579868317,7,1.0263157894736843,0.10929437348850082,
380.5,101.84061908721924,4,1.0,0.4610228632896754,Square
128.5,157.58073377609253,7,0.5957446808510638,0.06502895196747432,
504.0,97.4558436870575,6,1.1666666666666667,0.6668445856238933,
152.0,216.1665197610855,12,0.8085106382978723,0.04087677183035227,
1188.5,144.5269113779068,5,0.7555555555555555,0.7150091619358303,
453.5,291.462983250618,5,0.9761904761904762,0.06708421526283964,
207.5,137.43859910964966,7,1.2,0.13804177196276846,
616.5,435.0365777015686,2,9.380952380952381,0.04093467977819594,
151.0,55.79898953437805,6,1.1428571428571428,0.6094444726936846,
174.0,127.68123996257782,7,0.7368421052631579,0.13412351577206968,
108.0,140.02438497543335,8,0.5945945945945946,0.06921915158898613,
130.5,174.6101713180542,11,0.7692307692307693,0.05378749253368326,
631.0,107.94112491607666,5,1.1071428571428572,0.6805583137062936,
216.0,236.3675308227539,10,0.9459459459459459,0.048583408239493066,
105.0,138.42640614509583,4,1.0285714285714285,0.06885908943840809,Square
152.5,228.6934311389923,9,0.6226415094339622,0.03664142261890296,
150.0,176.79393589496613,8,0.673469387755102,0.06030681522320239,
151.0,210.56854152679443,10,0.9375,0.04279567031535609,
116.0,144.71067714691162,9,0.9629629629629629,0.06960920949415521,
145.0,185.74011433124542,8,1.0909090909090908,0.05281611458320629,
184.5,244.55129647254944,12,0.8043478260869565,0.03876736608988455,
1420.5,170.66904664039612,4,0.8125,0.6128322010065076,Square
159.0,207.39696860313416,8,1.0303030303030303,0.04645176066977964,
243.0,312.4751776456833,6,0.6951219512195121,0.03127411943235262,
155.5,167.23758792877197,6,0.717391304347826,0.06986705978298373,
141.5,213.63960921764374,9,0.9696969696969697,0.03895854727282645,
624.5,110.18376541137695,4,1.064516129032258,0.6464085423679663,Square
180.5,246.1248904466629,8,0.918918918918919,0.03744346217777996,
654.0,108.62741661071777,4,1.1851851851851851,0.6964800963717986,Square
139.0,184.79393661022186,7,0.6458333333333334,0.05115042303513218,
875.5,129.35533833503723,4,1.0277777777777777,0.6575023388161623,Square
482.5,114.81118178367615,5,0.9444444444444444,0.45997984985123813,
219.0,330.5340517759323,12,0.6712328767123288,0.02518961699527048,
1194.0,147.11269783973694,4,0.7777777777777778,0.6932882999062734,Rectangle
1649.0,711.2447279691696,2,0.16151202749140894,0.040963060712924396,
758.0,118.62741661071777,4,1.0666666666666667,0.6768757017120551,Square
386.5,83.21320307254791,5,1.0909090909090908,0.7014147325335449,
125.0,194.911687374115,7,1.0625,0.04134701051735449,
378.5,102.18376564979553,5,1.0689655172413792,0.4555247113088761,
153.5,124.46803605556488,7,1.0263157894736843,0.12450952314626701,
132.0,154.9949470758438,7,0.5957446808510638,0.06904762022779683,
505.0,96.62741661071777,5,1.1666666666666667,0.6796737622387091,
156.0,218.6518017053604,11,0.7916666666666666,0.041004199868797414,
233.0,272.85281229019165,10,0.7391304347826086,0.0393286388802996,
479.5,280.63455522060394,4,1.0375,0.07650964450703465,Square
218.0,144.8528116941452,10,1.0512820512820513,0.13056070859304827,
617.5,495.1787132024765,2,10.619047619047619,0.031646296454477696,
177.0,129.68123817443848,7,0.7631578947368421,0.13226009597746585,
408.5,97.49747395515442,3,0.5789473684210527,0.5400266559550044,Triangle
154.5,190.32590091228485,9,1.1071428571428572,0.05359725643398443,
157.5,218.5512968301773,13,0.8205128205128205,0.04143655548870677,
988.0,133.11269783973694,5,0.9722222222222222,0.7006930947215173,
602.0,142.02438533306122,4,0.6415094339622641,0.3750425289786043,Rectangle
166.5,227.86500418186188,8,0.6530612244897959,0.04029664045232072,
113.5,118.46803605556488,7,0.9629629629629629,0.10162565268679055,
148.0,228.79393672943115,13,0.8043478260869565,0.03552896509689348,
1427.0,170.911687374115,4,0.7959183673469388,0.6138896528083407,Rectangle
375.0,92.08326053619385,4,0.8709677419354839,0.5557503622739771,Square
141.5,184.81118214130402,8,1.0606060606060606,0.05206067729819082,
306.5,399.6883805990219,6,0.7073170731707317,0.024110004801639724,
137.5,57.69848430156708,7,1.1176470588235294,0.5190195930150363,
159.0,164.65180099010468,8,0.717391304347826,0.07370110807775485,
173.0,196.2253955602646,10,1.1,0.05646060671683992,
150.5,207.15432798862457,8,0.9444444444444444,0.04407155167211055,
649.5,111.35533845424652,4,1.1851851851851851,0.6582137265243849,Square
132.5,209.86500489711761,6,0.6595744680851063,0.037804690831654254,
102.5,123.78174436092377,7,0.8,0.08406602880353019,
180.0,235.0538227558136,8,1.0277777777777777,0.04093998995993136,
144.0,160.16652071475983,9,0.9722222222222222,0.07053893088525878,
202.5,302.6345565319061,12,0.6805555555555556,0.027784197543640688,
1195.0,151.25483322143555,4,0.7777777777777778,0.6563859058873397,Rectangle
1661.0,697.5878739356995,2,0.17314487632508835,0.042892528750616485,
385.5,85.21320307254791,5,1.0869565217391304,0.667145353868324,
124.0,192.911687374115,8,1.0625,0.04187110956561612,
382.0,102.08326065540314,4,1.0689655172413792,0.4606426649055221,Square
146.5,154.0660150051117,7,0.5957446808510638,0.07755928375087086,
110.5,171.15432786941528,10,1.2083333333333333,0.04740196784723303,
219.0,273.6812391281128,10,0.7608695652173914,0.03674209568572404,
506.0,280.04877066612244,5,1.0365853658536586,0.08107613547480798,
101.5,135.2964632511139,5,1.1851851851851851,0.06967917794255155,
212.5,152.75230646133423,8,1.025,0.11444405709490171,
677.0,575.8477598428726,2,10.08,0.02565565869043594,
150.0,52.97056245803833,6,1.1538461538461537,0.6717875550316089,
178.0,130.02438461780548,7,0.7435897435897436,0.13230621711157536,
419.5,97.15432929992676,3,0.6052631578947368,0.5584927158649676,Triangle
117.0,178.02438521385193,13,0.8181818181818182,0.046391320695735414,
140.0,187.39696860313416,9,1.1481481481481481,0.05009712200186042,
960.0,118.08326017856598,8,0.8205128205128205,0.865175926634372,Circle
972.0,133.94112491607666,6,0.9722222222222222,0.6808449880328403,
177.0,259.39696860313416,9,0.7659574468085106,0.0330562312054996,
619.0,158.5096663236618,5,0.576271186440678,0.3095914865711244,
655.0,135.53910267353058,7,0.64,0.4480453267046075,
699.5,118.18376553058624,4,0.9090909090909091,0.6293350739808783,Square
112.5,118.46803569793701,6,0.9629629629629629,0.1007302730950702,
163.0,223.0538227558136,8,1.0606060606060606,0.041169740259351356,
175.0,251.62236380577087,14,0.8043478260869565,0.03473357107584748,
1431.0,170.911687374115,4,0.7959183673469388,0.6156104366984833,Rectangle
375.0,90.91168737411499,4,0.8387096774193549,0.5701664969793606,Square
146.5,175.49747383594513,7,1.0606060606060606,0.05977309581724038,
1758.5,224.3502860069275,4,0.7195121951219512,0.4390348361631445,Rectangle
143.0,59.11269783973694,6,1.0555555555555556,0.5142618886106115,
159.5,174.06601452827454,9,0.717391304347826,0.0661519392426823,
143.5,208.81118202209473,9,0.96875,0.041357498387540374,
154.0,192.22539567947388,10,1.0666666666666667,0.052373193693537996,
163.0,239.39696860313416,8,0.9166666666666666,0.03574046304659515,
660.5,110.87005722522736,5,1.1851851851851851,0.6752337519104253,
146.0,210.1076453924179,6,0.6122448979591837,0.04156033200115568,
100.5,127.43859827518463,7,0.75,0.07776316959393047,
879.0,129.94112491607666,4,1.0277777777777777,0.6541924004055828,Square
147.5,154.26702547073364,8,1.0,0.07788533155070176,
206.5,308.6345566511154,11,0.6805555555555556,0.02724211478304943,
169.5,217.15432786941528,9,0.8,0.04516921969033907,
1625.5,683.4873689413071,2,0.18315018315018314,0.043725607464358364,
378.5,86.04163014888763,4,1.1363636363636365,0.6424783357823215,Square
139.5,170.26702630519867,7,1.0333333333333334,0.060467633101562786,
138.0,153.82337415218353,7,0.5957446808510638,0.07328992604732691,
512.5,95.21320307254791,5,1.1666666666666667,0.710410517869687,
174.5,227.3797231912613,12,0.8333333333333334,0.04241327695537652,
213.5,264.2670257091522,10,0.7555555555555555,0.038416853350755176,
474.0,251.0782072544098,5,1.2352941176470589,0.0944865882429655,
102.5,138.1248904466629,6,1.2692307692307692,0.06751337769251907,
226.5,166.75230634212494,9,0.8888888888888888,0.10236096504525288,
512.5,385.5807341337204,2,10.529411764705882,0.04331846730257769,
187.0,158.50966584682465,8,0.717948717948718,0.09352763867062598,
107.5,91.49747371673584,7,0.6923076923076923,0.16136157413561183,
421.0,96.91168773174286,4,0.6052631578947368,0.5632998634749912,Rectangle
673.5,101.49747359752655,9,0.8235294117647058,0.821555674374586,Circle
631.5,108.87005722522736,4,1.1071428571428572,0.6695242574734664,Square
164.5,221.23758792877197,13,0.8205128205128205,0.042233583878386,
964.5,133.35533833503723,7,1.0,0.6815398978745832,
101.0,143.4558436870575,4,0.875,0.06167295388429403,Square
627.0,157.33809304237366,5,0.5833333333333334,0.31828021336841905,
656.5,137.78174448013306,5,0.64,0.4345714950914071,
122.0,198.6518018245697,12,0.7209302325581395,0.03884943235656748,
705.5,114.87005722522736,4,0.8787878787878788,0.6718823108905307,Square
115.5,128.46803653240204,8,0.9629629629629629,0.08794308070211904,
147.0,182.911687374115,8,1.0606060606060606,0.055213373932223246,
1285.0,140.2253955602646,8,0.8043478260869565,0.8212202391844002,Circle
1437.5,168.18376541137695,4,0.7755102040816326,0.6386303800005866,Rectangle
376.5,92.32590055465698,3,0.8709677419354839,0.5550444182625762,Triangle
164.0,209.0538226366043,8,1.0606060606060606,0.04715605717996385,
338.0,406.4163031578064,6,0.7108433734939759,0.02571486934788025,
497.5,138.12488996982574,6,0.7391304347826086,0.32768688423349995,
725.0,118.28427076339722,4,0.9090909090909091,0.6511692399849371,Square
155.5,192.46803617477417,10,1.1,0.052750068418049606,
945.5,135.35533845424652,5,0.8918918918918919,0.6485158858704594,
655.0,111.4558436870575,5,1.1851851851851851,0.6625909146780358,
653.5,128.46803605556488,4,0.6122448979591837,0.4975827157183173,Rectangle
871.0,132.42640602588654,5,1.0277777777777777,0.6241354255850511,
157.5,187.5807341337204,8,0.9428571428571428,0.05624889039905051,
219.5,359.60511815547943,12,0.6944444444444444,0.021330088629858593,
165.5,274.1248904466629,9,0.8,0.027676484194493502,
1629.0,675.1025929450989,2,0.18478260869565216,0.04491499919733016,
130.0,215.39696836471558,8,1.064516129032258,0.03521065008407639,
373.5,84.87005722522736,4,1.1363636363636365,0.6516156107606028,Square
144.5,233.15432798862457,9,1.09375,0.03340340567573753,
400.0,103.25483345985413,3,1.0333333333333334,0.4714645837373151,Triangle
138.0,153.48022890090942,6,0.5625,0.07361801004822581,
512.0,95.79898953437805,4,1.125,0.7010644875562385,Square
164.0,226.30865561962128,12,0.8125,0.04023938945553951,
212.5,274.26702558994293,10,0.7608695652173914,0.03549944841537459,
531.5,295.806129693985,5,1.011764705882353,0.07633062079018084,
235.0,146.50966620445251,7,1.025,0.13757678886541272,
640.0,462.9360725879669,2,10.047619047619047,0.03752734088278403,
194.0,128.50966727733612,8,0.7631578947368421,0.1476182306670061,
110.5,101.98275482654572,9,0.6923076923076923,0.13351149641285218,
149.0,169.82337415218353,6,0.6486486486486487,0.06492339193263921,
677.5,99.84061932563782,8,0.7941176470588235,0.8540919545751738,Circle
635.0,107.4558436870575,4,1.1071428571428572,0.6910723428539542,Square
965.5,118.66904664039612,9,0.8205128205128205,0.8615633880297158,Circle
207.5,71.35533833503723,5,1.0454545454545454,0.5121238782038267,
972.0,128.28427064418793,6,0.9722222222222222,0.7422142875461536,
221.0,285.88224971294403,8,0.7659574468085106,0.03398034278251224,
191.5,229.03657746315002,6,0.6415094339622641,0.045874247324601526,
182.0,230.1076443195343,7,0.6530612244897959,0.043193575831763385,
698.5,116.87005722522736,4,0.8787878787878788,0.642642970029235,Square
298.0,89.59797883033752,4,0.9629629629629629,0.466476427469263,Square
180.5,217.15432798862457,8,1.0303030303030303,0.04810055542864184,
1296.5,138.8111823797226,9,0.8043478260869565,0.845538677052419,Circle
1442.0,166.7695518732071,4,0.7755102040816326,0.6515407761600102,Rectangle
375.5,90.66904699802399,4,0.8387096774193549,0.5739865335211043,Square
171.5,209.15432798862457,8,1.0303030303030303,0.04926520302044308,
1783.5,225.17871165275574,3,0.7108433734939759,0.4420061556781609,Triangle
491.5,137.78174424171448,7,0.6666666666666666,0.3253494144350779,
731.5,118.87005722522736,4,0.9393939393939394,0.6505478575192004,Square
156.5,193.63960909843445,10,1.0666666666666667,0.05244883081628049,
947.0,133.11269783973694,5,0.8918918918918919,0.6716157496976487,
660.0,109.4558436870575,4,1.1851851851851851,0.6922706093259609,Square
657.0,129.5391045808792,4,0.6326530612244898,0.49200945882957114,Rectangle
280.0,89.25483310222626,5,0.5882352941176471,0.4416766202537095,
100.5,128.61017167568207,8,0.7222222222222222,0.07635285657584247,
874.5,130.18376553058624,4,1.0277777777777777,0.6484194289218004,Square
481.0,113.74011409282684,5,0.9166666666666666,0.46722666600604146,
247.5,374.9188280105591,12,0.6944444444444444,0.022126390141124826,
1188.0,146.76955199241638,4,0.7777777777777778,0.6930337224363389,Rectangle
1699.0,695.1025930643082,2,0.17708333333333334,0.04418810991479636,
764.5,122.5269113779068,4,1.096774193548387,0.6399180812856327,Square
376.5,83.21320307254791,4,1.0434782608695652,0.683266873994514,Square
879.5,127.69848430156708,4,1.0625,0.6777573293901847,Square
168.5,125.63960886001587,7,1.054054054054054,0.1341394798197484,
396.5,102.66904783248901,3,1.0333333333333334,0.4726873577162999,Triangle
138.0,148.9949471950531,6,0.5625,0.07811705627859987,
511.0,93.79898953437805,5,1.125,0.7298513982329679,
178.0,255.27921843528748,14,0.8125,0.03432408298056157,
1203.0,146.42640614509583,4,0.7391304347826086,0.7050772221046356,Rectangle
563.5,313.2619729042053,7,1.0232558139534884,0.07215865455051895,
239.0,147.68123948574066,8,1.025,0.1377073457484628,
535.0,400.6518018245697,2,10.222222222222221,0.04188219607350316,
158.5,53.55634891986847,6,1.1428571428571428,0.6944119819756371,
172.0,127.19595754146576,6,0.7105263157894737,0.1335954578814981,
115.0,109.3969691991806,10,0.6923076923076923,0.12075277610664897,
105.0,138.0243856906891,10,0.6944444444444444,0.06926080219025434,
680.5,100.66904664039612,8,0.8235294117647058,0.8438127475954023,Circle
630.0,106.62741661071777,4,1.1071428571428572,0.6963260442801021,Square
961.5,119.49747359752655,8,0.8205128205128205,0.8461389854973309,Circle
205.0,71.94112467765808,4,1.0454545454545454,0.4977477196895309,Square
963.0,128.28427076339722,5,0.9444444444444444,0.7353419316651914,
104.0,140.28427064418793,4,0.9210526315789473,0.06640874091122181,Square
102.5,139.35533833503723,7,0.7948717948717948,0.06632641276830624,
142.5,172.89444243907928,9,0.6346153846153846,0.059904943308448914,
156.0,159.9655100107193,6,0.7674418604651163,0.07660934556527414,
121.0,197.8233746290207,13,0.7209302325581395,0.03885438346836997,
710.5,114.87005722522736,4,0.8787878787878788,0.6766440565382312,Square
296.5,89.8406195640564,5,0.9629629629629629,0.4616247497039118,
166.5,220.81118202209473,8,1.0294117647058822,0.04291231821938174,
1301.0,137.39696896076202,8,0.8043478260869565,0.8660298400529529,Circle
1438.0,165.11269783973694,4,0.7755102040816326,0.6628386176809722,Rectangle
377.0,91.25483286380768,4,0.8387096774193549,0.5689046273037991,Square
166.0,208.22539567947388,8,1.0,0.04811168419018272,
359.5,402.5168056488037,6,0.6867469879518072,0.02788307864936751,
486.0,139.19595754146576,7,0.6808510638297872,0.3152048472496032,
736.5,118.87005722522736,4,0.9117647058823529,0.654994527768819,Square
631.0,110.76955199241638,4,1.032258064516129,0.6462468285994453,Square
940.0,133.11269783973694,5,0.8918918918918919,0.6666513249374759,
663.5,108.87005722522736,4,1.1851851851851851,0.7034510607025257,Square
165.5,223.86500537395477,7,0.6122448979591837,0.04149879080395727,
461.5,87.35533821582794,9,0.6060606060606061,0.7599808872257362,
111.5,207.23758792877197,15,0.6744186046511628,0.03262478616007359,
107.0,143.5391036272049,8,0.5588235294117647,0.06526091852807743,
104.5,123.43859803676605,6,0.75,0.08618351312013903,
871.5,127.35533845424652,4,1.0,0.6752163450633674,Square
482.0,112.56854140758514,5,0.9166666666666666,0.47799441763901435,
242.5,356.0904017686844,13,0.6805555555555556,0.024032617351836403,
1191.0,146.76955199241638,4,0.7777777777777778,0.6947838075940064,Rectangle
1855.0,770.2152901887894,2,0.16613418530351437,0.039294295440839774,
769.0,119.4558436870575,4,1.0666666666666667,0.677206945950916,Square
132.0,211.13708245754242,8,0.6086956521739131,0.037209579579282746,
101.5,172.95331716537476,13,0.6052631578947368,0.04264009015631533,
381.5,84.04163014888763,5,1.0434782608695652,0.6787587961515366,
890.0,128.28427076339722,4,1.0625,0.6795995007082246,Square
172.0,130.71067667007446,6,1.025,0.12650747425417785,
397.0,101.25483286380768,3,1.0333333333333334,0.48659635178745914,Triangle
132.0,150.99494671821594,7,0.5625,0.0727543506427128,
506.0,92.97056245803833,4,1.125,0.7356469929786985,Square
188.5,264.69343197345734,14,0.8125,0.03380919953951987,
1200.5,147.01219260692596,4,0.7391304347826086,0.698015905062945,Rectangle
563.5,295.1198374032974,6,1.0232558139534884,0.0813030763041249,
387.0,98.42640614509583,4,1.1851851851851851,0.501992898210295,Square
241.0,158.9949473142624,9,0.8666666666666667,0.11980094955360626,
634.0,459.62236428260803,2,10.047619047619047,0.03771349810031708,
154.5,55.55634891986847,5,1.1428571428571428,0.6290294143037038,
162.0,124.02438461780548,7,0.7105263157894737,0.1323459686380006,
117.5,103.15432810783386,8,0.6538461538461539,0.13876272547339955,
103.5,164.7523077726364,8,0.5945945945945946,0.047916733061444144,
684.5,99.84061932563782,8,0.8484848484848485,0.8629165208955077,Circle
631.5,106.87005722522736,4,1.1071428571428572,0.6948181187930245,Square
963.0,118.08326017856598,8,0.8205128205128205,0.8678796014051045,Circle
202.0,72.76955199241638,4,1.0909090909090908,0.47936004350595907,Square
964.0,126.62741661071777,5,0.9166666666666666,0.7554946695950492,
198.0,272.2253956794739,8,0.75,0.033575135870621955,
143.5,158.06601583957672,8,0.7441860465116279,0.0721746608169571,
120.0,197.48022842407227,12,0.7045454545454546,0.038667301815414216,
705.0,117.94112491607666,4,0.8787878787878788,0.6368958947206316,Square
299.5,91.49747335910797,6,0.9629629629629629,0.4495608542456246,
170.0,220.22539567947388,8,1.0294117647058822,0.044047776201573866,
1301.5,139.63960886001587,8,0.8043478260869565,0.8387582195838088,Circle
1432.0,166.76955199241638,4,0.7916666666666666,0.6470224619467972,Rectangle
368.0,91.25483345985413,3,0.8387096774193549,0.5553233424745299,Triangle
156.0,207.39696860313416,8,1.0,0.04557531235525549,
142.5,86.04163014888763,7,0.4838709677419355,0.241884181899553,
347.5,402.17366075515747,6,0.6867469879518072,0.02699836251101584,
137.5,57.69848430156708,6,1.0,0.5190195930150363,
492.5,133.63960897922516,6,0.6808510638297872,0.34653388409588587,
723.5,117.21320307254791,4,0.96875,0.661752104973646,Square
631.0,111.5979790687561,4,1.032258064516129,0.6366878514399255,Square
938.5,132.87005722522736,5,0.9166666666666666,0.6680206641403745,
662.0,107.79898953437805,4,1.1851851851851851,0.7158771056460106,Square
652.0,128.71067714691162,3,0.6122448979591837,0.49457061542069247,Triangle
570.5,279.5218584537506,15,0.7741935483870968,0.09175589220227809,
283.0,91.25483322143555,6,0.5714285714285714,0.42705572484099863,
104.5,132.61017155647278,8,0.7222222222222222,0.07467452704687225,
872.0,127.11269783973694,4,1.0,0.678185463011909,Square
485.5,112.32590126991272,4,0.9166666666666666,0.48354764711559334,Square
244.5,313.9482647180557,12,0.6944444444444444,0.031172566035880665,
1189.0,145.4558436870575,4,0.7555555555555555,0.706202696044788,Rectangle
1918.5,797.9726501703262,2,0.15757575757575756,0.03786131157153842,
762.0,116.97056245803833,4,1.0666666666666667,0.6998608161505949,Square
136.0,211.48022878170013,8,0.6086956521739131,0.03821283237806057,
100.5,174.61017155647278,14,0.6052631578947368,0.0414225516082228,
379.0,83.79898953437805,4,1.0434782608695652,0.6782214332465887,Square
876.0,129.94112491607666,4,1.0625,0.6519596618376458,Square
165.5,128.1248903274536,8,1.0526315789473684,0.1266895661295123,
395.0,101.25483345985413,3,1.0333333333333334,0.4841449790760022,Triangle
143.5,159.5807330608368,7,0.5625,0.07081102054733963,
503.5,95.21320307254791,4,1.1666666666666667,0.6979350160924632,Square
1360.0,143.0538226366043,8,0.8125,0.8351218327073291,Circle
1196.0,144.28427076339722,4,0.717391304347826,0.7219432597655724,Rectangle
590.0,305.3624777793884,5,1.0232558139534884,0.07951160751373335,
386.0,98.42640614509583,3,1.1071428571428572,0.5006957589384338,Triangle
126.0,164.3675309419632,3,4.466666666666667,0.05860684551229737,Triangle
322.0,241.07820749282837,8,1.032258064516129,0.06962253439374967,
643.5,453.722869515419,2,10.0,0.03928050613869037,
148.0,52.485281229019165,4,1.0714285714285714,0.6751441706540593,Square
164.5,124.26702678203583,8,0.7105263157894737,0.13386404723232923,
162.5,64.52691125869751,5,0.8571428571428571,0.49043502164289793,
110.5,113.6396095752716,8,0.6538461538461539,0.1075257984335727,
395.0,96.08326089382172,4,0.5945945945945946,0.5376646602497624,Rectangle
674.0,98.42640602588654,8,0.8181818181818182,0.8742718713522185,Circle
631.0,104.62741661071777,4,1.0714285714285714,0.7243495905644272,Square
957.0,119.74011421203613,8,0.8461538461538461,0.8387691828158169,Circle
202.0,71.94112467765808,3,1.0454545454545454,0.4904636067184646,Triangle
958.5,129.35533845424652,5,0.9444444444444444,0.7198355118146456,
215.0,286.71067678928375,8,0.75,0.03286703990855997,
185.5,244.8355668783188,6,0.55,0.038887028940467076,
166.5,217.86500489711761,8,0.62,0.04408076769305514,
147.5,232.55129671096802,12,0.7272727272727273,0.034273965351706924,
150.0,63.94112479686737,9,0.8181818181818182,0.46104209454602724,
711.0,116.28427076339722,4,0.8787878787878788,0.6607505257557286,Square
295.0,87.59797883033752,4,0.9259259259259259,0.4831074208617154,Square
171.0,217.7401144504547,8,1.0294117647058822,0.045324088688821366,
1303.5,137.9827550649643,8,0.8043478260869565,0.8603422982012808,Circle
1417.5,167.01219260692596,4,0.7755102040816326,0.6386112666156374,Rectangle
375.0,90.08326077461243,4,0.8064516129032258,0.5807014835547962,Square
163.0,207.39696860313416,8,1.0,0.0476203584224785,
140.0,105.59797894954681,8,0.5,0.15777082160267444,
1746.5,225.86500453948975,4,0.6867469879518072,0.4302100589905361,Rectangle
488.0,135.53910338878632,6,0.6808510638297872,0.3338108658384825,
729.0,116.62741661071777,4,0.9090909090909091,0.6734976439602567,Square
157.5,261.865003824234,11,0.7142857142857143,0.028862603118660228,
628.5,109.35533833503723,4,1.032258064516129,0.6604427375092156,Square
946.0,132.28427076339722,4,0.9444444444444444,0.6793359305230932,Square
658.0,108.62741661071777,4,1.1851851851851851,0.70073991347499,Square
660.5,125.63960862159729,5,0.625,0.525810841289033,
470.0,87.94112479686737,8,0.6060606060606061,0.7637015811758143,
110.0,205.82337486743927,13,0.6744186046511628,0.03262970588210931,
287.0,90.4264063835144,5,0.5428571428571428,0.4410635988814152,
104.0,124.02438485622406,7,0.75,0.08496284373724458,
873.5,128.5269113779068,4,0.9459459459459459,0.664484157461882,Square
480.0,113.74011445045471,5,0.9166666666666666,0.46625529786399894,
244.5,357.2619721889496,12,0.6805555555555556,0.024072164626342714,
1193.5,148.18376553058624,4,0.7555555555555555,0.6830162467773688,Rectangle
1991.5,798.6589416265488,2,0.15522388059701492,0.03923443999477811,
774.5,119.21320307254791,4,1.064516129032258,0.6848296770832448,Square
135.5,206.06601476669312,7,0.6086956521739131,0.04009926525391868,
379.5,82.38477599620819,4,1.0434782608695652,0.7026316584072204,Square
885.0,127.4558436870575,4,1.03125,0.6845948543470057,Square
173.5,123.63960933685303,6,1.0833333333333333,0.14262448683664353,
391.0,100.42640626430511,3,1.0,0.4871814882069655,Triangle
140.0,157.4802281856537,8,0.5625,0.07093912525153767,
511.5,96.04163014888763,5,1.1666666666666667,0.6968454301208592,
189.0,270.1076453924179,13,0.8125,0.03255351689169826,
1207.5,145.35533845424652,4,0.7391304347826086,0.7181828499353404,Rectangle
585.0,305.36247766017914,6,1.0232558139534884,0.07883778039296793,
389.5,98.66904664039612,5,1.1071428571428572,0.5027539160197981,
130.5,143.63960909843445,3,4.384615384615385,0.0794825783028856,Triangle
326.5,244.8355666399002,10,1.032258064516129,0.06844536374010884,
547.5,406.7523070573807,2,10.444444444444445,0.041584734950365125,
153.0,54.97056245803833,5,1.1428571428571428,0.6362692479077979,
172.0,160.1665198802948,8,0.6923076923076923,0.0842548349908807,
165.5,64.52691113948822,5,0.9047619047619048,0.4994892085033916,
230.5,71.0121921300888,5,0.6296296296296297,0.5744006925956969,
394.5,95.49747395515442,4,0.5945945945945946,0.5435920586868138,Rectangle
681.0,100.42640614509583,8,0.8484848484848485,0.8485181438787408,Circle
632.0,106.62741661071777,4,1.0714285714285714,0.6985366031508327,Square
953.0,119.74011433124542,8,0.825,0.8352633538473007,Circle
203.5,71.35533833503723,6,1.0454545454545454,0.5022516106721867,
966.5,127.69848430156708,5,0.8918918918918919,0.7448009765271332,
213.5,285.63960921764374,8,0.7291666666666666,0.03288295838811451,
601.5,150.61017084121704,6,0.559322033898305,0.33322447576178854,
639.0,132.7106772661209,4,0.62,0.45593086252451104,Rectangle
151.5,236.20815074443817,14,0.75,0.03412186321864666,
147.0,63.94112491607666,6,0.8181818181818182,0.45182125097039166,
711.0,117.94112491607666,5,0.8787878787878788,0.6423162853139986,
299.0,87.59797883033752,5,0.9259259259259259,0.4896580299581454,
168.5,217.15432798862457,8,1.0,0.044902734569119945,
1311.0,138.56854116916656,8,0.8043478260869565,0.8579920546343514,Circle
1415.5,166.18376553058624,4,0.7708333333333334,0.6440840537581076,Rectangle
376.5,89.49747407436371,3,0.78125,0.5906813899226693,Triangle
160.5,207.63960921764374,8,1.0,0.04678046076133121,
158.0,106.76955199241638,8,0.5806451612903226,0.17416950202853326,
1744.0,224.1076453924179,4,0.6867469879518072,0.4363580570107606,Rectangle
142.5,57.69848418235779,5,1.0555555555555556,0.5378930349836903,
488.5,133.63960909843445,6,0.6808510638297872,0.343719395083928,
727.5,117.21320307254791,4,0.9393939393939394,0.6654107206196648,Square
1279.0,139.0538226366043,8,0.7346938775510204,0.8312172433840284,Circle
634.5,108.52691125869751,4,1.0,0.6769656063443945,Square
938.0,131.4558436870575,5,0.9166666666666666,0.6821076318858049,
244.5,88.18376553058624,5,0.5,0.39510401971469516,
659.5,106.38477599620819,4,1.1481481481481481,0.732260650320747,Square
655.5,127.29646360874176,4,0.625,0.5083348473473145,Rectangle
471.0,89.5979790687561,8,0.6363636363636364,0.7372832086199067,
282.0,88.42640578746796,5,0.5428571428571428,0.4532053485398569,
116.5,169.5807341337204,7,0.7297297297297297,0.0509076169103986,
873.5,130.18376553058624,4,0.972972972972973,0.6476779544461893,Square
483.5,112.32590067386627,4,0.9166666666666666,0.48155569487458944,Square
256.0,357.5046145915985,12,0.6805555555555556,0.025170191828479477,
1192.5,145.69848430156708,4,0.7777777777777778,0.7059243848628788,Rectangle
1988.0,801.7300093173981,2,0.1582089552238806,0.038866010564623465,
766.0,117.79898953437805,4,1.032258064516129,0.6936741383420534,Square
140.0,210.30865490436554,7,0.6086956521739131,0.03977622908790692,
102.5,174.61017167568207,14,0.631578947368421,0.042246880935775756,
379.0,80.97056245803833,4,1.0,0.7264316567664005,Square
885.0,128.28427076339722,4,1.0625,0.6757815259851447,Square
165.0,121.05382251739502,7,1.1142857142857143,0.14149359882481408,
388.0,101.25483274459839,3,1.0,0.47556520135538677,Triangle
136.5,150.06601476669312,8,0.5625,0.076168923324842,
512.5,95.55634891986847,5,1.1666666666666667,0.7053174660514381,
1368.0,143.05382251739502,8,0.8125,0.8400343154762269,Circle
1202.0,144.76955199241638,4,0.7391304347826086,0.7207088762147472,Rectangle
576.0,303.0193327665329,5,1.0348837209302326,0.07883002645595054,
383.0,98.42640614509583,3,1.1071428571428572,0.49680434112285005,Triangle
238.0,155.8233743906021,10,0.9302325581395349,0.12317472784067361,
131.5,138.32590079307556,3,4.142857142857143,0.08636317552402432,Triangle
549.5,402.7523070573807,2,10.38888888888889,0.042569787974273805,
157.0,54.97056245803833,5,1.0,0.6529037380491782,
168.0,160.50966584682465,7,0.6923076923076923,0.0819439254324373,
163.5,65.35533833503723,5,0.8636363636363636,0.48102260559437393,
124.0,112.22539532184601,8,0.6296296296296297,0.12372266362755314,
400.5,95.15432786941528,4,0.5945945945945946,0.5558470339702329,Rectangle
681.5,99.8406194448471,8,0.8484848484848485,0.8591345618494728,Circle
630.0,105.4558436870575,4,1.0714285714285714,0.7118838038353043,Square
954.0,119.74011433124542,8,0.825,0.8361398106719042,Circle
203.5,72.52691113948822,5,1.0454545454545454,0.48615629584950665,
969.5,126.87005722522736,5,0.8918918918918919,0.7569015697411561,
219.0,285.39696860313416,8,0.7291666666666666,0.033787438416871575,
608.0,154.02438473701477,5,0.55,0.32205828654032637,
634.5,132.46803653240204,5,0.6326530612244898,0.4543800888485824,
158.5,238.55129623413086,13,0.75,0.03500060642488128,
149.0,63.94112467765808,6,0.8181818181818182,0.45796848229002357,
709.5,114.87005722522736,4,0.8484848484848485,0.6756917074086912,Square
295.5,87.84061968326569,5,0.8928571428571429,0.48125645474102696,
173.0,217.7401144504547,8,1.0,0.04585419498927541,
1308.5,137.98275470733643,8,0.8043478260869565,0.8636424265684103,Circle
1427.5,165.35533845424652,4,0.7551020408163265,0.6560690339597228,Rectangle
371.5,90.66904640197754,3,0.78125,0.567872170457154,Triangle
155.0,207.39696860313416,8,1.0,0.04528316291708078,
153.0,97.4558436870575,7,0.45161290322580644,0.2024349634929676,
1748.5,223.52185881137848,3,0.6785714285714286,0.4397800252722034,Triangle
139.5,57.69848418235779,5,1.0555555555555556,0.5265689710892968,
485.0,135.88224947452545,7,0.6808510638297872,0.3300852719257377,
731.0,116.62741661071777,4,0.9393939393939394,0.6753453741220132,Square
1286.0,139.88224983215332,8,0.72,0.8258964798306976,Circle
631.0,109.11269783973694,5,1.0,0.6660220925777429,
938.0,131.4558436870575,5,0.9166666666666666,0.6821076318858049,
246.5,88.18376517295837,5,0.5,0.3983359576671782,
658.5,106.38477599620819,4,1.1481481481481481,0.7311503233301166,Square
655.5,128.46803617477417,4,0.625,0.49910553871161417,Rectangle
472.5,88.18376553058624,8,0.5882352941176471,0.7635445779762514,
120.5,225.23758780956268,13,0.6976744186046512,0.029847995855639662,
282.0,89.25483286380768,5,0.5428571428571428,0.44483145563199994,
351.5,101.1543276309967,4,0.7297297297297297,0.43168430395930873,Rectangle
875.0,128.76955199241638,4,0.972972972972973,0.6631191158803993,Square
470.5,111.49747407436371,4,0.8888888888888888,0.475597358979732,Square
280.0,385.1614691019058,14,0.6805555555555556,0.023718227274567506,
1191.0,145.4558436870575,4,0.7555555555555555,0.7073905895621048,Rectangle
1978.5,809.4873689413071,2,0.1582089552238806,0.03794248451930368,
762.0,119.4558436870575,4,1.032258064516129,0.6710425134130014,Square
137.5,209.72286891937256,8,0.6086956521739131,0.039284477579276306,
112.0,175.19595789909363,13,0.6052631578947368,0.04585426355020707,
380.0,80.97056245803833,4,1.0,0.7283483629847816,Square
881.0,124.97056245803833,4,1.03125,0.7088760825162659,Square
167.0,122.36753034591675,6,1.0833333333333333,0.1401502720156475,
398.0,102.08326077461243,3,0.967741935483871,0.47993659739322375,Triangle
138.5,156.06601428985596,8,0.5833333333333334,0.07145670051473124,
512.0,95.4558436870575,5,1.1666666666666667,0.7061139377642935,
1367.5,142.46803653240204,8,0.8125,0.8466468971270993,Circle
1201.5,144.5269113779068,4,0.717391304347826,0.7228300446494743,Rectangle
586.0,299.36247861385345,7,1.0470588235294118,0.08216989804214853,
377.5,99.49747383594513,3,1.1071428571428572,0.47918444413705086,Triangle
230.5,135.4385986328125,6,0.9302325581395349,0.15790500316185133,
130.5,163.29646337032318,5,4.4,0.061498824926243784,
637.5,503.66399443149567,2,10.80952380952381,0.03157971761609729,
157.0,54.14213538169861,5,1.0,0.6730367139189722,
178.0,159.6812390089035,7,0.6923076923076923,0.0877247377955902,
164.5,65.35533833503723,5,0.8636363636363636,0.48396463987935484,
230.5,72.18376541137695,6,0.6296296296296297,0.5559064689320141,
398.0,95.74011540412903,4,0.5945945945945946,0.5456385458177473,Rectangle
678.5,100.18376553058624,8,0.8181818181818182,0.8495031893450243,Circle
634.5,106.04163014888763,4,1.0714285714285714,0.7090693280228548,Square
956.5,119.154327750206,8,0.825,0.8465940206925652,Circle
202.0,69.94112467765808,5,1.0,0.5189147435869491,
979.0,128.28427076339722,5,0.918918918918919,0.7475594507790472,
222.0,285.8822498321533,8,0.75,0.03413409996120595,
606.5,154.61017107963562,5,0.55,0.3188339413006394,
636.5,132.46803641319275,4,0.62,0.4558123358119051,Rectangle
1069.5,125.98275518417358,9,0.75,0.8467758219009673,Circle
146.0,63.94112455844879,6,0.8181818181818182,0.4487476420379755,
718.0,117.11269783973694,5,0.8787878787878788,0.6578491790095541,
292.5,87.84061968326569,7,0.8928571428571429,0.47637060240863077,
177.5,220.32590091228485,8,1.0294117647058822,0.04594911087977707,
1306.0,139.39696848392487,8,0.8043478260869565,0.844590870668649,Circle
467.0,84.76955199241638,8,0.6451612903225806,0.8166706891624665,Circle
1419.0,165.94112491607666,4,0.7551020408163265,0.6475662406989162,Rectangle
375.5,90.66904711723328,3,0.78125,0.5739865320117793,Triangle
161.5,207.9827550649643,8,1.0,0.04691673021144163,
156.5,109.01219260692596,10,0.42424242424242425,0.16549087650284147,
1741.5,223.521857380867,4,0.6987951807228916,0.43801940166689846,Rectangle
139.0,58.28427064418793,5,1.0555555555555556,0.5141879940253128,
484.0,136.7106761932373,6,0.6666666666666666,0.3254245873867496,
733.0,119.11269783973694,4,0.9117647058823529,0.6492287088785159,Square
1290.0,139.88224983215332,8,0.72,0.828465364682426,Circle
631.0,109.11269772052765,4,1.0,0.6660220940330459,Square
936.0,131.4558436870575,5,0.918918918918919,0.6806532446109952,
248.5,88.18376541137695,5,0.5,0.4015678902435819,
656.5,106.38477599620819,4,1.1481481481481481,0.7289296693488558,Square
655.5,129.2964631319046,5,0.6122448979591837,0.4927303003727188,
470.5,89.01219260692596,8,0.6176470588235294,0.7462262012767011,
912.5,119.15432751178741,8,0.6976744186046512,0.8076498138771137,Circle
283.5,88.18376529216766,5,0.5428571428571428,0.4581267492629853,
349.0,100.91168761253357,4,0.7027027027027027,0.43067766772688365,Rectangle
877.5,129.35533845424652,4,0.972972972972973,0.6590043418021402,Square
476.5,111.49747407436371,4,0.8888888888888888,0.48166236249488276,Square
2699.0,200.994948387146,8,0.684931506849315,0.8395420698848794,Circle
1192.5,144.04163014888763,4,0.7333333333333333,0.7222577261409322,Rectangle
2006.0,806.9015822410583,2,0.15680473372781065,0.038716818143699254,
764.0,117.79898953437805,4,1.032258064516129,0.6918629787119176,Square
149.0,211.13708245754242,8,0.6086956521739131,0.04200172240388734,
120.5,190.6101714372635,14,0.6052631578947368,0.0416777981507879,
379.5,81.55634891986847,4,1.0,0.7169784357784685,Square
880.0,125.79898953437805,4,1.03125,0.698776402853153,Square
167.0,120.36753118038177,7,1.0555555555555556,0.14484637449389753,
397.5,101.49747550487518,3,0.967741935483871,0.4848825067410543,Triangle
156.0,213.13708329200745,7,0.5833333333333334,0.043153539792056175,
515.0,93.79898953437805,4,1.125,0.7355645207240284,Square
1367.5,142.46803629398346,8,0.8125,0.8466468999608066,Circle
1198.5,142.87005722522736,4,0.717391304347826,0.7378455545271657,Rectangle
574.5,309.26197266578674,6,1.0348837209302326,0.07548260043321917,
384.0,96.42640614509583,3,1.0714285714285714,0.5189782137851028,Triangle
231.0,140.02438521385193,8,0.8666666666666667,0.14805207372782359,
119.5,137.63960921764374,7,4.416666666666667,0.07926672359674868,
638.5,502.3502860069275,2,10.857142857142858,0.031794899598301625,
156.0,52.97056245803833,5,1.0,0.6986590572328732,
180.0,159.33809435367584,7,0.6923076923076923,0.08909290737429447,
165.5,65.35533833503723,5,0.8181818181818182,0.4869066741643357,
232.0,72.7695517539978,6,0.6296296296296297,0.5505521327827647,
398.5,95.49747443199158,4,0.5945945945945946,0.5491037597552111,Rectangle
686.5,99.01219272613525,8,0.8181818181818182,0.8799805001950053,Circle
632.0,106.62741661071777,4,1.1071428571428572,0.6985366031508327,Square
956.5,119.15432786941528,8,0.8,0.8465940189985961,Circle
201.0,69.94112491607666,5,1.0,0.516345855197419,
978.5,133.8406196832657,5,0.918918918918919,0.6864277250915117,
225.0,288.71067678928375,8,0.75,0.03392084735481019,
604.0,155.19595766067505,5,0.55,0.31512727381152894,
637.0,131.88224983215332,4,0.62,0.46023177718120245,Rectangle
1062.0,124.56854152679443,9,0.7272727272727273,0.8600379620716799,Circle
147.5,64.52691102027893,6,0.8181818181818182,0.4451640998578163,
713.5,116.87005722522736,5,0.8787878787878788,0.6564434633011585,
298.0,87.25483322143555,5,0.8928571428571429,0.49186638439906516,
177.0,218.56854152679443,8,1.0,0.04655944789554264,
1310.5,137.982754945755,8,0.8043478260869565,0.8649624731422585,Circle
468.5,85.35533833503723,8,0.6451612903225806,0.8080869307255922,Circle
1438.5,167.35533845424652,4,0.7755102040816326,0.6454172809174161,Rectangle
372.0,90.08326053619385,3,0.78125,0.5760558747355907,Triangle
169.0,209.39696860313416,8,1.0,0.04843460789616752,
155.5,102.5269113779068,8,0.5,0.18589363016200225,
1738.0,222.9360716342926,4,0.6987951807228916,0.43943935428355274,Rectangle
139.5,58.870057225227356,6,1.0555555555555556,0.5058190198415535,
489.0,135.88224971294403,6,0.6666666666666666,0.3328076235160017,
737.5,118.87005722522736,5,0.9117647058823529,0.6558838618187426,
1293.0,139.88224983215332,8,0.72,0.8303920283212224,Circle
633.0,108.76955187320709,4,1.032258064516129,0.672355397330169,Square
956.0,130.62741661071777,4,0.8918918918918919,0.7040428305583137,Square
247.0,87.59797930717468,5,0.5,0.40450010730078473,
659.5,107.21320307254791,4,1.1851851851851851,0.7209881416215812,Square
657.0,127.88224911689758,5,0.6122448979591837,0.5048410972927225,
474.5,89.84061980247498,9,0.6176470588235294,0.7387552869204946,
127.5,226.0660148859024,14,0.6744186046511628,0.03135086237834484,
280.5,89.01219248771667,5,0.5428571428571428,0.4448808714532783,
351.5,101.49747407436371,4,0.7027027027027027,0.4287703293679413,Rectangle
878.5,130.18376553058624,4,0.972972972972973,0.6513853268242442,Square
475.0,112.56854140758514,4,0.9166666666666666,0.471052589996954,Square
2699.5,201.58073377609253,8,0.6944444444444444,0.8348244352203605,Circle
1199.5,145.69848430156708,4,0.7555555555555555,0.7100681758012771,Rectangle
1970.5,822.3157960176468,2,0.15634218289085547,0.036619215631585,
769.0,116.97056245803833,4,1.032258064516129,0.7062899837530282,Square
575.0,120.22539556026459,4,0.6086956521739131,0.49990246635255303,Rectangle
667.5,102.18376541137695,8,0.6052631578947368,0.8033361855153859,Circle
379.0,80.97056245803833,4,1.0,0.7264316567664005,Square
880.0,129.94112491607666,4,1.0625,0.6549366465948953,Square
175.0,130.36753058433533,8,0.975,0.12939247923259095,
391.5,100.6690468788147,3,0.967741935483871,0.4854558253031957,Triangle
161.0,206.65180134773254,7,0.5625,0.04737588648410337,
513.5,95.21320307254791,5,1.1666666666666667,0.7117966847338231,
1365.5,142.46803605556488,8,0.8125,0.8454086623516699,Circle
1204.0,143.94112491607666,4,0.7391304347826086,0.7302415934885691,Rectangle
572.5,302.4335466623306,6,1.0229885057471264,0.07865483603126568,
381.0,97.25483322143555,3,1.0714285714285714,0.5061887081047577,Triangle
238.5,147.43859815597534,9,0.975609756097561,0.13787193202077755,
121.5,136.46803617477417,3,4.153846153846154,0.08198308526748548,Triangle
539.0,407.82337474823,2,10.444444444444445,0.04072437247667186,
154.5,54.38477599620819,5,1.0714285714285714,0.6564228035375206,
178.0,162.16652071475983,8,0.6666666666666666,0.08505649224270957,
117.5,112.46803736686707,8,0.6666666666666666,0.11673188472685044,
393.5,95.15432858467102,4,0.5945945945945946,0.5461318466393303,Rectangle
689.5,99.8406194448471,8,0.8484848484848485,0.8692197804771995,Circle
641.0,106.62741661071777,4,1.0714285714285714,0.7084841180691198,Square
965.0,118.91168713569641,8,0.8,0.8576065620313158,Circle
203.5,72.18376564979553,3,1.0454545454545454,0.4907894389603555,Triangle
981.0,129.94112491607666,5,0.918918918918919,0.7301055117154457,
231.5,290.9533175230026,8,0.7708333333333334,0.03436483257636432,
604.0,155.1959581375122,5,0.55,0.31512727187508166,
635.5,130.46803605556488,4,0.62,0.4691558856185731,Rectangle
1071.0,125.39696872234344,8,0.75,0.8559043988532564,Circle
148.0,62.76955163478851,6,0.8181818181818182,0.4720342663167073,
712.5,114.04163014888763,4,0.8484848484848485,0.6884428589153732,Square
293.0,89.25483322143555,4,0.9629629629629629,0.4621830335309,Square
183.5,217.15432798862457,8,1.0294117647058822,0.04890001064352232,
1313.5,140.4680359363556,9,0.8260869565217391,0.8365365502710056,Circle
470.0,84.76955187320709,8,0.6451612903225806,0.8219169699912525,Circle
1467.0,168.42640602588654,4,0.8125,0.6498597135605337,Square
371.5,89.49747407436371,3,0.78125,0.5828370155545064,Triangle
177.0,208.56854152679443,8,1.0606060606060606,0.05113114544347519,
163.5,94.04163002967834,10,0.5,0.232320388178769,
1730.0,224.10764503479004,4,0.6987951807228916,0.432855184081383,Rectangle
138.5,58.870057225227356,5,1.0555555555555556,0.5021930770469905,
489.5,136.95331692695618,6,0.6666666666666666,0.3279574115505895,
734.5,118.04163014888763,4,0.9696969696969697,0.6624166915352008,Square
1293.0,139.0538226366043,8,0.7,0.8403157902232593,Circle
639.0,109.11269783973694,4,1.032258064516129,0.6744661127689029,Square
956.5,132.87005722522736,5,0.8918918918918919,0.6808329944062528,
248.5,88.18376576900482,5,0.5,0.40156788698647744,
661.0,107.79898953437805,4,1.1481481481481481,0.7147957202900499,Square
654.0,125.88224959373474,4,0.6122448979591837,0.5186311783156082,Rectangle
472.0,89.59797894954681,8,0.6176470588235294,0.738848567716797,
915.0,118.91168713569641,8,0.6744186046511628,0.8131709888690714,Circle
275.5,89.01219272613525,5,0.5428571428571428,0.43695072880142877,
349.5,101.49747359752655,4,0.7027027027027027,0.42633067289371607,Rectangle
873.5,129.35533845424652,4,0.972972972972973,0.6560003334064609,Square
481.0,113.74011397361755,5,0.9166666666666666,0.4672266669854278,
2698.0,200.99494755268097,8,0.6944444444444444,0.8392310201397477,Circle
1204.0,146.28427076339722,4,0.7555555555555555,0.7070352862532386,Rectangle
1994.5,815.9726498126984,2,0.15634218289085547,0.03764373439497562,
776.0,117.79898953437805,4,1.032258064516129,0.702729936492733,Square
144.0,213.96550965309143,8,0.6086956521739131,0.03952617699524433,
669.0,102.42640578746796,8,0.631578947368421,0.8013313158432767,Circle
378.0,81.79898953437805,4,1.0434782608695652,0.7099140740644627,Square
884.0,126.62741661071777,4,1.0625,0.6927980165166219,Square
168.0,128.36753058433533,7,0.95,0.12811759344184917,
385.5,99.01219367980957,3,0.9666666666666667,0.494147816883141,Triangle
509.5,123.98275470733643,5,0.5625,0.4165158085668931,
513.0,93.79898953437805,5,1.1666666666666667,0.7327079594784982,
1366.5,142.46803629398346,8,0.8125,0.8460277797414569,Circle
1205.0,143.94112491607666,4,0.7391304347826086,0.7308481064399716,Rectangle
586.5,299.6051195859909,6,1.0348837209302326,0.082106855509034,
376.5,97.84061968326569,4,1.0714285714285714,0.49423836605754545,Square
135.5,141.15432798862457,3,4.142857142857143,0.08545958149707301,Triangle
313.0,245.27921843528748,10,1.11864406779661,0.06537816008856091,
525.0,407.3380935192108,2,10.5,0.03976116627053083,
151.0,54.97056245803833,5,1.1428571428571428,0.6279520028371077,
172.0,157.68123960494995,7,0.6842105263157895,0.08693171749304049,
114.0,98.2253954410553,9,0.6923076923076923,0.14847972125812092,
391.5,95.49747371673584,4,0.5945945945945946,0.5394582814664639,Rectangle
689.0,100.42640602588654,8,0.8484848484848485,0.858486053627604,Circle
641.0,110.28427076339722,4,1.1071428571428572,0.6622786302281816,Square
963.0,118.08326029777527,8,0.8205128205128205,0.8678795996527933,Circle
212.0,72.7695517539978,6,1.0909090909090908,0.5030907420256299,
969.5,130.5269113779068,5,0.9444444444444444,0.7150848126269413,
201.5,238.81118214130402,8,0.75,0.04439924628447358,
601.5,151.78174471855164,5,0.5423728813559322,0.3281001389443152,
638.5,130.46803653240204,4,0.62,0.47137062278176595,Rectangle
1070.0,125.39696860313416,8,0.7674418604651163,0.8551052367079723,Circle
147.5,62.52691125869751,8,0.7727272727272727,0.4740977923140441,
713.5,116.87005722522736,4,0.8787878787878788,0.6564434633011585,Square
115.0,126.36753070354462,9,1.0,0.09049752584267401,
181.5,217.9827550649643,8,1.0,0.04800010847250975,
1313.0,138.2253955602646,8,0.8043478260869565,0.8635727052721018,Circle
470.5,84.52691102027893,8,0.6451612903225806,0.8275218985693512,Circle
1488.0,171.25483298301697,4,0.8333333333333334,0.6375688965794882,Square
369.5,89.49747431278229,4,0.78125,0.5796992627186384,Rectangle
170.5,210.46803617477417,8,1.0294117647058822,0.04836842543491737,
1729.5,222.6934323310852,4,0.6867469879518072,0.4382436301171168,Rectangle
137.5,58.870057106018066,5,1.0555555555555556,0.4985671362715806,
500.5,133.29646289348602,6,0.6956521739130435,0.3539783456939322,
156.5,213.9827550649643,11,1.0,0.042950344957270535,
1286.5,140.46803617477417,8,0.72,0.8193408970463131,Circle
633.5,110.18376529216766,4,1.032258064516129,0.6557242793854174,Square
937.5,135.35533845424652,4,0.9444444444444444,0.643028707565897,Square
249.5,88.18376564979553,5,0.5,0.4031838554286062,
666.5,108.04163014888763,4,1.1481481481481481,0.7175096745119598,Square
654.0,125.88225066661835,4,0.625,0.5186311694751103,Rectangle
1387.0,209.33809328079224,12,0.7619047619047619,0.39773132478730383,
277.5,88.18376541137695,4,0.5428571428571428,0.44843094383337617,Rectangle
346.0,100.91168677806854,5,0.7027027027027027,0.4269755744927815,
862.0,127.94112491607666,4,1.0,0.6617543427383954,Square
476.5,113.63960886001587,6,0.9166666666666666,0.4636746027019362,
2695.0,201.33809292316437,8,0.6712328767123288,0.8354428225012072,Circle
1208.0,149.5979790687561,4,0.7777777777777778,0.6783055101200359,Rectangle
2158.0,917.1858531236649,6,0.15497076023391812,0.03223640545218543,
771.5,120.87005722522736,4,1.064516129032258,0.6636029973598955,Square
570.0,120.2253954410553,3,0.6086956521739131,0.49555548936700444,Triangle
668.0,102.42640602588654,8,0.631578947368421,0.8001335074608615,Circle
389.5,82.38477599620819,4,1.0434782608695652,0.7211463266129442,Square
887.0,125.79898953437805,4,1.0625,0.7043348515122122,Square
407.5,101.49747455120087,3,0.967741935483871,0.49708081813861527,Triangle
514.5,125.982754945755,5,0.5625,0.4073549901982402,
179.0,141.19595754146576,7,0.9090909090909091,0.11282838428175586,
515.5,94.38477599620819,4,1.125,0.7271677920847716,Square
1365.5,141.6396096944809,8,0.7916666666666666,0.8553268902264363,Circle
1204.5,144.5269112586975,5,0.7391304347826086,0.7246348649326309,
596.0,299.01933240890503,6,1.0348837209302326,0.08376403482320588,
380.5,97.8406195640564,3,1.1071428571428572,0.4994892396896577,Triangle
224.0,140.0243854522705,8,0.8863636363636364,0.14356564676232633,
126.5,158.1248903274536,5,5.0,0.0635769829994102,
515.0,380.85281229019165,2,9.88888888888889,0.04461724593937669,
174.0,159.68123877048492,7,0.7105263157894737,0.08575339562929259,
401.5,93.4974752664566,4,0.5526315789473685,0.5771592312491537,Rectangle
130.5,167.7817440032959,10,0.7647058823529411,0.05825469958825134,
963.5,119.49747395515442,8,0.8461538461538461,0.8478990199136199,Circle
102.5,101.15432739257812,10,1.1428571428571428,0.12588233674085528,
963.0,133.5979789495468,6,0.9459459459459459,0.6780104298079319,
603.5,152.61017155647278,5,0.559322033898305,0.32562682698209994,
646.0,131.0538226366043,4,0.62,0.4726536278754343,Rectangle
157.0,230.30865621566772,14,0.7441860465116279,0.03719537946634975,
119.5,204.18376553058624,10,0.90625,0.03601930691026412,
122.0,122.71067678928375,8,0.9642857142857143,0.10181341200632789,
165.0,223.0538226366043,8,1.0588235294117647,0.04167489049112826,
238.5,271.5218588113785,12,0.8043478260869565,0.04065263036237881,
105.0,160.02438485622406,12,0.6774193548387096,0.051526047585364845,
207.5,237.9827550649643,6,0.8333333333333334,0.04604017748897996,
370.5,89.497474193573,4,0.78125,0.581268139132393,Rectangle
150.5,177.8406196832657,7,1.0909090909090908,0.059797694209464125,
1730.5,221.52185928821564,4,0.6867469879518072,0.443147488032497,Rectangle
141.5,57.69848430156708,5,1.0555555555555556,0.5341183448118374,
179.5,164.40916085243225,7,0.7021276595744681,0.08344922189407665,
1289.0,139.8822499513626,8,0.72,0.8278231420585327,Circle
630.0,111.5979790687561,6,1.064516129032258,0.635678837412287,
171.0,241.88224983215332,9,0.9444444444444444,0.03672805883481143,
251.0,87.5979791879654,5,0.5,0.41105071744467025,
137.5,199.63960909843445,11,1.1071428571428572,0.043352998480015205,
646.5,125.63960886001587,3,0.625,0.5146657193084115,Triangle
126.0,189.6812390089035,14,0.55,0.04400800218527303,
111.5,171.92387974262238,12,0.6046511627906976,0.047403709181483934,
275.0,89.59797894954681,4,0.5428571428571428,0.43047321212313383,Rectangle
347.5,101.15432798862457,4,0.7297297297297297,0.42677181953100046,Rectangle
874.5,130.18376553058624,4,1.0277777777777777,0.6484194289218004,Square
158.5,149.0954533815384,7,0.9444444444444444,0.08960047883988777,
312.5,358.9188268184662,13,0.684931506849315,0.030483680887904062,
189.0,267.0538227558136,9,0.7954545454545454,0.03330228782669403,
2132.0,908.3574259281158,6,0.15680473372781065,0.03247009224910017,
119.0,186.9116872549057,6,1.064516129032258,0.04280395606716632,
571.5,118.81118190288544,3,0.6222222222222222,0.508758251945017,Triangle
132.0,187.19595801830292,13,0.6052631578947368,0.04733592422022625,
110.5,131.01219260692596,9,1.0869565217391304,0.08090003546931589,
108.5,91.69848430156708,7,1.8888888888888888,0.16214937826782058,
143.0,139.8822499513626,5,1.0666666666666667,0.09183763329276197,
178.0,137.19595754146576,7,0.8863636363636364,0.11883578409513576,
163.0,203.96551024913788,7,0.5625,0.04923613979208812,
121.0,168.08326029777527,10,1.1666666666666667,0.053820323941242414,
210.5,273.1787133216858,13,0.8163265306122449,0.03544608330944752,
106.0,174.56854152679443,6,0.9166666666666666,0.04371029748721145,
600.0,299.01933193206787,5,1.0229885057471264,0.08432620982250792,
114.5,146.95331752300262,6,1.1428571428571428,0.06662796684495319,
229.5,148.2670258283615,9,0.9512195121951219,0.13119080656140633,
595.5,449.52185904979706,2,9.619047619047619,0.037033094169591094,
196.5,132.2670248746872,7,0.7894736842105263,0.1411462190135694,
115.5,100.81118190288544,9,0.7037037037037037,0.14281520099588604,
403.5,96.32590067386627,5,0.5526315789473685,0.5464711588840221,
665.5,100.66904675960541,8,0.8235294117647058,0.8252129055029847,Circle
134.0,166.42640602588654,6,1.1428571428571428,0.06079532619284753,
199.5,223.23758840560913,12,0.8205128205128205,0.05030580690925394,
192.5,74.18376576900482,9,1.1428571428571428,0.43956473891323355,
962.5,128.87005722522736,5,0.9444444444444444,0.7282937105603804,
645.0,160.02438521385193,5,0.576271186440678,0.31651714803822917,
191.5,224.69343268871307,8,0.6530612244897959,0.047664811968490386,
697.5,114.04163014888763,4,0.875,0.6739493250434706,Square
124.0,136.3675309419632,7,0.9285714285714286,0.08379335792480046,
173.0,223.0538227558136,8,1.0588235294117647,0.04369549119550788,
185.5,249.86500418186188,13,0.7608695652173914,0.037337300131562445,
1370.5,175.8406196832657,6,0.8333333333333334,0.5569939689513812,
371.0,90.91168713569641,3,0.8125,0.5640847239702383,Triangle
159.0,207.74011433124542,8,1.0909090909090908,0.04629842910309947,
158.5,96.87005722522736,10,0.6,0.2122560207086199,
1735.0,223.27921903133392,4,0.6867469879518072,0.4373334883559395,Rectangle
136.5,57.69848430156708,4,1.0,0.515244905065836,Square
188.5,168.40916121006012,7,0.7446808510638298,0.08351986679224509,
730.5,121.69848430156708,5,1.0,0.6198116651939152,
630.0,110.76955187320709,4,1.032258064516129,0.6452226670268817,Square
942.0,133.4558436870575,4,0.9444444444444444,0.6646386251150914,Square
250.0,89.25483322143555,5,0.5277777777777778,0.3943541241731229,
654.0,108.28427076339722,4,1.1071428571428572,0.7009012912468279,Square
658.0,126.71067667007446,3,0.625,0.5150025000269365,Triangle
277.0,88.42640614509583,4,0.5428571428571428,0.4451697891138318,Rectangle
346.0,102.5685418844223,4,0.7297297297297297,0.41329257169106404,Rectangle
872.5,130.18376553058624,4,1.0277777777777777,0.6469364799705783,Square
165.0,178.99494802951813,7,0.9444444444444444,0.0647160886235451,
236.0,332.53405153751373,11,0.6575342465753424,0.026819434697769467,
1177.5,148.5269113779068,4,0.7954545454545454,0.6707496888310281,Rectangle
1850.5,762.1736606359482,2,0.16825396825396827,0.040030506107965255,
761.0,122.62741661071777,5,1.064516129032258,0.6359447152031213,
568.5,119.1543276309967,3,0.6222222222222222,0.5031768967347043,Triangle
117.5,177.4385985136032,12,0.631578947368421,0.046897698845927,
371.0,86.62741661071777,5,1.1363636363636365,0.6212595065285099,
144.5,201.01219260692596,6,1.15625,0.044939983589538886,
380.5,98.66904783248901,3,0.9666666666666667,0.49113699723521065,Triangle
168.0,122.22539556026459,6,0.9736842105263158,0.14131759663183668,
111.5,144.95331728458405,9,1.2424242424242424,0.06668503968645423,
112.5,125.35533845424652,6,1.2142857142857142,0.08996564933584646,
152.0,152.6518030166626,6,0.5625,0.08196898841659984,
579.5,296.7766914367676,6,1.0470588235294118,0.08268062037425618,
106.0,138.36753070354462,6,1.1851851851851851,0.06957406010506294,
232.5,137.7817440032959,6,0.9302325581395349,0.153903843576693,
115.0,128.911687374115,3,4.333333333333333,0.08696071826296067,Triangle
619.0,489.4213538169861,2,10.090909090909092,0.032473917648169856,
149.0,54.14213538169861,8,1.0714285714285714,0.6387418495154578,
180.0,126.02438485622406,7,0.7567567567567568,0.14242072643273143,
117.0,110.22539520263672,9,0.6296296296296297,0.12101310281231911,
106.5,133.09545290470123,6,0.7222222222222222,0.07554975059075855,
672.5,99.84061980247498,9,0.7941176470588235,0.8477886848197427,Circle
628.0,103.79898953437805,4,1.0714285714285714,0.7324588929839781,Square
199.0,70.76955187320709,5,1.0454545454545454,0.4993097530965374,
956.5,128.87005722522736,5,0.9722222222222222,0.7237536978192247,
106.5,126.26702511310577,6,0.7142857142857143,0.08394205070493375,
207.0,289.8822498321533,8,0.7659574468085106,0.030955438676218437,
161.5,151.722869515419,6,0.7272727272727273,0.08816176881270311,
704.5,116.5269113779068,5,0.8787878787878788,0.6519861808762585,
284.5,89.49747383594513,5,0.8928571428571429,0.44634490392657,
168.5,216.6690467596054,8,1.0303030303030303,0.045104100264541966,
184.5,242.2081503868103,13,0.7608695652173914,0.039521073081381974,
1405.5,169.35533845424652,5,0.7755102040816326,0.6158046042736898,
371.0,88.08326065540314,4,0.8064516129032258,0.6008928104329262,Square
162.5,206.81118202209473,8,1.0,0.04774360360459676,
142.0,141.19595777988434,8,0.8648648648648649,0.089506315720124,
173.5,103.35533821582794,8,0.6129032258064516,0.20410024130560062,
1785.0,224.93607330322266,4,0.7108433734939759,0.44333280188871704,Rectangle
720.5,116.87005722522736,4,0.9393939393939394,0.6628836934947228,Square
623.5,110.18376541137695,6,1.0,0.645373460634791,
938.0,132.28427076339722,4,0.9166666666666666,0.6735910177913967,Square
245.0,89.25483298301697,5,0.5,0.3864670437543313,
649.0,107.79898953437805,4,1.1481481481481481,0.701819096018521,Square
647.0,125.88224959373474,3,0.625,0.5130800800767562,Triangle
282.5,88.18376541137695,6,0.5588235294117647,0.45651078065920275,
115.5,145.43859791755676,7,0.7027027027027027,0.0686171206471319,
869.5,128.18376553058624,4,1.0,0.6649873744350725,Square
462.5,117.63960874080658,6,0.9444444444444444,0.41996631570079723,
246.0,355.5046144723892,12,0.6712328767123288,0.024459889265994017,
1182.0,147.11269783973694,4,0.7727272727272727,0.6863205782991751,Rectangle
1743.0,724.4163010120392,2,0.17966101694915254,0.04173792193213289,
762.0,118.62741661071777,5,1.064516129032258,0.6804476051511689,
145.0,211.48022878170013,8,0.6222222222222222,0.04074162275602046,
380.0,82.97056245803833,5,1.0454545454545454,0.6936579886274508,
153.0,213.25483322143555,8,1.1935483870967742,0.04227693840272049,
385.5,99.8406195640564,4,0.9666666666666667,0.4859814714630631,Square
167.5,130.12489008903503,7,1.0,0.12430938676250065,
154.0,149.48022890090942,7,0.5833333333333334,0.08660901041370662,
177.0,261.2792180776596,14,0.7916666666666666,0.032581674076291346,
210.5,266.1248903274536,10,0.7608695652173914,0.03735003157145334,
572.0,297.7056237459183,7,1.035294117647059,0.0811020469271565,
345.0,94.42640614509583,4,1.1111111111111112,0.48623032076799655,Square
296.0,206.30865585803986,12,1.0227272727272727,0.08739099336707608,
122.5,142.81118214130402,3,4.833333333333333,0.07547819824847453,Triangle
625.0,491.4213536977768,2,10.090909090909092,0.03252234357598104,
152.5,53.55634891986847,6,1.1428571428571428,0.668125093068042,
191.0,135.3380936384201,8,0.7948717948717948,0.13103976988439914,
157.5,65.35533821582794,5,0.9047619047619048,0.46337040157488024,
227.5,73.84062016010284,8,0.6666666666666666,0.5243250343721526,
668.5,99.8406194448471,8,0.7941176470588235,0.8427460815794167,Circle
640.5,104.38477599620819,4,1.0714285714285714,0.73867716027011,Square
146.5,209.5807340145111,12,0.8205128205128205,0.041912616597016984,
200.5,69.35533821582794,5,1.0,0.5237987444737395,
961.0,125.79898953437805,5,0.9166666666666666,0.7630955944794091,
103.5,128.26702523231506,7,0.7428571428571429,0.07905332995825108,
211.0,289.5391038656235,8,0.75,0.03162844696475293,
163.0,182.79393708705902,6,0.7674418604651163,0.06130189424313353,
710.5,114.87005722522736,4,0.8484848484848485,0.6766440565382312,Square
288.5,89.49747371673584,6,0.8928571428571429,0.452620404660303,
172.0,218.56854152679443,8,1.0606060606060606,0.04524420925442561,
187.5,252.20814990997314,13,0.782608695652174,0.03704187001291535,
1432.5,165.69848430156708,4,0.7755102040816326,0.6556429913164844,Rectangle
370.5,91.49747359752655,4,0.8387096774193549,0.5561345430049015,Square
166.0,207.39696860313416,8,1.0303030303030303,0.04849680673700265,
362.0,407.7300111055374,8,0.7317073170731707,0.027363590121346565,
465.5,135.2964630126953,7,0.6808510638297872,0.3195631275524489,
732.0,117.4558436870575,5,0.9393939393939394,0.6667633003003455,
624.0,108.7695517539978,4,1.032258064516129,0.6627958433707142,Square
951.5,132.5269113779068,5,0.918918918918919,0.6807858234026175,
251.5,88.66904640197754,4,0.5,0.401979381597124,Rectangle
650.5,106.38477599620819,4,1.1481481481481481,0.7222677074050734,Square
643.0,126.71067714691162,5,0.6458333333333334,0.503262317667144,
282.0,87.59797894954681,6,0.5588235294117647,0.4618179400413711,
340.0,98.91168701648712,4,0.7222222222222222,0.4367104283918288,Rectangle
867.0,127.94112491607666,4,1.0,0.6655928250048593,Square
469.5,110.81118142604828,5,0.9166666666666666,0.48048329184053495,
268.5,370.43354654312134,13,0.6575342465753424,0.024588584873641583,
1190.5,144.87005722522736,4,0.7555555555555555,0.7128234861440097,Rectangle
1846.0,800.8427070379257,6,0.1948529411764706,0.03616988356745107,
757.0,117.79898953437805,4,1.032258064516129,0.6855239200064418,Square
571.5,120.81118202209473,3,0.6086956521739131,0.492052940790755,Triangle
374.5,83.21320307254791,4,1.0434782608695652,0.6796373022867078,Square
883.0,130.62741661071777,5,1.125,0.650282237848317,
165.5,122.4680358171463,6,1.054054054054054,0.13866356355120404,
391.5,99.8406195640564,4,0.9354838709677419,0.49354538541579557,Square
151.5,152.0660150051117,7,0.5714285714285714,0.08233000971325903,
103.0,155.5979790687561,7,1.25,0.05346125932556334,
193.0,270.10764586925507,14,0.8125,0.033242480094787606,
216.0,261.39696860313416,9,0.7555555555555555,0.03972487337740564,
577.5,294.29140973091125,5,1.035294117647059,0.08379279592882716,
358.0,95.25483322143555,3,1.0714285714285714,0.4958140721676416,Triangle
246.5,157.58073270320892,11,0.9090909090909091,0.12474425586192223,
534.5,411.23758828639984,2,10.0,0.039716591173648154,
151.5,52.72792184352875,5,1.0714285714285714,0.6847644208320545,
181.5,143.92388010025024,8,0.7692307692307693,0.1101084821150622,
162.0,65.94112527370453,6,0.9047619047619048,0.468179259620959,
236.0,72.76955199241638,7,0.6296296296296297,0.5600444072643878,
403.0,97.39696764945984,3,0.6216216216216216,0.5338558899306487,Triangle
672.0,100.42640614509583,8,0.7941176470588235,0.837304247704132,Circle
638.5,104.38477599620819,4,1.0714285714285714,0.7363705961474867,Square
954.5,117.49747359752655,8,0.8205128205128205,0.8688178590858225,Circle
203.0,70.76955223083496,4,0.9565217391304348,0.5093461248953274,Square
964.5,126.04163014888763,5,0.9444444444444444,0.762928911728766,
215.0,287.0538227558136,8,0.7291666666666666,0.03278850793809648,
189.0,236.1076443195343,6,0.6792452830188679,0.04260411730452775,
164.0,199.96551096439362,6,0.7906976744186046,0.051539893598467966,
148.0,232.30865561962128,13,0.7441860465116279,0.03446202525318096,
711.5,114.87005722522736,4,0.8484848484848485,0.6775964056677714,Square
292.5,88.66904652118683,6,0.8928571428571429,0.46751081034197006,
169.0,216.08326029777527,8,1.0303030303030303,0.04548354650882266,
195.5,260.2081505060196,11,0.782608695652174,0.036283972911795845,
1433.5,164.5269112586975,4,0.7755102040816326,0.665477953171028,Rectangle
365.5,89.8406194448471,4,0.8064516129032258,0.5690517587336872,Square
167.0,206.911687374115,8,1.0,0.0490180793305546,
1744.5,226.35028672218323,3,0.7228915662650602,0.42787680072624973,Triangle
477.0,135.88224923610687,7,0.6808510638297872,0.32464056754866366,
731.0,115.79898953437805,5,0.9090909090909091,0.6850427927029116,
1246.5,137.63960897922516,8,0.7142857142857143,0.8268282117627578,Circle
625.0,108.7695517539978,4,1.032258064516129,0.6638580161966288,Square
955.5,130.87005722522736,5,0.8918918918918919,0.701067719819727,
246.5,87.01219248771667,4,0.5142857142857142,0.4091349344398953,Rectangle
657.5,107.21320307254791,4,1.1481481481481481,0.7188016726553292,Square
641.0,125.88224995136261,3,0.625,0.5083219929837695,Triangle
110.5,142.12488996982574,7,0.5882352941176471,0.06874353468136404,
343.0,98.91168713569641,4,0.7222222222222222,0.44056375463922537,Rectangle
868.5,127.69848430156708,4,1.0,0.6692805464188465,Square
477.0,109.74011421203613,4,0.8888888888888888,0.4977341365284935,Square
2626.0,199.3380936384201,8,0.6575342465753424,0.8304700689104965,Circle
1190.0,144.62741661071777,4,0.7333333333333333,0.714916907260125,Rectangle
2057.5,763.771639585495,6,0.20454545454545456,0.04432233702075307,
769.5,118.04163014888763,4,1.0,0.6939818163871164,Square
571.0,119.39696872234344,3,0.6086956521739131,0.5033375957613826,Triangle
110.5,181.4385986328125,12,0.6052631578947368,0.042180602250704774,
380.0,83.4558436870575,4,1.0434782608695652,0.6856144413974202,Square
881.5,126.04163014888763,4,1.0625,0.6972751018029106,Square
164.5,114.81118142604828,7,1.0571428571428572,0.15682214667755506,
399.5,101.49747407436371,3,0.9666666666666667,0.4873221808890257,Triangle
151.5,151.23758828639984,7,0.5833333333333334,0.08323443010855858,
107.5,155.35533845424652,8,1.2083333333333333,0.055971373634301866,
191.5,269.5218597650528,14,0.7916666666666666,0.033127651813567034,
1186.0,143.11269783973694,5,0.7555555555555555,0.7276762750700587,
589.5,298.2914105653763,6,1.0470588235294118,0.08325535515293468,
367.0,95.59797894954681,3,1.0714285714285714,0.504636322173759,Triangle
241.0,144.5096664428711,11,0.9302325581395349,0.14502173927468867,
535.5,394.7523070573807,2,10.222222222222221,0.04318371345892229,
152.5,52.72792184352875,5,1.0714285714285714,0.6892843179992628,
207.5,129.0954533815384,9,0.8157894736842105,0.15646098890978127,
164.5,65.35533821582794,6,0.8636363636363636,0.4839646416448749,
129.0,107.74011445045471,8,0.6296296296296297,0.13965121200676,
110.5,119.92388033866882,7,0.6666666666666666,0.09655189394706824,
668.5,99.8406194448471,8,0.7941176470588235,0.8427460815794167,Circle
644.5,105.21320307254791,4,1.0714285714285714,0.7316313409323325,Square
956.0,119.740114569664,8,0.8461538461538461,0.8378927209843986,Circle
204.0,72.76955199241638,4,1.0,0.48410618255057253,Square
968.0,127.4558436870575,5,0.9444444444444444,0.7487997954891543,
125.5,168.7523069381714,6,0.7777777777777778,0.055380153179775606,
213.0,285.39696860313416,8,0.7291666666666666,0.032861755172573726,
186.5,207.0365765094757,7,0.75,0.054675724280883936,
158.0,233.13708293437958,14,0.7441860465116279,0.03652954262893568,
714.5,114.87005722522736,4,0.8484848484848485,0.6804534530563916,Square
297.5,89.0121922492981,4,0.8928571428571429,0.47184335103871144,Square
172.5,217.49747383594513,8,1.0303030303030303,0.04582373968636485,
209.5,263.8650048971176,13,0.782608695652174,0.037812056649760346,
1433.5,165.6984841823578,4,0.7755102040816326,0.6561006837029827,Rectangle
367.5,89.49747371673584,4,0.8387096774193549,0.5765615206678036,Square
167.0,208.56854152679443,8,1.0303030303030303,0.04824238016418281,
1746.5,228.35028672218323,4,0.7317073170731707,0.4208965166079111,Rectangle
487.0,137.53910422325134,6,0.6666666666666666,0.32350905587609213,
733.0,116.62741661071777,4,0.9393939393939394,0.6771931042837697,Square
1244.0,137.3969682455063,8,0.6938775510204082,0.8280869579113249,Circle
625.0,107.94112467765808,4,1.0,0.6740870807376244,Square
956.5,130.87005722522736,5,0.8918918918918919,0.7018014379985023,
660.5,107.21320307254791,4,1.1481481481481481,0.7220813761047071,Square
640.5,125.29646289348602,4,0.625,0.5126859028387226,Rectangle
133.5,241.37972331047058,13,1.0232558139534884,0.02879317517523943,
112.5,122.95331716537476,8,0.75,0.09351513093804334,
869.5,128.5269113779068,4,0.972972972972973,0.6614412992708717,Square
474.5,112.81118154525757,4,0.8918918918918919,0.4685347263532809,Square
2622.0,198.16652035713196,8,0.6575342465753424,0.8390386834180747,Circle
2333.5,748.801077246666,5,0.20437956204379562,0.052297959957179105,
1188.5,144.04163014888763,4,0.7333333333333333,0.7198350587157215,Rectangle
768.0,117.4558436870575,4,1.0,0.6995549380200347,Square
119.0,179.19595777988434,12,0.6052631578947368,0.04656937482800824,
380.0,82.62741661071777,4,1.0434782608695652,0.6994313776637464,Square
881.0,125.79898953437805,4,1.03125,0.6995704669473043,Square
169.5,128.9533166885376,7,0.975,0.12808979575674567,
395.0,99.59797942638397,3,0.9666666666666667,0.5003868683040306,Triangle
145.5,151.2375886440277,7,0.5625,0.0799380166568973,
501.0,98.62741649150848,6,1.1666666666666667,0.6472205165199968,
1337.5,141.2964632511139,8,0.7916666666666666,0.8418623205676523,Circle
1183.0,142.28427076339722,4,0.7555555555555555,0.7343123356026618,Rectangle
549.5,298.77669155597687,7,1.0470588235294118,0.07735424168288033,
209.0,128.3675309419632,10,0.95,0.1593843861913636,
367.5,95.84061968326569,3,1.0714285714285714,0.502768408849204,Triangle
526.0,399.2792181968689,2,9.473684210526315,0.04146123127361454,
172.0,111.11269783973694,9,2.857142857142857,0.17506967517837713,
151.5,53.55634891986847,4,1.0,0.6637439449167761,Square
164.5,132.26702511310577,9,0.7837837837837838,0.11816057477876198,
177.0,66.76955235004425,6,0.8636363636363636,0.4989145863922926,
117.0,98.91168689727783,9,0.6296296296296297,0.15027976542648414,
671.5,99.01219236850739,8,0.8181818181818182,0.8607529645296544,Circle
637.0,105.79898953437805,4,1.0344827586206897,0.7151320737706154,Square
158.5,179.43859839439392,10,0.7948717948717948,0.06185964082000527,
209.0,72.76955235004425,6,1.0,0.49597152528717603,
966.0,128.28427076339722,5,0.9166666666666666,0.7376327164990394,
232.0,288.71067690849304,8,0.75,0.03497616257696526,
168.5,160.06601548194885,6,0.7906976744186046,0.08264403269319145,
143.5,198.0660148859024,12,0.6976744186046512,0.04596654245286273,
721.0,117.11269783973694,5,0.8484848484848485,0.6605978524594547,
292.5,88.66904664039612,5,0.9285714285714286,0.46751080908489934,
179.0,216.911687374115,8,1.0303030303030303,0.047807605209063124,
1282.0,137.39696884155273,8,0.8043478260869565,0.8533822112793631,Circle
1432.5,166.5269112586975,4,0.7755102040816326,0.6491359192138425,Rectangle
168.5,207.15432798862457,8,1.0303030303030303,0.049342567818941044,
123.5,185.17871367931366,4,0.7454545454545455,0.04525793096262902,Rectangle
491.5,139.29646277427673,6,0.6875,0.3183121453019636,
743.5,118.87005722522736,4,0.9117647058823529,0.661219866118285,Square
493.5,224.7523066997528,10,0.32051282051282054,0.12276899638743317,
140.0,219.9655100107193,10,0.7142857142857143,0.0363604056520236,
626.5,108.52691125869751,4,1.0,0.6684301849878065,Square
946.0,133.11269783973694,5,0.918918918918919,0.6709065461604812,
659.5,107.21320307254791,4,1.1481481481481481,0.7209881416215812,Square
862.5,126.5269113779068,4,1.0,0.6770225813934612,Square
489.5,112.32590186595917,4,0.9166666666666666,0.487531556644837,Square
292.5,384.57568204402924,13,0.6805555555555556,0.02485261525714837,
1815.0,783.9554054737091,2,0.19047619047619047,0.03711109556494661,
1186.5,144.04163014888763,4,0.7333333333333333,0.7186237250031162,Rectangle
763.5,118.04163014888763,4,0.96875,0.688570652126788,Square
108.5,152.95331692695618,9,0.6052631578947368,0.05828030330069202,
373.0,80.14213538169861,4,1.0454545454545454,0.7297882653512565,Square
882.5,125.21320307254791,4,1.0625,0.707333663190654,Square
156.0,125.53910398483276,7,1.0810810810810811,0.12438740659850113,
393.5,99.35533833503723,3,0.9666666666666667,0.5009244009921441,Triangle
502.0,92.97056245803833,5,1.125,0.7298316017298551,
203.0,264.4507911205292,13,0.8085106382978723,0.03647675202498015,
1186.0,142.28427076339722,4,0.7555555555555555,0.7361744970623474,Rectangle
192.5,138.26702535152435,9,0.8571428571428571,0.1265328699613015,
580.5,320.0904006958008,6,1.0222222222222221,0.07119783502088076,
374.5,95.8406195640564,4,1.1481481481481481,0.5123449512446797,Square
519.5,419.1787132024765,2,9.35,0.03715326418104665,
172.5,99.35533845424652,10,2.0625,0.21959201769705702,
152.0,52.97056245803833,6,1.0,0.6807447224320303,
161.0,122.02438497543335,8,0.7777777777777778,0.13587591611008537,
150.5,181.92387986183167,13,0.8484848484848485,0.057143514172034886,
651.5,105.21320307254791,4,1.0344827586206897,0.7395776859851274,Square
156.0,219.48022854328156,13,0.8205128205128205,0.04069524382290281,
215.5,73.35533857345581,7,1.0909090909090908,0.5032614755993069,
980.0,129.94112491607666,5,0.918918918918919,0.7293612655261333,
231.5,286.46803617477417,8,0.75,0.035449369697457066,
717.5,115.69848430156708,4,0.8484848484848485,0.6735602203261906,Square
121.5,124.12489032745361,7,0.9285714285714286,0.09909879790415897,
184.0,216.911687374115,8,1.0,0.049143013175796724,
227.0,263.27921760082245,13,0.782608695652174,0.04115310079090031,
1431.5,163.69848430156708,4,0.7551020408163265,0.6712926619779528,Rectangle
166.0,206.56854152679443,8,0.9705882352941176,0.0488865720809187,
506.5,142.6101713180542,6,0.6875,0.3129596234118697,
746.5,121.35533845424652,4,0.9411764705882353,0.636974291540065,Square
561.0,261.6223638057709,7,0.2857142857142857,0.10299662518591698,
632.0,108.76955187320709,4,1.032258064516129,0.6712932245065827,Square
950.0,131.4558436870575,5,0.8918918918918919,0.6908339555346639,
667.0,107.79898953437805,4,1.1481481481481481,0.7212840324258143,Square
868.0,127.11269783973694,4,0.9722222222222222,0.6750745205210287,Square
490.0,114.56854128837585,4,0.9444444444444444,0.4691105249320636,Square
278.5,338.43354547023773,12,0.6666666666666666,0.030555419891327408,
2082.5,840.7422018051147,2,0.18694362017804153,0.03702279297781889,
1190.5,144.87005722522736,4,0.7555555555555555,0.7128234861440097,Rectangle
775.0,117.79898953437805,4,1.0,0.7018243566776651,Square
374.5,80.72792184352875,4,1.0454545454545454,0.7221279266162816,Square
886.5,128.5269113779068,4,1.0625,0.6743734465826657,Square
406.0,102.42640602588654,3,0.967741935483871,0.486308688666332,Triangle
500.5,95.21320307254791,4,1.125,0.6937765155000554,Square
187.0,224.3086553812027,13,0.7916666666666666,0.04670457307576918,
1183.0,143.11269783973694,4,0.7391304347826086,0.7258356099560535,Rectangle
196.0,139.19595801830292,7,0.9285714285714286,0.12711964946017987,
565.5,287.4629831314087,5,1.2236842105263157,0.08599607247049887,
379.5,98.66904675960541,3,1.1071428571428572,0.48984624048391884,Triangle
502.5,427.46298360824585,2,8.761904761904763,0.03455802421963016,
168.0,87.94112479686737,9,3.1,0.272982692845823,
154.0,54.14213538169861,4,1.0,0.6601761397676544,Square
164.0,118.3675308227539,7,0.75,0.1470918247501205,
134.0,181.6812391281128,12,0.8181818181818182,0.05101460118928395,
644.5,106.04163014888763,4,1.0689655172413792,0.7202445735393694,Square
129.5,181.43859827518463,11,0.7692307692307693,0.04943337568325563,
984.5,128.87005722522736,5,0.918918918918919,0.7449404239446177,
215.5,282.811182141304,8,0.7659574468085106,0.03385820921522471,
108.0,140.5096663236618,5,0.7380952380952381,0.0687418498132141,
117.5,145.2375875711441,6,0.6904761904761905,0.0699986521325984,
121.0,175.68123936653137,11,0.6511627906976745,0.04926567768499515,
732.0,116.28427076339722,4,0.8787878787878788,0.6802663640691888,Square
126.0,119.88224947452545,6,0.9285714285714286,0.11017185001608969,
186.0,218.22539567947388,8,1.0,0.049080867361117345,
1243.5,136.8111822605133,8,0.782608695652174,0.8348577091770083,Circle
1438.0,167.11269783973694,4,0.7755102040816326,0.6470678902768806,Rectangle
104.0,134.1665209531784,4,0.7073170731707317,0.07260305354824911,Rectangle
170.0,207.39696860313416,8,1.0,0.049665404489701505,
201.5,224.69343149662018,8,0.7083333333333334,0.050153836624345624,
753.0,118.62741661071777,4,0.9117647058823529,0.672410822413163,Square
631.0,110.76955199241638,4,1.032258064516129,0.6462468285994453,Square
956.0,130.62741661071777,4,0.8918918918918919,0.7040428305583137,Square
101.0,153.48022878170013,6,0.6382978723404256,0.053879848017544224,
675.0,109.4558436870575,4,1.1851851851851851,0.7080040322651874,Square
870.5,127.69848430156708,4,1.0,0.6708217796863626,Square
510.0,114.56854116916656,3,0.9444444444444444,0.4882578943127085,Triangle
246.5,307.8061283826828,10,0.6527777777777778,0.0326943165331282,
2831.5,1121.8204092979431,6,0.19879518072289157,0.02827351189733424,
1190.0,146.76955199241638,4,0.7555555555555555,0.6942004458747838,Rectangle
775.5,120.04163014888763,4,1.032258064516129,0.6762821073219095,Square
382.0,81.79898953437805,5,1.0434782608695652,0.7174263923085311,
887.0,128.28427076339722,4,1.09375,0.6773087158743768,Square
416.5,105.154327750206,3,1.032258064516129,0.4733371234630748,Triangle
516.0,96.62741661071777,4,1.12,0.6944785372577702,Square
154.5,212.06601512432098,11,0.8085106382978723,0.04317140633448257,
1189.5,145.35533845424652,4,0.7391304347826086,0.7074770186319564,Rectangle
587.5,278.29140985012054,5,1.3380281690140845,0.09532748450083867,
272.0,203.62236428260803,7,1.0892857142857142,0.0824380701436589,
543.5,419.1787132024765,2,8.590909090909092,0.038869680620594524,
266.5,121.01219248771667,8,2.0526315789473686,0.22869086562204316,
157.0,52.485281229019165,4,1.0714285714285714,0.7162002350857251,Square
167.0,67.11269783973694,6,0.8636363636363636,0.4659259943542397,
155.5,118.61017155647278,7,0.75,0.13889812693884115,
638.5,98.66904652118683,8,0.8181818181818182,0.8241550093820502,Circle
651.5,107.69848430156708,4,1.0333333333333334,0.7058381070459291,Square
148.0,211.82337427139282,12,0.8157894736842105,0.041449931348792345,
980.5,128.87005722522736,5,0.918918918918919,0.7419137487838473,
219.0,284.71067678928375,8,0.75,0.0339505232011383,
120.5,141.2375876903534,5,0.7209302325581395,0.0759095345243364,
122.0,151.82337474822998,7,0.6976744186046512,0.06651083699880012,
113.0,182.5096664428711,12,0.6511627906976745,0.04263012094260852,
734.0,116.28427076339722,5,0.8529411764705882,0.6821250153371375,
128.5,122.46803605556488,6,0.9642857142857143,0.10766324983053263,
170.0,216.56854152679443,8,1.0,0.04554786678591771,
1231.0,135.39696836471558,8,0.7608695652173914,0.8438204306900206,Circle
1432.5,165.35533845424652,4,0.7755102040816326,0.6583669990524015,Rectangle
172.0,208.22539567947388,8,1.0,0.04985066072717727,
192.0,253.01933228969574,5,0.6835443037974683,0.0376880512760847,
524.0,139.53910386562347,6,0.7021276595744681,0.3381810684147858,
753.5,118.04163014888763,4,0.9117647058823529,0.6795520450262408,Square
130.5,223.7228696346283,12,0.673469387755102,0.032764203383605695,
685.0,324.73506140708923,10,0.32075471698113206,0.08162854816926149,
632.5,110.18376553058624,4,1.032258064516129,0.6546891948167345,Square
942.0,132.28427076339722,5,0.868421052631579,0.6764634741572451,
677.5,110.04163014888763,4,1.2222222222222223,0.7030806293767831,Square
867.5,126.5269113779068,4,1.0,0.6809473499812495,Square
517.0,117.39696848392487,3,0.9722222222222222,0.47139681337636485,Triangle
231.0,309.90663504600525,12,0.6438356164383562,0.030224567491863405,
2200.0,807.4701236486435,2,0.19939577039274925,0.04240134373624066,
1190.0,145.11269783973694,4,0.7555555555555555,0.7101432981294837,Rectangle
790.0,119.4558436870575,4,1.064516129032258,0.6957002435646602,Square
368.5,81.21320307254791,4,1.0,0.7020920851497278,Square
131.5,119.29646289348602,7,1.1142857142857143,0.11611290281879852,
894.0,129.11269783973694,4,1.0303030303030303,0.6739217470361563,Square
417.5,103.84061992168427,3,1.0,0.48655484273333477,Triangle
528.5,94.38477599620819,5,1.12,0.745505680148985,
143.0,216.30865585803986,13,0.7708333333333334,0.038405913925864565,
1183.5,142.5269113779068,4,0.7391304347826086,0.7321235527287092,Rectangle
614.5,282.291410446167,5,1.3066666666666666,0.09690282182246442,
546.0,435.5634891986847,2,8.304347826086957,0.0361659244194604,
570.5,369.948264837265,10,1.6,0.05238217454733249,
156.0,51.31370830535889,5,1.0714285714285714,0.7445050710005832,
166.5,66.52691102027893,7,0.8636363636363636,0.47274765622273496,
145.5,116.6101713180542,7,0.7222222222222222,0.13446213122828127,
113.0,94.56854164600372,8,0.6296296296296297,0.158779680588762,
641.0,98.08326005935669,8,0.8181818181818182,0.8372942501420595,Circle
654.0,108.28427076339722,4,1.0689655172413792,0.7009012912468279,Square
153.5,211.5807341337204,13,0.7894736842105263,0.04308895924720618,
102.5,109.49747371673584,10,1.0869565217391304,0.10742998883057735,
985.5,128.87005722522736,5,0.918918918918919,0.7456970927348102,
227.5,282.46803629398346,8,0.75,0.03583048142871331,
128.0,165.13708198070526,8,0.5454545454545454,0.058983511110947844,
130.0,175.13708245754242,8,0.6976744186046512,0.05325948896207802,
139.0,226.30865621566772,12,0.7619047619047619,0.034105336005226326,
739.0,116.62741661071777,4,0.8787878787878788,0.6827362947690394,Square
326.0,93.25483298301697,7,0.9642857142857143,0.4710692620944094,
175.0,217.39696860313416,8,1.0,0.046530845577563276,
1229.0,134.56854128837585,8,0.7608695652173914,0.8528539347496403,Circle
1444.5,165.69848430156708,4,0.7755102040816326,0.6611352886259417,Rectangle
174.5,205.15432798862457,8,1.0,0.05210074441518343,
216.5,295.06096374988556,6,0.6625,0.03124958480508689,
526.5,138.95331728458405,5,0.6875,0.34266551547391955,
757.0,118.62741661071777,4,0.9393939393939394,0.6759827258522767,Square
146.0,255.62236428260803,12,0.7083333333333334,0.028077925996933227,
734.5,305.6639940738678,4,0.27927927927927926,0.0987900253282279,Rectangle
622.0,108.76955199241638,5,0.96875,0.660671494822553,
940.0,132.28427076339722,5,0.868421052631579,0.6750272459743208,
571.0,121.39696824550629,4,0.5957446808510638,0.48688936735149785,Rectangle
681.5,110.04163014888763,4,1.1785714285714286,0.7072316589229191,Square
868.5,126.5269113779068,4,1.0,0.6817323036988071,Square
516.0,116.56854164600372,4,0.9722222222222222,0.47719604908106444,Square
2499.5,194.7523066997528,8,0.6527777777777778,0.8281286018876198,Circle
2262.0,862.0975402593613,2,0.1875,0.03824631985095051,
1190.5,144.87005710601807,4,0.717391304347826,0.7128234873171324,Rectangle
782.5,121.69848430156708,4,1.0,0.6639324134349605,Square
375.0,81.79898953437805,4,0.9583333333333334,0.7042798353814114,Square
147.0,111.05382251739502,7,1.1515151515151516,0.14978218968517848,
903.0,127.4558436870575,4,1.0303030303030303,0.6985188174862669,Square
113.0,142.16652083396912,7,0.5652173913043478,0.0702576528545048,
412.5,103.49747383594513,3,1.0,0.48392083131562247,Triangle
520.5,94.38477599620819,4,1.08,0.7342208259556229,Square
154.5,258.208150267601,15,0.75,0.029120475000639894,
1189.0,143.94112491607666,4,0.717391304347826,0.7211438992175321,Rectangle
709.5,329.7472548484802,6,1.108695652173913,0.08199736309109143,
276.5,202.20815014839172,9,1.0545454545454545,0.08497823124103972,
563.5,422.14927566051483,2,8.043478260869565,0.03973486003290677,
348.0,161.7401144504547,10,2.409090909090909,0.1671681806046008,
170.5,56.38477599620819,7,1.0,0.6739233880245693,
145.5,112.95331764221191,8,0.6944444444444444,0.14330946491055316,
136.5,117.63960874080658,8,0.6428571428571429,0.12394681533655962,
345.5,91.49747478961945,4,0.6,0.5186085819201319,Rectangle
641.5,97.01219236850739,8,0.7878787878787878,0.8565523011934344,Circle
688.5,107.21320307254791,4,1.0,0.7526919416322345,Square
161.5,213.5807341337204,14,0.7894736842105263,0.044489573332547744,
983.5,130.5269112586975,6,0.9459459459459459,0.7254109484303337,
250.0,284.3675310611725,8,0.75,0.03884989576869642,
149.0,210.79393684864044,7,0.5882352941176471,0.04213858058726511,
568.0,128.71067595481873,5,0.6041666666666666,0.4308529367523506,
976.0,119.740114569664,8,0.7380952380952381,0.8554218574066664,Circle
742.5,119.35533845424652,5,0.8823529411764706,0.6549718347003926,
316.0,96.08326017856598,6,0.9310344827586207,0.4301317346037182,
195.5,217.9827550649643,8,1.0294117647058822,0.051702596178378274,
1226.0,133.74011397361755,8,0.7777777777777778,0.861344641470841,Circle
419.0,79.94112467765808,8,0.6333333333333333,0.8239168391544855,Circle
1456.5,170.6690467596054,4,0.7755102040816326,0.6283633224351015,Rectangle
324.0,85.25483310222626,4,0.8,0.5601661443512475,Square
179.5,204.81118214130402,8,0.9705882352941176,0.053773337021883555,
1502.5,213.03657972812653,3,0.6625,0.4160216985205505,Triangle
515.5,138.12488985061646,6,0.6875,0.33954289269135274,
755.0,119.4558436870575,4,0.9117647058823529,0.6648780808750866,Square
1173.0,135.88224935531616,8,0.6938775510204082,0.7983299477283563,
777.5,294.4924211502075,6,0.29464285714285715,0.11265799470204388,
633.5,110.18376541137695,5,1.0,0.6557242779665438,
964.5,132.04163014888763,5,0.8918918918918919,0.6951689105066842,
573.5,119.63960933685303,3,0.574468085106383,0.5034928571447878,Triangle
685.0,109.79898953437805,4,1.1428571428571428,0.7140091031116252,Square
429.0,84.76955163478851,7,0.5757575757575758,0.7502178342758954,
104.0,209.33809304237366,13,0.627906976744186,0.029822680513410246,
237.5,87.49747371673584,5,0.5294117647058824,0.38983645583050414,
873.0,127.94112491607666,4,1.0,0.6701990037246162,Square
510.0,115.74011421203613,3,0.9444444444444444,0.47842319489949026,Triangle
2501.0,195.33809316158295,8,0.6527777777777778,0.8236632096145252,Circle
2302.5,863.0264728069305,2,0.18507462686567164,0.038847338298506034,
1198.5,145.69848430156708,4,0.717391304347826,0.7094762056672202,Rectangle
788.0,119.79898953437805,4,1.0,0.6899693068161719,Square
373.5,81.55634891986847,4,1.0,0.7056428083353307,Square
910.0,125.79898953437805,4,1.0303030303030303,0.7225983256776923,Square
154.5,130.95331728458405,7,0.975,0.11321535666122216,
110.5,66.04163014888763,12,1.9090909090909092,0.31837325135693584,
124.0,143.33809399604797,7,0.5531914893617021,0.07584174182378321,
416.0,105.25483310222626,3,0.967741935483871,0.4718664510098521,Triangle
513.5,95.21320307254791,4,1.08,0.7117966847338231,Square
1279.5,137.63960886001587,8,0.75,0.8487177687789679,Circle
1203.0,143.94112491607666,4,0.7391304347826086,0.7296350805371666,Rectangle
213.5,130.12488996982574,8,0.95,0.15844808431296326,
719.5,331.2619740962982,6,1.120879120879121,0.08239436120157836,
111.5,155.78174448013306,7,1.1785714285714286,0.05773665320041623,
616.5,454.43354630470276,2,6.689655172413793,0.037514760475186926,
444.5,252.75230705738068,10,2.5806451612903225,0.08743621967210907,
148.0,117.19595849514008,8,0.6486486486486487,0.1354086189988915,
138.0,114.71067762374878,8,0.6428571428571429,0.13178963643766295,
341.5,86.66904652118683,4,0.5714285714285714,0.5713109322565115,Rectangle
644.5,99.49747347831726,8,0.8181818181818182,0.8181043085203747,Circle
661.5,110.04163014888763,4,1.0689655172413792,0.686476511192239,Square
168.5,210.7523068189621,13,0.7894736842105263,0.047672189121617976,
978.5,129.69848430156708,5,0.9722222222222222,0.7309722538888442,
222.5,290.26702558994293,8,0.75,0.03318520264541641,
501.5,144.1248903274536,5,0.5357142857142857,0.3033910896277702,
564.0,125.88224935531616,5,0.5833333333333334,0.44725991693885647,
157.0,223.82337427139282,11,0.7380952380952381,0.039382078999273144,
752.0,120.76955199241638,5,0.9090909090909091,0.6479071820574128,
128.5,57.69848418235779,6,0.7619047619047619,0.48504740347652076,
313.0,91.59797894954681,4,0.9285714285714286,0.46879440401213995,Square
184.5,223.29646337032318,8,1.0294117647058822,0.04649888566110897,
1232.5,134.8111822605133,8,0.8,0.85220672543334,Circle
423.0,82.76955187320709,8,0.6333333333333333,0.7759058453224349,
1461.0,171.5979790687561,4,0.7755102040816326,0.6234989728408434,Rectangle
322.0,85.25483286380768,4,0.8,0.5567083317590901,Square
192.5,207.63960909843445,8,1.0,0.05610740627349761,
1489.5,207.86500585079193,3,0.65,0.43319916203497744,Triangle
521.0,137.88224959373474,6,0.6875,0.3443744054659312,
767.0,120.28427076339722,4,0.9411764705882353,0.6661738007930346,Square
1176.0,134.22539520263672,8,0.673469387755102,0.8202529539725045,Circle
773.5,306.00713992118835,7,0.2807017543859649,0.10380232054976446,
640.5,111.01219236850739,4,1.064516129032258,0.6531119632712251,Square
972.0,133.4558436870575,5,0.918918918918919,0.6858054603098395,
212.5,83.01219284534454,6,0.47058823529411764,0.3875118840341799,
575.0,119.05382287502289,3,0.574468085106383,0.5097896547112512,Triangle
682.5,110.04163014888763,4,1.1428571428571428,0.708269416309453,Square
532.0,279.7644993066788,14,0.7377049180327869,0.08541542153834712,
869.5,128.5269113779068,4,1.0285714285714285,0.6614412992708717,Square
506.5,115.98275482654572,4,0.9444444444444444,0.47315395420372586,Square
2512.5,197.58073377609253,8,0.6438356164383562,0.8087731901464825,Circle
2268.0,828.0142800807953,2,0.17664670658682635,0.04156973545404511,
1199.5,147.35533845424652,4,0.7391304347826086,0.6941900231964001,Rectangle
799.0,120.62741661071777,4,1.03125,0.690024624505595,Square
376.0,81.79898953437805,4,1.0434782608695652,0.7061579149424285,Square
159.5,112.81118202209473,8,1.0294117647058822,0.15749481184739897,
910.5,128.04163014888763,4,1.0303030303030303,0.6978907221341302,Square
119.0,62.97056245803833,9,1.9090909090909092,0.3771218368187434,
129.0,146.1665209531784,8,0.5652173913043478,0.07587588231341941,
419.0,103.2548348903656,3,0.9375,0.49385913778080653,Triangle
1287.0,139.8822499513626,8,0.7872340425531915,0.8265386996348578,Circle
508.0,94.62741661071777,4,1.08,0.7129180472248882,Square
1206.5,145.35533845424652,4,0.7446808510638298,0.7175880815295967,Rectangle
219.5,138.61017179489136,9,0.9743589743589743,0.14356685442353417,
745.5,331.7472562789917,8,1.1318681318681318,0.08512219860155232,
125.0,151.05382251739502,6,1.1428571428571428,0.06884246894097092,
554.0,344.45079135894775,2,6.375,0.058676642452130494,
427.5,250.7523068189621,12,2.515151515151515,0.0854389906317517,
140.5,119.4385986328125,8,0.6666666666666666,0.12376469897946088,
133.0,117.0538238286972,9,0.6666666666666666,0.12198046765108568,
342.5,87.49747455120087,4,0.5555555555555556,0.5621851940008489,Rectangle
658.5,109.69848430156708,4,1.0689655172413792,0.6876451580808868,Square
116.5,178.6101713180542,11,0.7575757575757576,0.04589056611954485,
159.5,208.40916085243225,11,0.7894736842105263,0.04614630599500067,
216.0,239.39696860313416,10,0.9459459459459459,0.047361595202850014,
191.0,241.88224971294403,8,0.7708333333333334,0.0410237382711321,
508.0,142.3675308227539,5,0.5357142857142857,0.3149572940980507,
555.0,124.2253954410553,5,0.6041666666666666,0.451941342509487,
127.5,189.23758792877197,11,0.6904761904761905,0.04474095410484316,
749.0,118.28427076339722,4,0.8787878787878788,0.6727251872396109,Square
127.0,58.28427052497864,6,0.7619047619047619,0.46979766552762325,
312.5,91.84061968326569,5,0.9642857142857143,0.46557566780668336,
779.0,123.5979790687561,6,1.0294117647058822,0.6408030677995388,
193.5,263.86500430107117,15,0.7777777777777778,0.03492426250493466,
1452.0,171.5979790687561,5,0.7959183673469388,0.6196581167453148,
322.5,83.84061908721924,4,0.7666666666666667,0.5765415746926492,Rectangle
164.0,205.39696860313416,8,1.0303030303030303,0.04885012200425539,
1486.5,207.8650060892105,3,0.65,0.432326655178105,Triangle
530.5,140.1248904466629,6,0.7083333333333334,0.33951946676638844,
767.5,121.69848430156708,4,0.9411764705882353,0.6512052745192743,Square
164.0,254.93607246875763,12,0.6938775510204082,0.031709626780871525,
819.0,300.93607223033905,6,0.28205128205128205,0.11364367491201018,
637.0,112.42640590667725,4,1.064516129032258,0.6333045992147278,Square
966.5,139.01219260692596,5,0.918918918918919,0.6285009457729794,
210.0,82.4264065027237,4,0.45714285714285713,0.38841538660222985,Rectangle
569.5,120.12489092350006,3,0.574468085106383,0.49594964049416845,Triangle
682.5,110.38477599620819,4,1.1071428571428572,0.7038727602294479,Square
538.5,284.3502856492996,15,0.7377049180327869,0.0836928262472828,
235.0,83.59797894954681,5,0.5151515151515151,0.42255784598020496,
296.5,95.49747431278229,5,0.6857142857142857,0.4085552451038619,
869.0,127.11269783973694,4,1.0285714285714285,0.6758522561437489,Square
509.5,115.98275566101074,4,0.9459459459459459,0.4759564386927968,Square
282.0,380.81832242012024,12,0.6666666666666666,0.024435616538257054,
2235.5,838.5411912202835,2,0.18263473053892215,0.039951743436856466,
1200.5,149.8406196832657,4,0.7391304347826086,0.6719127891777448,Rectangle
790.5,123.35533845424652,4,1.03125,0.652823590687276,Square
139.0,135.88224959373474,11,0.7027027027027027,0.09460175817973895,
378.0,81.79898953437805,4,1.0434782608695652,0.7099140740644627,Square
160.0,118.2253954410553,8,1.088235294117647,0.14384947991182606,
892.0,128.62741661071777,4,1.09375,0.6774973860451101,Square
126.5,67.69848430156708,11,1.8333333333333333,0.34685063885089246,
130.5,144.26702547073364,7,0.5217391304347826,0.07879274316541433,
422.0,104.42640626430511,3,0.9375,0.4862970668966903,Triangle
197.0,265.2792180776596,12,0.7872340425531915,0.03517787753384705,
492.5,95.69848430156708,5,1.04,0.6757810046472221,
1214.5,146.18376553058624,4,0.723404255319149,0.7141823185539845,Rectangle
750.0,329.8477615118027,7,1.1318681318681318,0.08662515908215833,
116.0,151.0538227558136,6,1.1428571428571428,0.06388581097555032,
362.5,302.63455617427826,11,1.0175438596491229,0.049737143868512,
553.5,353.0365778207779,2,6.24,0.05580692330137266,
384.5,191.29646337032318,11,2.4347826086956523,0.132035990013691,
147.0,118.85281252861023,7,0.6944444444444444,0.13077004468574846,
141.5,118.8111822605133,9,0.6785714285714286,0.12596551569000322,
347.5,87.4974752664566,5,0.5714285714285714,0.5703922677995061,
153.5,188.32590091228485,8,1.0689655172413792,0.05438737979819932,
613.5,98.66904652118683,9,0.7575757575757576,0.7918858234234735,
150.0,184.02438509464264,12,0.7368421052631579,0.05566091900525227,
106.5,109.63960886001587,8,1.0,0.11133315508021614,
991.5,134.18376553058624,5,0.9459459459459459,0.6919944835754785,
183.5,239.2964631319046,8,0.75,0.040269234437943106,
510.5,144.95331728458405,5,0.5357142857142857,0.30531580950614245,
559.0,123.88224947452545,5,0.5833333333333334,0.4577238122669223,
163.0,212.56854152679443,10,0.8787878787878788,0.0453314366378427,
128.0,57.9411244392395,8,0.7619047619047619,0.4791218703395291,
320.5,94.32590091228485,6,0.9310344827586207,0.4526640180994776,
170.5,224.95331740379333,8,1.0588235294117647,0.04233986248089098,
190.5,261.03657734394073,13,0.7608695652173914,0.03513193828351903,
191.0,238.22539567947388,6,0.8163265306122449,0.04229286609679282,
315.5,83.84062016010284,4,0.7666666666666667,0.5640274795662602,Rectangle
154.0,208.2253955602646,8,1.0303030303030303,0.04463373116729934,
1473.0,207.27922081947327,3,0.65,0.43082517788666064,Triangle
224.0,215.9655100107193,8,0.75,0.06035164106834095,
171.5,219.63960909843445,9,0.9411764705882353,0.044673776197360064,
1136.5,132.81118166446686,8,0.6530612244897959,0.8096736811253334,Circle
815.5,340.63455641269684,8,0.2727272727272727,0.08831946340364574,
631.5,113.01219248771667,6,1.064516129032258,0.6213447281557241,
958.5,137.35533845424652,4,0.918918918918919,0.6384264837332815,Square
203.5,83.35533821582794,4,0.45714285714285713,0.368050525014824,Rectangle
569.0,121.53910410404205,4,0.5833333333333334,0.48404982668916924,Rectangle
151.5,207.15432798862457,11,1.2142857142857142,0.04436438590249002,
102.0,164.36753070354462,12,0.6363636363636364,0.04744363698092434,
121.5,171.2375876903534,9,1.3235294117647058,0.05207004341633793,
232.0,82.7695517539978,5,0.5454545454545454,0.42555592584710666,
297.0,95.25483250617981,5,0.6857142857142857,0.411331792305174,
858.5,127.69848430156708,4,1.0285714285714285,0.6615743800812661,Square
517.0,116.56854176521301,5,0.918918918918919,0.4781208466478908,
2270.0,845.4701237678528,2,0.1891891891891892,0.0399060911304889,
157.5,211.15432798862457,9,1.03125,0.04439054194241893,
109.5,201.23758792877197,8,0.5813953488372093,0.03397862315649343,
109.0,142.9116872549057,10,1.0434782608695652,0.06706576281147783,
162.5,117.63960862159729,9,1.0285714285714285,0.1475557328425725,
913.0,130.28427076339722,4,1.0606060606060606,0.6759221346400746,Square
121.5,64.87005722522736,10,1.8333333333333333,0.3628253140692997,
125.0,144.50966620445251,8,0.5106382978723404,0.07521874468527774,
431.0,106.42640626430511,5,0.96875,0.47817662158722957,
207.0,264.9360728263855,13,0.8085106382978723,0.03705936901534342,
486.5,93.21320307254791,5,1.0833333333333333,0.703619464420875,
1212.0,144.7695518732071,5,0.7391304347826086,0.7267047915231488,
733.0,337.50461399555206,7,1.1428571428571428,0.08086384910776796,
585.0,415.4213538169861,2,7.076923076923077,0.0425978908750844,
777.5,516.3157954216003,13,1.5466666666666666,0.03665046076106619,
253.5,80.66904652118683,7,0.6785714285714286,0.4895239901251467,
156.5,143.0954545736313,7,0.6756756756756757,0.09604450634423446,
343.5,87.15432834625244,4,0.5714285714285714,0.5682751754324104,Rectangle
613.0,97.25483286380768,8,0.8125,0.8144191085308544,Circle
139.5,198.26702558994293,12,0.7631578947368421,0.044594683806997465,
101.5,110.8111822605133,8,1.0909090909090908,0.10387444810927013,
185.5,208.81118214130402,11,1.0,0.053462132000899894,
102.0,147.5979790687561,4,0.9230769230769231,0.058836822916970524,Square
513.0,142.36753046512604,6,0.5263157894736842,0.31805726906308,
547.5,124.46803593635559,5,0.5957446808510638,0.4440974856883314,
750.5,121.35533845424652,4,0.9090909090909091,0.6403874156742382,Square
131.5,132.12489020824432,8,0.9310344827586207,0.0946599646585704,
774.5,121.35533821582794,4,1.0294117647058822,0.6608661630759946,Square
192.5,261.8650047779083,13,0.7608695652173914,0.03527651466586306,
225.5,316.9533175230026,8,0.8163265306122449,0.028207578571155946,
316.0,83.25483274459839,4,0.7666666666666667,0.5728989698122346,Rectangle
152.5,210.46803617477417,8,1.0909090909090908,0.04326208140073256,
1463.5,207.03657984733582,3,0.6375,0.4290505088737968,Triangle
196.0,195.62236416339874,9,0.7551020408163265,0.06436191078026977,
145.0,252.45079147815704,12,0.6530612244897959,0.028590673961791536,
618.0,112.42640614509583,6,1.064516129032258,0.6144148204940687,
185.5,246.81118214130402,9,0.9459459459459459,0.03826697332714667,
205.0,84.42640614509583,4,0.45714285714285713,0.3614157875830666,Rectangle
562.0,121.0538238286972,4,0.5957446808510638,0.4819357625259104,Rectangle
694.5,116.87005722522736,5,1.2142857142857142,0.6389628384900554,
241.5,83.84061980247498,5,0.5151515151515151,0.4317357764732183,
293.0,94.08325970172882,6,0.6857142857142857,0.4159611520843475,
856.5,126.5269113779068,4,1.0285714285714285,0.6723128590881154,Square
197.5,200.0660148859024,8,0.972972972972973,0.062005515282784404,
215.0,369.8477599620819,11,0.6388888888888888,0.019751602578529013,
3089.5,1186.5899620056152,6,0.21987951807228914,0.02757380648756214,
189.0,283.53910398483276,10,0.782608695652174,0.029542397881029362,
141.5,211.29646337032318,10,1.09375,0.039827390098848885,
483.5,111.15432715415955,3,0.5681818181818182,0.4917604462319984,Triangle
370.0,81.79898953437805,6,1.0454545454545454,0.6948894375763258,
154.0,110.22539567947388,8,1.0909090909090908,0.15928220232356932,
128.0,67.11269772052765,8,2.090909090909091,0.35711693107310893,
166.0,238.22539567947388,10,1.0909090909090908,0.03675715063909743,
139.5,198.40916049480438,7,0.5106382978723404,0.04453081386496262,
438.5,105.01219248771667,3,1.0,0.4996892539270091,Triangle
171.5,226.06601572036743,12,0.7659574468085106,0.042169983201513,
499.0,93.79898953437805,4,1.125,0.7127120307597867,Square
1202.5,147.8406196832657,4,0.7391304347826086,0.6913650170915374,Rectangle
737.5,339.74725449085236,8,1.1685393258426966,0.08028972620427599,
286.0,205.96550989151,9,1.0363636363636364,0.08472018480471305,
405.5,99.01219236850739,5,1.0714285714285714,0.519784552668317,
585.5,335.722869515419,2,6.0,0.06527921307279448,
440.5,215.9238795042038,13,2.1923076923076925,0.11872834870383114,
157.5,55.55634880065918,6,1.1428571428571428,0.6412435804401214,
264.0,77.94112503528595,6,0.6785714285714286,0.5461104038835825,
137.5,110.12489092350006,7,0.6388888888888888,0.14247595597958082,
334.0,86.91168856620789,4,0.5428571428571428,0.5556482557971075,Rectangle
673.0,110.62741661071777,6,1.1379310344827587,0.6910339534731035,
116.5,179.4385985136032,12,0.7575757575757576,0.04546781164640505,
130.0,197.33809328079224,11,0.7631578947368421,0.04194994164478418,
214.5,73.35533821582794,7,1.0,0.5009261604112316,
981.0,134.76955199241638,5,0.972972972972973,0.6787272752833379,
112.5,147.35533845424652,4,0.9,0.0651074427758191,Square
506.0,140.71067607402802,5,0.5178571428571429,0.32114878364384347,
536.5,123.29646360874176,5,0.574468085106383,0.44348440199930533,
103.5,184.75230646133423,11,0.6666666666666666,0.038103991891440626,
150.5,214.46803617477417,9,0.8787878787878788,0.0411169804829784,
133.0,149.19595789909363,7,0.9642857142857143,0.07508399821464341,
161.0,220.56854152679443,8,1.0294117647058822,0.041586138637573024,
1184.0,134.22539603710175,8,0.7777777777777778,0.8258328957721137,Circle
220.5,318.95331740379333,8,0.8367346938775511,0.027237309808541256,
314.0,83.25483322143555,4,0.7666666666666667,0.5692730204443662,Rectangle
153.5,205.9827550649643,8,1.0606060606060606,0.045462835453043145,
1455.0,207.62236511707306,3,0.6375,0.42415499853943456,Triangle
521.0,146.36753058433533,7,0.75,0.3056033395558812,
170.0,221.39696836471558,9,0.9705882352941176,0.04358283188421574,
1134.5,134.81118202209473,8,0.6530612244897959,0.7844450575447208,
811.0,321.07820773124695,6,0.2892561983471074,0.09885737131726183,
156.0,198.3675309419632,10,1.032258064516129,0.04981880281506895,
961.5,135.35533845424652,5,0.918918918918919,0.659490242479584,
206.0,85.25483334064484,4,0.45714285714285713,0.3561550157128017,Rectangle
558.5,118.46803712844849,3,0.5957446808510638,0.5000698325774224,Triangle
686.5,111.21320307254791,4,1.1428571428571428,0.6974895533373404,Square
237.0,86.08326017856598,5,0.5,0.40190258285706454,
295.0,94.08325982093811,6,0.6857142857142857,0.4188004762932558,
857.5,127.35533845424652,4,1.0285714285714285,0.6643694961466867,Square
509.0,119.39696824550629,6,0.972972972972973,0.4486844803658716,
227.0,373.0193330049515,12,0.6338028169014085,0.020500905268463966,
2250.0,847.3279883861542,2,0.1746987951807229,0.039381230161485876,
194.0,276.3675309419632,11,0.7608695652173914,0.03191813863881963,
794.0,123.11269783973694,5,1.03125,0.6583012348198812,
119.0,198.9949471950531,8,0.5681818181818182,0.03776354246727746,
370.5,82.38477599620819,5,1.0,0.685968457022069,
169.0,130.3675309419632,8,0.9512195121951219,0.12495616497333559,
122.0,62.28427064418793,8,2.090909090909091,0.3951963531991977,
908.0,131.11269783973694,5,1.0606060606060606,0.6637525538235807,
147.5,190.40916073322296,7,0.5106382978723404,0.05112416251695049,
439.0,106.91168689727783,3,0.96875,0.4826407865872583,Triangle
168.0,252.79393672943115,12,0.7659574468085106,0.03303587691961633,
494.5,93.21320307254791,5,1.125,0.7151897742160794,
1195.5,145.35533845424652,4,0.717391304347826,0.7110456290664177,Rectangle
764.5,335.4041088819504,6,1.1797752808988764,0.08539856960593929,
290.5,198.55129623413086,9,1.0,0.09259990633281093,
402.0,100.08326017856598,3,1.1071428571428572,0.5043279403966676,Triangle
560.0,332.99494767189026,2,6.0,0.06346329290475494,
447.0,224.5096663236618,9,2.107142857142857,0.11144158962946675,
127.0,97.740114569664,8,0.7037037037037037,0.16705823836550304,
151.0,142.02438533306122,9,0.6388888888888888,0.09407212936174293,
334.0,88.9116872549057,4,0.5714285714285714,0.5309316644633141,Rectangle
175.0,197.39696848392487,10,1.1379310344827587,0.05643739442717466,
613.0,97.25483322143555,9,0.7878787878787878,0.8144191025412505,Circle
215.5,76.18376553058624,7,1.0869565217391304,0.46658660759599285,
211.0,239.53910386562347,10,1.0,0.046210373454454286,
203.0,291.6812392473221,8,0.7346938775510204,0.029983954417970277,
506.0,138.71067690849304,5,0.5178571428571429,0.3304765123210399,
156.5,206.89444196224213,7,0.5957446808510638,0.045943762488106304,
102.0,179.68123924732208,10,0.6666666666666666,0.03970128533500934,
754.5,122.18376553058624,5,0.9090909090909091,0.6350999776382941,
130.0,126.36753058433533,5,0.9655172413793104,0.1023015511456011,
168.5,222.46803617477417,8,1.0588235294117647,0.04278332434047604,
192.0,257.96550965309143,13,0.7777777777777778,0.03625666088740882,
1455.0,176.42640614509583,5,0.82,0.5874158791951212,
161.5,206.81118214130402,8,1.0606060606060606,0.04744979675848221,
1469.0,206.79393792152405,4,0.6455696202531646,0.431674160336386,Rectangle
202.0,218.79393649101257,8,0.7083333333333334,0.05302621999743795,
766.5,126.18376553058624,5,1.0303030303030303,0.6049438369330669,
789.0,323.563489317894,7,0.2966101694915254,0.09470389624009203,
153.0,192.22539567947388,10,1.032258064516129,0.05203310802020334,
958.0,135.94112491607666,5,0.918918918918919,0.6514388487826805,
125.0,143.8233745098114,5,0.6086956521739131,0.07593831011090964,
677.5,112.04163014888763,4,1.1428571428571428,0.6782039668255802,Square
102.5,119.7817440032959,8,0.6857142857142857,0.08977439050600569,
861.0,128.76955199241638,5,1.0285714285714285,0.6525092100263129,
507.0,118.56854128837585,5,0.9459459459459459,0.4531884882638976,
203.5,307.8061292171478,12,0.6338028169014085,0.026991048188305555,
2235.0,846.0142802000046,2,0.17771084337349397,0.03924027154316536,
1208.5,149.35533845424652,4,0.7608695652173914,0.6807929003910294,Rectangle
152.0,226.71067678928375,9,1.0625,0.03716289216129018,
105.5,143.8406196832657,11,1.0909090909090908,0.06407656658265383,
159.0,122.2253954410553,8,0.9736842105263158,0.13374701135888148,
116.5,54.041630029678345,9,2.3,0.5012783055241022,
158.5,237.15432786941528,8,1.0909090909090908,0.0354141662254356,
132.5,142.7523068189621,6,0.5434782608695652,0.08170703900293526,
431.5,108.3259015083313,3,1.0,0.46208943600871827,Triangle
155.5,214.0660150051117,12,0.7659574468085106,0.04264271114361181,
115.5,167.01219260692596,10,1.125,0.05203499209460749,
1192.5,147.01219260692596,4,0.717391304347826,0.693364403821376,Rectangle
758.5,318.43354618549347,7,1.1685393258426966,0.0939999932680636,
101.5,87.69848418235779,7,3.8,0.16584093303429778,
133.5,167.4385985136032,8,1.1428571428571428,0.059838399545699,
149.5,79.55634891986847,9,3.0,0.296825610025873,
602.5,410.0071402788162,2,7.115384615384615,0.04503851630608437,
602.5,352.23253560066223,11,1.2105263157894737,0.06102502654917807,
156.5,55.55634880065918,5,1.2142857142857142,0.6371721926278031,
184.0,119.53910386562347,6,0.8181818181818182,0.16181087093802898,
162.0,190.9116872549057,10,1.0689655172413792,0.0558547158499371,
221.0,238.22539567947388,10,0.9459459459459459,0.048935724646027294,
181.5,246.46803617477417,8,0.75,0.037546139032560676,
175.5,201.9827550649643,8,0.9090909090909091,0.054057804258558946,
118.0,131.53910398483276,8,1.0,0.08570025475017916,
167.0,221.0538226366043,8,1.0588235294117647,0.04294674724140338,
164.0,246.7939373254776,14,0.7608695652173914,0.03383644583075609,
1456.5,171.35533845424652,5,0.8163265306122449,0.6233401121043531,
103.0,159.48022878170013,4,0.68,0.05089010989505121,Rectangle
149.5,181.9827550649643,9,1.0606060606060606,0.05672710043640988,
175.5,180.55129623413086,8,0.7446808510638298,0.06765279806981926,
102.5,132.18376553058624,6,1.25,0.07371866985666135,
713.0,315.07820785045624,6,0.2803738317757009,0.0902532107327193,
144.5,189.63960921764374,10,1.064516129032258,0.05049165518408856,
209.5,247.982754945755,9,0.9459459459459459,0.042810562128120885,
686.5,111.21320307254791,4,1.1428571428571428,0.6974895533373404,Square
179.0,227.88224983215332,10,1.0277777777777777,0.04331535698468102,
157.0,165.82337427139282,9,0.918918918918919,0.07174935810551404,
2179.0,849.411248087883,2,0.1831831831831832,0.03795168640974623,
1203.0,152.42640614509583,4,0.7608695652173914,0.6506614417025101,Rectangle
106.5,137.8406195640564,10,1.0869565217391304,0.0704376792826701,
110.5,76.18376564979553,8,1.4,0.23924742449190722,
135.5,201.15432798862457,7,1.0909090909090908,0.04208142102618175,
179.5,91.35533857345581,6,2.642857142857143,0.2702753596628863,
152.5,159.29646337032318,7,1.0666666666666667,0.07552094921328212,
106.0,147.25483310222626,8,1.1666666666666667,0.06142944811840507,
236.0,276.02438521385193,10,0.7391304347826086,0.03892485150841977,
646.5,289.11983728408813,7,1.3424657534246576,0.09719023039448824,
117.5,113.01219260692596,6,4.2727272727272725,0.1156104598642513,
117.5,136.12489020824432,6,1.1785714285714286,0.07968427868033794,
139.5,74.04163002967834,7,3.75,0.31976588582157456,
556.5,337.23758828639984,2,6.08,0.06148980036063847,
514.0,309.2203426361084,9,1.2266666666666666,0.06755179114719712,
149.0,54.97056245803833,6,1.0,0.6196347577664176,
150.0,114.71067667007446,7,0.7142857142857143,0.14324960720542557,
168.0,195.74011421203613,10,1.0333333333333334,0.05510099876398551,
108.5,179.78174436092377,13,0.7878787878787878,0.04218406449944974,
998.5,131.69848430156708,5,0.9459459459459459,0.7234297752962575,
212.5,288.61017167568207,8,0.7346938775510204,0.03205867229190101,
745.5,120.52691125869751,6,0.9090909090909091,0.6448956651592297,
166.5,219.98275482654572,8,1.0294117647058822,0.04323613150518514,
179.0,257.96550941467285,13,0.7777777777777778,0.033801782868971536,
1453.5,171.01219260692596,4,0.76,0.6245550863728042,Rectangle
157.5,208.1248904466629,8,1.0,0.04569223246508741,
168.5,168.89444255828857,6,0.7954545454545454,0.07422992989349927,
487.5,259.03657746315,10,0.32941176470588235,0.09129821728258161,
623.0,114.76955199241638,5,1.096774193548387,0.5943531078599181,
964.0,141.25483310222626,5,0.9459459459459459,0.6071280038845646,
142.5,200.81118202209473,8,1.1428571428571428,0.04440674527039825,
150.0,202.22539567947388,9,1.0277777777777777,0.04609244386035309,
159.5,154.40916085243225,7,0.9444444444444444,0.08406678249050413,
2030.5,818.9675978422165,2,0.18507462686567164,0.03804340836201105,
1199.5,152.18376541137695,4,0.782608695652174,0.650838844624103,Rectangle
137.0,216.08326029777527,9,1.096774193548387,0.036871277347388785,
377.0,87.4558436870575,6,1.0869565217391304,0.6194033454113637,
128.5,205.49747371673584,8,1.15625,0.03823842688007621,
145.5,69.35533845424652,8,2.25,0.3801133007328957,
126.0,148.0243855714798,6,1.064516129032258,0.07226264852572462,
113.0,201.48022878170013,10,0.7291666666666666,0.0349802925147634,
220.0,278.16652059555054,8,0.7608695652173914,0.03572916184273119,
602.5,317.9482641220093,7,1.1604938271604939,0.07489520240303904,
289.0,218.59292650222778,10,1.1111111111111112,0.07600383351359775,
482.5,377.8650048971176,2,6.423076923076923,0.04246526479706892,
275.5,128.66904652118683,10,1.6956521739130435,0.20911409262324984,
158.5,52.72792184352875,5,1.0,0.7164037010025125,
174.0,118.71067655086517,7,0.8181818181818182,0.15515992181729202,
121.0,184.50966656208038,12,0.7941176470588235,0.04466393535976413,
670.5,109.69848418235779,5,1.0333333333333334,0.700176278656515,
998.5,130.5269113779068,5,0.9210526315789473,0.7364746626178452,
221.5,286.95331740379333,8,0.7346938775510204,0.03380345528519914,
740.0,121.5979790687561,4,0.8823529411764706,0.6289105346745183,Square
117.5,140.6101714372635,6,0.9655172413793104,0.07468171027964587,
170.0,216.56854152679443,8,1.0,0.04554786678591771,
183.5,256.20815098285675,13,0.782608695652174,0.03512853579147458,
1450.0,168.7695518732071,4,0.7755102040816326,0.6397196217698902,Rectangle
163.5,206.81118214130402,8,1.0,0.0480374103406306,
345.0,163.53910374641418,9,0.3,0.1621010143388395,
178.5,202.20815014839172,8,0.7083333333333334,0.05485936447206362,
746.5,119.69848430156708,4,0.9393939393939394,0.65473020035051,Square
622.5,112.18376541137695,5,1.064516129032258,0.6215687819211809,
959.5,137.8406196832657,4,0.918918918918919,0.6346004991063137,Square
671.0,111.4558436870575,4,1.1481481481481481,0.6787763416014687,Square
862.5,130.18376553058624,5,1.0,0.6395217352144685,
164.0,164.99494874477386,9,0.9444444444444444,0.07570288224185806,
164.5,264.3502856492996,11,0.6527777777777778,0.0295812279613259,
1611.5,721.5706286430359,2,0.1806020066889632,0.03889398835063425,
1195.0,147.11269783973694,4,0.7555555555555555,0.6938689433735316,Rectangle
781.0,120.62741661071777,4,1.064516129032258,0.6744796392226154,Square
370.0,83.4558436870575,4,1.0,0.6675719560974881,Square
146.0,234.08326029777527,10,1.15625,0.03348281817772527,
132.0,143.5391036272049,7,1.0666666666666667,0.0805087966888432,
107.5,172.32590091228485,8,1.08,0.045490133670460016,
202.0,228.36753106117249,9,0.7391304347826086,0.048673493687507126,
525.5,256.1492748260498,5,1.2253521126760563,0.10064595450730165,
214.0,144.16652071475983,7,1.0789473684210527,0.12938823914413575,
389.0,355.76449966430664,2,7.380952380952381,0.038621954385897855,
121.5,57.21320307254791,10,1.7272727272727273,0.4664376699916256,
158.0,53.31370830535889,4,1.0,0.6985366031508327,Square
131.5,99.98275542259216,11,1.0740740740740742,0.16530478088486183,
173.0,67.5979791879654,5,0.8695652173913043,0.4757606742404052,
662.5,108.04163014888763,4,1.0,0.7132035399312429,Square
216.5,73.35533833503723,5,1.0,0.5055967989582618,
991.0,129.11269783973694,6,0.9459459459459459,0.7470430104170368,
216.5,288.46803629398346,8,0.7346938775510204,0.03269432447086684,
724.0,115.4558436870575,4,0.8787878787878788,0.682521901113545,Square
122.0,145.19595801830292,7,1.0,0.07272113382184811,
166.5,219.15432798862457,8,1.0,0.043563623733344756,
199.5,257.8650048971176,13,0.782608695652174,0.037702309026895815,
1445.0,172.42640614509583,4,0.7959183673469388,0.610759398030048,Rectangle
168.0,206.56854152679443,8,0.9705882352941176,0.04947556692526712,
480.5,138.95331704616547,6,0.6808510638297872,0.31272702896531784,
746.0,119.4558436870575,4,0.9393939393939394,0.6569523818977677,Square
630.5,110.18376529216766,4,1.032258064516129,0.6526190341791724,Square
955.5,133.69848430156708,5,0.918918918918919,0.6717189303828554,
675.5,110.04163014888763,4,1.1071428571428572,0.701005114603715,Square
872.0,129.5979790687561,4,0.972972972972973,0.6524239426913806,Square
161.5,184.40916085243225,8,0.9722222222222222,0.05967843249288062,
1291.0,630.215290427208,2,0.17928286852589642,0.04084681839096071,
1192.0,145.94112491607666,4,0.7555555555555555,0.7032840053834194,Rectangle
774.0,119.79898953437805,4,1.064516129032258,0.6777109688778136,Square
378.0,82.62741661071777,5,1.0,0.6957501598865689,
151.0,232.9116872549057,8,1.0625,0.03497874700577212,
135.0,153.6812380552292,6,1.0666666666666667,0.07182934917490573,
116.5,173.15432786941528,8,1.08,0.04882801705312604,
1204.5,147.01219260692596,4,0.7391304347826086,0.7003416556837294,Rectangle
480.0,241.4213535785675,4,1.2121212121212122,0.10349032249435916,Square
186.5,142.26702558994293,9,1.0,0.1157924376502559,
341.5,368.3502860069275,2,9.0,0.03162849661372486,
144.0,125.39696824550629,8,2.7222222222222223,0.11507958391430141,
157.5,52.72792184352875,5,1.0,0.7118838038353043,
193.5,128.95331728458405,7,0.7435897435897436,0.14622640265371664,
168.5,68.18376553058624,5,0.8260869565217391,0.45545744469817956,
105.0,105.39696824550629,8,0.6296296296296297,0.11877989199130223,
146.0,190.9949473142624,13,0.8285714285714286,0.05029432260052415,
656.5,108.04163014888763,4,1.0,0.7067443380601675,Square
208.0,74.76955187320709,4,0.9583333333333334,0.4675452439143233,Square
992.0,127.4558435678482,6,0.918918918918919,0.767365081110267,
234.5,288.46803629398346,8,0.7346938775510204,0.03541255929985346,
718.0,116.28427076339722,4,0.8787878787878788,0.6672558051935487,Square
294.0,92.91168737411499,5,0.896551724137931,0.42797312670882837,
167.5,220.81118214130402,8,1.0,0.043170049813726574,
1325.0,139.3969680070877,9,0.8043478260869565,0.8568781862879672,Circle
1443.5,169.35533845424652,4,0.78,0.6324538927563652,Rectangle
166.0,209.39696860313416,8,1.0,0.0475748219571823,
475.0,139.53910422325134,7,0.7021276595744681,0.3065572646443283,
747.5,119.69848430156708,4,0.9117647058823529,0.6556072669283405,Square
637.5,112.18376541137695,4,1.0,0.63654634293133,Square
962.5,132.04163014888763,5,0.8918918918918919,0.693727399028184,
668.5,109.21320307254791,4,1.1071428571428572,0.7043053486310814,Square
885.5,131.01219260692596,4,0.9473684210526315,0.6482984742812599,Square
163.5,188.06601524353027,8,0.9166666666666666,0.058090748905376986,
204.0,302.391916513443,12,0.684931506849315,0.028034942935838737,
1026.5,515.0020875930786,2,0.1890547263681592,0.04863521485144197,
1203.0,146.28427064418793,5,0.717391304347826,0.7064480487947844,
773.0,118.62741661071777,4,1.032258064516129,0.6902703396087316,Square
384.5,83.21320307254791,4,1.0434782608695652,0.6977851608257387,Square
895.5,128.87005722522736,4,1.09375,0.6775969016174759,Square
384.5,100.66904747486115,3,1.0,0.476775894300723,Triangle
124.5,197.23758816719055,10,0.7959183673469388,0.040216090434704685,
1201.0,143.94112491607666,5,0.7391304347826086,0.7284220546343617,
422.0,224.93607223033905,3,1.1451612903225807,0.10481033287492493,Triangle
197.5,129.43859887123108,8,1.054054054054054,0.14813216068145338,
178.5,180.1248904466629,3,7.090909090909091,0.06913542311483042,Triangle
159.0,52.14213538169861,6,1.1428571428571428,0.7349018870519823,
163.5,66.18376517295837,5,0.8181818181818182,0.4690559833062146,
115.0,109.39696931838989,9,0.6296296296296297,0.12075277584348168,
139.0,188.50966584682465,12,0.8055555555555556,0.04915383610755448,
113.5,170.61017107963562,10,0.825,0.048999978404933385,
660.5,107.21320307254791,4,1.0,0.7220813761047071,Square
211.0,72.76955223083496,5,1.0,0.5007176659256661,
998.5,130.5269113779068,5,0.8947368421052632,0.7364746626178452,
244.5,291.63960921764374,8,0.7346938775510204,0.03612398990329285,
719.5,116.04163014888763,4,0.8484848484848485,0.6714489824959781,Square
297.0,89.25483298301697,4,0.8928571428571429,0.46849270202055665,Square
179.0,221.39696860313416,8,1.0,0.04589015817924935,
1365.0,142.22539579868317,8,0.8297872340425532,0.84798508440701,Circle
1460.5,169.01219260692596,4,0.76,0.6425032865001286,Rectangle
170.0,210.22539567947388,8,1.0294117647058822,0.04833797227375684,
484.0,137.53910338878632,7,0.6666666666666666,0.32151619085007294,
743.5,118.87005722522736,4,0.9117647058823529,0.661219866118285,Square
647.0,110.76955187320709,4,1.064516129032258,0.6626334374069722,Square
970.5,131.2132030725479,5,0.8918918918918919,0.70835396499434,
668.5,108.38477599620819,4,1.1071428571428572,0.7151130555803384,Square
897.0,129.94112491607666,4,0.972972972972973,0.6675888318132057,Square
466.5,111.15432858467102,4,0.8888888888888888,0.4744699943381491,Square
228.0,313.22034335136414,12,0.6891891891891891,0.029204164659602037,
1206.5,145.69848430156708,4,0.7555555555555555,0.7142119667396756,Rectangle
766.5,375.86500453948975,3,0.16875,0.06818019504059995,Triangle
774.0,118.62741661071777,4,0.96875,0.6911633154685102,Square
378.0,83.79898953437805,6,1.0434782608695652,0.6764319307841967,
886.5,126.87005722522736,4,1.0625,0.6921023636673903,Square
379.0,99.25483334064484,4,0.9354838709677419,0.48344352183689343,Square
521.5,98.87005722522736,4,1.08,0.6704009263736884,Square
1222.5,145.35533845424652,5,0.723404255319149,0.7271043760214937,
379.0,222.59292650222778,5,1.0833333333333333,0.09612278722547395,
370.5,97.84061968326569,3,1.1071428571428572,0.4863620574351145,Triangle
182.0,135.68123936653137,8,1.0512820512820513,0.12423433742140101,
133.5,150.66904664039612,3,6.8,0.07389976360811387,Triangle
165.0,67.59797883033752,5,0.8260869565217391,0.45376018543515917,
117.5,108.81118142604828,10,0.6296296296296297,0.12470982770082542,
152.5,193.92387986183167,12,0.8055555555555556,0.05095855735794217,
656.5,107.21320307254791,4,1.0344827586206897,0.7177084381722032,Square
205.5,73.35533821582794,6,1.0,0.47990827955481624,
1013.5,131.69848430156708,5,0.8947368421052632,0.7342975235480791,
252.0,294.71067690849304,8,0.74,0.0364601679544587,
107.0,183.6812391281128,12,0.6888888888888889,0.039853277267711346,
719.5,115.21320307254791,4,0.8484848484848485,0.6811396484160592,Square
301.5,89.84061968326569,5,0.8620689655172413,0.4694093142204877,
184.0,224.56854152679443,8,1.0,0.04584899813108632,
1418.0,147.05382251739502,8,0.851063829787234,0.8240118528751786,Circle
1474.5,168.18376553058624,4,0.78,0.6550681697224069,Rectangle
167.0,211.39696860313416,8,1.0294117647058822,0.046960079617602436,
103.5,136.40915966033936,4,1.1219512195121952,0.06989774207337705,Square
485.0,135.8822489976883,6,0.6666666666666666,0.33008527424240425,
745.5,118.87005722522736,4,0.9117647058823529,0.6629985342181324,Square
656.0,111.94112479686737,5,1.0,0.6578613479011194,
976.5,132.04163014888763,5,0.868421052631579,0.703817979377685,
665.5,108.38477599620819,4,1.1071428571428572,0.7119038720848395,Square
464.0,109.74011492729187,4,0.8888888888888888,0.48416904892809687,Square
911.0,132.76955199241638,4,0.9473684210526315,0.649428377039483,Square
247.5,332.7766921520233,13,0.68,0.02808531287394145,
1225.5,148.5269113779068,4,0.7391304347826086,0.6980923513056688,Rectangle
568.0,289.3380935192108,3,0.15873015873015872,0.08526032203709494,Triangle
778.5,118.38477599620819,4,1.0,0.6980343063732168,Square
105.5,148.32590091228485,9,0.96,0.06025988991101497,
886.0,124.97056245803833,4,1.0,0.7128992157882084,Square
386.0,98.42640626430511,3,0.9666666666666667,0.5006957577255969,Triangle
146.0,200.65180158615112,10,0.8333333333333334,0.045569744423153556,
1235.0,145.94112491607666,4,0.723404255319149,0.728654149872922,Rectangle
350.5,201.52185904979706,5,1.0535714285714286,0.10845599537646698,
370.0,96.42640614509583,3,1.0714285714285714,0.5000571330741875,Triangle
190.0,124.71067655086517,8,1.054054054054054,0.15351690086021824,
170.0,67.59797871112823,5,0.8260869565217391,0.4675104957336225,
121.5,111.63960897922516,9,0.6071428571428571,0.12250379099918529,
769.0,106.91168773174286,8,0.8055555555555556,0.8454459204824696,Circle
668.5,110.04163014888763,4,1.0333333333333334,0.693740812897977,Square
205.0,73.94112479686737,5,1.0,0.4711851769328193,
1039.0,136.42640614509583,5,0.8974358974358975,0.7015013870666316,
253.5,299.63960909843445,8,0.7254901960784313,0.035480471621922624,
115.0,188.50966620445251,10,0.717391304347826,0.040666842668496066,
737.5,116.87005722522736,5,0.8529411764705882,0.6785242525362359,
199.5,223.15432798862457,8,1.0,0.05034335279844728,
296.0,89.25483286380768,5,0.8620689655172413,0.46691528676266664,
1441.5,147.29646348953247,8,0.8163265306122449,0.8349104006331382,Circle
1476.0,167.94112491607666,4,0.76,0.6576307404023343,Rectangle
171.0,212.56854152679443,8,1.0294117647058822,0.04755629242374909,
156.0,182.10764527320862,3,1.1428571428571428,0.05911233363823045,Triangle
483.0,138.7106763124466,7,0.6666666666666666,0.3154548553811328,
752.5,118.04163014888763,5,0.9117647058823529,0.678650184316186,
126.5,222.06601512432098,13,0.6538461538461539,0.032235632107818005,
655.5,112.5269113779068,5,1.0,0.650533645140485,
978.0,133.4558436870575,5,0.868421052631579,0.6900388273487891,
671.0,108.62741661071777,4,1.1071428571428572,0.714584319060362,Square
467.5,111.15432798862457,4,0.8648648648648649,0.47548708409854934,Square
924.0,130.76955199241638,4,0.9473684210526315,0.6789981069843964,Square
252.0,331.0193340778351,11,0.68,0.028900388672340998,
1232.5,148.5269113779068,5,0.7391304347826086,0.7020798229165539,
778.0,119.4558436870575,4,1.0,0.685132644928235,Square
384.0,222.3675309419632,3,0.15306122448979592,0.09758843212006402,Triangle
106.0,148.42640614509583,10,0.92,0.06046351421495258,
897.0,125.79898953437805,4,1.0,0.7122754924537252,Square
387.0,99.25483298301697,3,0.9666666666666667,0.4936481379923886,Triangle
108.0,173.25483310222626,10,1.125,0.04521295606294537,
1232.5,144.5269113779068,4,0.7391304347826086,0.7414798418897022,Rectangle
158.5,199.2375876903534,10,0.8163265306122449,0.05017606289019366,
315.5,181.5807341337204,5,1.0384615384615385,0.12024573805625524,
366.0,97.25483322143555,3,1.1071428571428572,0.48626001880929476,Triangle
226.5,153.09545266628265,7,0.9767441860465116,0.12143768734624773,
118.5,103.9827550649643,10,0.6071428571428571,0.1377227145757947,
792.0,108.08326005935669,8,0.8333333333333334,0.8519579784873156,Circle
146.5,219.23758792877197,10,0.813953488372093,0.03830164777501953,
661.0,115.59797894954681,6,1.0,0.6215997643201574,
105.0,110.9116872549057,10,1.0,0.10726166617836375,
1042.0,134.28427076339722,5,0.8717948717948718,0.7261515903991783,
246.5,306.61017167568207,8,0.7115384615384616,0.03294986738545584,
138.5,215.72286891937256,11,0.723404255319149,0.03739962629543042,
729.0,117.11269783973694,4,0.8235294117647058,0.6679276483258564,Square
298.5,89.01219296455383,6,0.8928571428571429,0.47342937150096476,
205.0,225.7401144504547,8,0.9722222222222222,0.050552919678736825,
1466.0,147.05382215976715,8,0.8333333333333334,0.8519050650145381,Circle
1517.0,170.7695518732071,4,0.7647058823529411,0.6536941031283527,Rectangle
183.0,214.56854152679443,8,1.0294117647058822,0.0499492366305667,
215.0,271.01933228969574,5,0.7804878048780488,0.03678305376815392,
481.5,136.1248903274536,7,0.6458333333333334,0.32653600099899893,
751.5,120.04163014888763,5,0.9117647058823529,0.6553526804028562,
136.0,239.96551036834717,12,0.6923076923076923,0.0296791268555894,
665.0,112.76955187320709,5,1.0,0.6571247125862775,
981.0,135.11269783973694,5,0.8947368421052632,0.6752841245149221,
674.5,109.21320307254791,4,1.1071428571428572,0.7106267130167008,Square
122.0,179.2792181968689,6,0.7058823529411765,0.047699057238462884,
472.0,112.22539627552032,4,0.8648648648648649,0.47094432451375656,Square
934.0,131.94112491607666,4,0.9473684210526315,0.6742118403569688,Square
257.5,352.91882848739624,12,0.7066666666666667,0.025979897875048136,
1237.5,149.69848430156708,4,0.7608695652173914,0.6939373533316068,Rectangle
781.5,118.38477599620819,4,1.032258064516129,0.7007242266289904,Square
235.5,148.18376553058624,4,0.14705882352941177,0.13477195317643098,Rectangle
392.0,84.62741661071777,4,1.0434782608695652,0.6878183594805021,Square
891.5,126.38477599620819,4,1.03125,0.7013611174023275,Square
387.5,99.84061920642853,3,0.9666666666666667,0.4885027796135958,Triangle
129.0,89.74011433124542,7,0.8275862068965517,0.20129191766891535,
111.0,174.42640614509583,10,1.1666666666666667,0.045846731276065554,
1242.5,144.87005722522736,4,0.7391304347826086,0.7439589933086367,Rectangle
155.0,204.651801943779,12,0.8367346938775511,0.04650615303004823,
188.5,88.66904664039612,8,1.1153846153846154,0.3012847436324907,
372.5,97.84061968326569,3,1.1071428571428572,0.4889874936425915,Triangle
196.0,134.3675309419632,7,1.0256410256410255,0.13641975385169672,
795.5,109.49747359752655,8,0.8611111111111112,0.8337615248859037,Circle
1127.0,131.39696872234344,8,0.8571428571428571,0.8202818220104976,Circle
657.0,111.94112491607666,4,1.0333333333333334,0.658864183918414,Square
197.0,73.94112467765808,7,0.9565217391304348,0.45279746417106814,
1053.5,135.35533845424652,5,0.8717948717948718,0.7225927929820507,
251.0,303.5391038656235,8,0.7450980392156863,0.034233735451285406,
149.5,219.37972342967987,11,0.7391304347826086,0.03903535087261144,
718.0,116.28427064418793,6,0.8235294117647058,0.6672558065616286,
299.0,89.25483322143555,6,0.8928571428571429,0.471647532511055,
196.5,227.9827550649643,8,1.0,0.047508183310963396,
1496.0,147.88225030899048,8,0.8163265306122449,0.8596256315522514,Circle
110.0,176.02438497543335,14,0.696969696969697,0.044612532569470426,
1540.0,168.28427076339722,4,0.78,0.6833505284502789,Rectangle
185.5,216.81118214130402,8,1.0,0.04958957921784169,
179.0,186.93607211112976,3,1.1403508771929824,0.06436898615796877,Triangle
498.5,138.12489008903503,7,0.6666666666666666,0.32834555077072675,
771.0,120.28427076339722,4,0.9411764705882353,0.6696479796759187,Square
174.5,269.1787122488022,12,0.7358490566037735,0.03026382890692201,
673.0,113.59797894954681,4,1.03125,0.6553657162332608,Square
1001.0,135.11269783973694,5,0.8947368421052632,0.6890513849535547,
675.0,110.28427076339722,4,1.1428571428571428,0.6974072939220322,Square
475.5,111.98275470733643,4,0.8648648648648649,0.47649471927429715,Square
936.5,132.5269113779068,4,0.9230769230769231,0.6700535193027338,Square
301.5,410.7178153991699,12,0.6973684210526315,0.022460017889379427,
1251.5,150.5269112586975,4,0.723404255319149,0.6940846143123673,Rectangle
778.0,116.97056245803833,4,1.032258064516129,0.7145560563847282,Square
105.0,92.14213538169861,4,0.13636363636363635,0.15541130869688655,Rectangle
406.0,83.79898953437805,4,1.0434782608695652,0.7265379997311742,Square
899.0,128.62741661071777,4,1.0303030303030303,0.6828140695678856,Square
390.0,99.25483393669128,3,0.9666666666666667,0.49747485818445103,Triangle
536.0,99.4558436870575,5,1.12,0.6809481462919694,
1253.5,147.35533845424652,4,0.7291666666666666,0.7254415957287933,Rectangle
196.0,267.76449954509735,13,0.84,0.03435262595855754,
342.0,161.33809280395508,5,1.0444444444444445,0.16510572496805154,
378.5,95.84061968326569,3,1.1071428571428572,0.5178172591821053,Triangle
169.0,127.1959581375122,6,1.3235294117647058,0.13126530331612452,
160.0,55.31370830535889,5,1.0,0.6571496734365323,
146.5,183.7228684425354,6,0.6341463414634146,0.05454074349861735,
802.0,108.91168701648712,8,0.8333333333333334,0.8496406096281542,Circle
1146.0,131.39696836471558,8,0.8571428571428571,0.8341108900986051,Circle
674.5,108.04163014888763,4,1.0,0.7261219436733937,Square
202.5,70.52691149711609,4,1.0,0.5115936675085423,Square
1054.5,132.87005722522736,5,0.8717948717948718,0.7505890147427011,
252.5,306.1248903274536,8,0.7450980392156863,0.03385898705731438,
137.0,196.16651964187622,7,0.41379310344827586,0.04473842153944141,
187.0,255.76449942588806,8,0.660377358490566,0.03592286313307147,
147.5,214.55129611492157,13,0.7659574468085106,0.04026610293280459,
178.5,214.1248904466629,9,0.8235294117647058,0.048923078452876696,
201.5,229.9827550649643,8,1.0,0.04787341074728189,
296.5,90.66904640197754,6,0.896551724137931,0.4532277215088726,
1513.5,149.2964631319046,8,0.8367346938775511,0.8532833093476969,Circle
1557.0,175.25483298301697,4,0.7647058823529411,0.6370279240459584,Rectangle
133.5,163.92387986183167,8,0.8787878787878788,0.062431918437005164,
184.0,217.39696860313416,8,1.0,0.048923860492980815,
304.5,355.34523379802704,7,0.7222222222222222,0.03030373584501175,
496.5,137.29646277427673,7,0.6666666666666666,0.3309866062492893,
775.5,122.5269113779068,4,0.9411764705882353,0.6491255356926202,Square
1520.0,151.5391035079956,8,0.7547169811320755,0.8317714791196449,Circle
675.0,113.94112479686737,4,1.03125,0.6533601346556223,Square
996.0,135.94112491607666,5,0.9210526315789473,0.677278803118528,
674.5,110.04163014888763,4,1.1071428571428572,0.6999673572171811,Square
156.5,230.0071395635605,8,0.6730769230769231,0.03717419492986127,
103.5,174.26702558994293,13,0.6111111111111112,0.04282720935784569,
481.0,110.91168713569641,3,0.8888888888888888,0.491360586120936,Triangle
953.5,133.35533845424652,4,0.9487179487179487,0.6737670206963065,Square
118.0,138.5096663236618,9,0.7435897435897436,0.0772914945721929,
106.5,129.4385985136032,8,0.6216216216216216,0.07987886177088961,
3057.5,215.37972366809845,8,0.7012987012987013,0.8282600206656033,Circle
1270.0,150.28427076339722,4,0.7391304347826086,0.7066209810034669,Rectangle
774.5,119.21320307254791,4,1.032258064516129,0.6848296770832448,Square
408.0,84.97056245803833,4,1.0,0.7101221201023178,Square
105.0,193.3380925655365,13,0.6097560975609756,0.03529915456080589,
904.5,129.69848430156708,4,1.0303030303030303,0.6756917768446189,Square
395.5,99.84062039852142,3,0.9666666666666667,0.49858798638324914,Triangle
541.0,96.97056245803833,4,1.0384615384615385,0.7229816919768867,Square
1270.0,148.76955199241638,4,0.7446808510638298,0.7210833615115946,Rectangle
201.0,268.59292554855347,12,0.803921568627451,0.03501198890599832,
278.5,180.06601476669312,9,0.9772727272727273,0.10793730190200033,
374.0,95.5979790687561,4,1.0714285714285714,0.5142615368454736,Square
185.0,123.19595742225647,5,1.2,0.15317527840469827,
169.5,55.55634891986847,4,0.9375,0.6901002312263934,Square
157.5,186.75230634212494,8,0.6097560975609756,0.05674903413459643,
115.0,115.74011445045471,9,0.6071428571428571,0.1078797395819024,
805.0,108.91168749332428,8,0.8108108108108109,0.8528188089297141,Circle
1156.0,130.56854128837585,8,0.8372093023255814,0.8521000557131191,Circle
675.0,109.4558436870575,4,1.0,0.7080040322651874,Square
206.5,72.5269113779068,6,0.9565217391304348,0.4933232158864288,
1056.5,132.87005710601807,5,0.8717948717948718,0.7520126083438572,
265.0,303.88224971294403,8,0.7450980392156863,0.03606160666599483,
156.5,206.06601512432098,8,0.3384615384615385,0.04631391136867804,
776.0,150.02438533306122,5,0.6666666666666666,0.43325927944702797,
1278.0,137.05382239818573,8,0.8043478260869565,0.8549848376987759,Circle
729.0,120.42640614509583,5,0.8529411764705882,0.6316753655172155,
296.0,89.25483310222626,5,0.8928571428571429,0.4669152842682072,
198.0,231.0538227558136,8,1.0,0.046606741217859675,
1519.0,148.22539591789246,8,0.8163265306122449,0.8688051763844457,Circle
118.0,178.85281229019165,13,0.6764705882352942,0.046355399099957756,
1564.5,173.35533845424652,4,0.7647058823529411,0.6542006797243929,Rectangle
451.0,98.91168677806854,4,0.8787878787878788,0.5792835416300282,Square
189.0,218.22539567947388,8,0.9722222222222222,0.0498724942540386,
2142.5,250.0071406364441,5,0.7111111111111111,0.4307505776426337,
495.5,138.95331704616547,6,0.6666666666666666,0.3224895792972216,
774.0,122.28427076339722,4,0.9411764705882353,0.6504435758427437,Square
1540.0,151.53910338878632,8,0.7547169811320755,0.8427158420128651,Circle
678.0,113.94112479686737,4,1.03125,0.6562639574763138,Square
1002.0,135.4558436870575,5,0.9210526315789473,0.6862495841658074,
678.5,108.38477599620819,4,1.1851851851851851,0.7258103338986682,Square
105.5,121.78174448013306,9,0.5384615384615384,0.08939185342376642,
184.0,247.07820737361908,8,0.6730769230769231,0.03787553739786067,
552.0,95.25483310222626,8,0.6388888888888888,0.7644954427976826,
122.5,221.3797231912613,12,0.717391304347826,0.03141016896203034,
478.5,112.32590091228485,4,0.9166666666666666,0.4765757994194651,Square
959.5,134.18376553058624,4,0.9487179487179487,0.669660823994626,Square
122.0,145.68123829364777,8,0.7435897435897436,0.07223745651932041,
123.5,149.78174436092377,8,0.631578947368421,0.06917657461606927,
321.0,416.9604586362839,11,0.7012987012987013,0.0232019856020277,
1272.0,151.4558436870575,5,0.723404255319149,0.6968268976982159,
782.0,121.11269783973694,4,1.032258064516129,0.66994208478969,Square
124.5,206.26702558994293,13,0.625,0.03677219914332078,
408.0,85.79898953437805,4,1.0,0.6964752386558909,Square
898.0,129.4558436870575,5,0.9705882352941176,0.6733531278177232,
398.0,99.25483429431915,3,0.9354838709677419,0.5076794670015613,Triangle
110.5,138.7523066997528,6,0.7142857142857143,0.07212597855378368,
550.0,98.62741661071777,5,1.12,0.7105215234041623,
1284.5,149.35533845424652,4,0.7446808510638298,0.7236065209369278,Rectangle
196.5,276.0071405172348,12,0.8235294117647058,0.032413936967191484,
271.5,161.09545266628265,9,0.8936170212765957,0.13146590485230786,
373.0,95.59797894954681,5,1.0714285714285714,0.5128865072774171,
190.5,129.43859815597534,8,1.025,0.14288190846423104,
490.0,108.22539639472961,3,0.5853658536585366,0.5257116166295916,Triangle
227.5,75.8406195640564,6,0.6071428571428571,0.4970356280780688,
806.5,109.49747371673584,9,0.8611111111111112,0.8452905950425428,Circle
1158.0,129.74011433124542,8,0.8571428571428571,0.8645097005439223,Circle
678.0,108.62741661071777,4,0.967741935483871,0.722038998990947,Square
201.5,71.35533857345581,4,0.9565217391304348,0.49731547358302036,Square
1061.5,134.04163014888763,5,0.8717948717948718,0.7424213641389117,
262.5,307.78174436092377,8,0.7450980392156863,0.034821979729559506,
162.5,201.09545254707336,8,0.3230769230769231,0.05049620376385906,
793.5,151.4385986328125,5,0.6545454545454545,0.43479408857799356,
1294.0,137.05382227897644,8,0.7872340425531915,0.8656888747314718,Circle
738.5,121.01219260692596,5,0.8285714285714286,0.6337268440117629,
192.0,231.7401144504547,8,1.0,0.044927128166667364,
292.0,87.25483274459839,5,0.8928571428571429,0.4819630396453474,
1520.5,149.63960933685303,8,0.8163265306122449,0.853302773183845,Circle
570.0,92.42640614509583,8,0.696969696969697,0.8384797658090204,Circle
1565.5,172.5269113779068,4,0.7647058823529411,0.6609205276473445,Rectangle
454.5,100.32590115070343,3,0.8529411764705882,0.567436950483964,Triangle
191.5,217.49747383594513,8,1.0,0.05087099217355865,
395.5,449.6295053958893,6,0.6923076923076923,0.024583671651343408,
496.0,138.71067643165588,6,0.6530612244897959,0.32394535817827286,
774.5,120.04163014888763,4,0.9117647058823529,0.6754100478669489,Square
1553.0,151.5391036272049,8,0.7547169811320755,0.8498296743687461,Circle
684.0,113.94112479686737,4,1.03125,0.6620716031176972,Square
999.5,135.69848430156708,4,0.9210526315789473,0.6820915492659886,Square
688.5,110.04163014888763,4,1.1428571428571428,0.7144959606286571,Square
105.0,120.36753141880035,9,0.5128205128205128,0.09107107342280932,
788.0,141.53910398483276,4,0.6415094339622641,0.4942915629579653,Rectangle
559.0,96.42640602588654,8,0.6388888888888888,0.7554917245395298,
108.5,193.92387986183167,13,0.6086956521739131,0.03625576048089656,
478.5,113.154327750206,5,0.8918918918918919,0.46962311889659825,
964.0,134.76955199241638,4,0.9487179487179487,0.6669654366698652,Square
134.5,160.4091602563858,8,0.7692307692307693,0.06568615152119371,
117.5,150.61017179489136,8,0.6052631578947368,0.0650937246985202,
3118.5,214.89444279670715,8,0.7142857142857143,0.8486043291361883,Circle
1273.5,150.04163014888763,4,0.7391304347826086,0.7108619448370116,Rectangle
793.5,120.38477599620819,4,1.032258064516129,0.6880399523934376,Square
409.5,86.38477599620819,5,1.0416666666666667,0.6895874472024522,
786.5,111.49747347831726,8,0.6341463414634146,0.7950208859444259,
903.5,126.38477599620819,4,1.0,0.7108017605978721,Square
402.5,99.84062135219574,4,0.9354838709677419,0.5074125428203503,Square
161.5,174.20815062522888,7,0.6153846153846154,0.06687217519034672,
553.0,96.97056245803833,4,1.1666666666666667,0.7390182544606624,Square
1281.5,147.69848430156708,4,0.7446808510638298,0.7382040056348698,Rectangle
211.5,285.17871272563934,13,0.8235294117647058,0.032680299433862095,
251.5,145.9238795042038,11,0.975609756097561,0.14842091990628734,
373.5,95.84061968326569,3,1.0344827586206897,0.5109768726671502,Triangle
175.0,128.85281205177307,8,1.1944444444444444,0.1324524850476265,
168.5,54.72792184352875,5,1.0,0.7069551374025721,
155.0,64.76955187320709,5,0.8181818181818182,0.464301169565332,
496.0,106.56854212284088,3,0.625,0.5488245011619383,Triangle
226.0,73.5979790687561,6,0.6071428571428571,0.5243080488739024,
811.5,110.32590091228485,8,0.8108108108108109,0.8378059167142797,Circle
1165.0,129.74011421203613,8,0.8571428571428571,0.869735581161035,Circle
680.5,109.21320307254791,4,1.0,0.7169480774023201,Square
206.0,72.76955211162567,5,0.9565217391304348,0.48885231999353423,
1070.5,133.69848430156708,5,0.8974358974358975,0.7525642228936124,
257.0,302.71067690849304,8,0.7254901960784313,0.035244187975833424,
152.0,178.02438485622406,7,0.3559322033898305,0.06026906644515214,
796.5,148.9533178806305,5,0.6666666666666666,0.45112332373807595,
1287.0,138.71067678928375,8,0.8085106382978723,0.8405598262613284,Circle
754.5,121.35533845424652,6,0.8529411764705882,0.6438005398084112,
194.5,233.15432798862457,8,1.0,0.044961677535854325,
292.5,87.84062016010284,5,0.8928571428571429,0.4763705972367364,
1528.0,149.88224959373474,9,0.82,0.8547376070138453,Circle
121.0,178.8528118133545,14,0.6764705882352942,0.047533926449178567,
1573.0,175.25483322143555,4,0.75,0.6435741308913983,Rectangle
459.5,101.15432786941528,3,0.8823529411764706,0.564321299386193,Triangle
192.5,219.9827550649643,8,1.0,0.04998771949974298,
409.0,441.7300088405609,6,0.6813186813186813,0.026340217944787907,
495.5,136.46803629398346,6,0.6326530612244898,0.3343425405684665,
778.5,120.87005722522736,4,0.9117647058823529,0.6696240226113787,Square
1550.5,152.12489104270935,8,0.7547169811320755,0.8419398665960303,Circle
688.5,114.18376541137695,4,1.0,0.6635980291845928,Square
999.5,135.69848430156708,5,0.9210526315789473,0.6820915492659886,
693.5,110.04163002967834,5,1.1428571428571428,0.7196847491206115,
107.5,127.43859875202179,8,0.5384615384615384,0.08317950914218625,
803.5,142.61017107963562,4,0.660377358490566,0.49647198075466803,Rectangle
564.5,97.49747383594513,8,0.6388888888888888,0.746254707544829,
142.0,232.7939373254776,14,0.717391304347826,0.03292720571039908,
481.0,111.74011468887329,4,0.8648648648648649,0.4841018193817368,Square
969.0,134.76955199241638,4,0.9487179487179487,0.6704248009679454,Square
141.5,171.58073329925537,8,0.7692307692307693,0.060398932754414145,
129.5,163.43859899044037,8,0.6486486486486487,0.060921469538602994,
3137.5,216.0660150051117,8,0.7012987012987013,0.8445408757313146,Circle
1270.5,151.69848430156708,4,0.7608695652173914,0.6937804381734278,Rectangle
785.0,120.62741661071777,4,1.0,0.677934080396611,Square
415.0,85.79898953437805,4,1.0416666666666667,0.7084245687308695,Square
136.0,206.16652011871338,14,0.6341463414634146,0.04020800185774424,
917.0,130.28427076339722,4,1.0,0.6788834583405787,Square
401.0,99.2548348903656,4,0.9354838709677419,0.5115061905089192,Square
156.5,183.379723072052,7,0.6153846153846154,0.05848191440409067,
561.0,96.14213538169861,4,1.1666666666666667,0.7626849868021007,Square
1285.0,149.94112491607666,4,0.7446808510638298,0.7182430994066467,Rectangle
223.5,289.6639938354492,13,0.8235294117647058,0.033473287123027724,
246.0,146.8528118133545,9,0.95,0.14334430332559303,
373.5,95.84061968326569,3,1.0344827586206897,0.5109768726671502,Triangle
194.5,147.9238796234131,8,1.0,0.11169992781580523,
171.0,56.14213538169861,5,1.0666666666666667,0.6817546678622401,
160.5,64.52691149711609,6,0.8181818181818182,0.48439889472001835,
490.5,107.98275578022003,3,0.625,0.5286157056996346,Triangle
228.5,74.18376564979553,6,0.6071428571428571,0.5217690553998903,
818.5,110.32590079307556,8,0.8378378378378378,0.8450328334104226,Circle
1163.0,130.56854164600372,9,0.8372093023255814,0.8572598264409097,Circle
670.0,111.11269783973694,4,1.0,0.6819574556367015,Square
210.0,71.59797894954681,4,1.0,0.514787072367669,Square
1070.0,136.76955199241638,5,0.8974358974358975,0.7188111299687915,
259.5,303.63960921764374,8,0.7450980392156863,0.03536961874985746,
163.0,176.02438473701477,8,0.3389830508474576,0.0661076620774779,
805.5,150.61017215251923,4,0.6666666666666666,0.4462382552821356,Rectangle
1289.5,135.6396096944809,8,0.8043478260869565,0.8807611455793575,Circle
745.5,118.87005722522736,4,0.8529411764705882,0.6629985342181324,Square
195.5,231.9827550649643,8,1.0,0.04565046671711107,
288.5,87.0121921300888,5,0.8571428571428571,0.47884555600885226,
1531.5,150.4680359363556,8,0.82,0.8500380392742816,Circle
575.5,93.8406194448471,8,0.6764705882352942,0.8212463647599803,Circle
1559.5,175.8406194448471,4,0.75,0.6338067106422464,Rectangle
466.0,100.91168689727783,3,0.8529411764705882,0.5750595874090726,Triangle
195.5,219.63960921764374,8,1.0,0.05092549992480143,
405.5,437.48736917972565,6,0.6703296703296703,0.02662377808985714,
492.0,137.88224923610687,6,0.6326530612244898,0.325205774219112,
770.5,120.04163014888763,4,0.9411764705882353,0.6719218100471067,Square
1558.5,152.12489020824432,8,0.7547169811320755,0.8462839706451981,Circle
692.0,114.76955187320709,4,1.0,0.660180339475873,Square
1008.0,136.28427076339722,5,0.9210526315789473,0.6819914449305239,
689.5,110.04163014888763,4,1.1428571428571428,0.715533718015191,Square
111.5,145.43859827518463,8,0.5384615384615384,0.06624076982276295,
803.0,143.19595897197723,4,0.660377358490566,0.4921119201391649,Rectangle
570.0,96.42640578746796,8,0.6388888888888888,0.7703582918014973,
144.5,244.55129635334015,15,0.717391304347826,0.03036251710270851,
484.0,111.74011433124542,3,0.8648648648648649,0.48712116856666104,Triangle
968.5,134.18376553058624,4,0.9487179487179487,0.6759421657517407,Square
140.5,186.89444172382355,7,0.7948717948717948,0.05054677096059026,
363.5,103.15432786941528,5,0.631578947368421,0.42927873142760736,
3144.5,216.06601440906525,8,0.7142857142857143,0.8464251150244095,Circle
1278.5,151.35533845424652,4,0.7608695652173914,0.701318199643627,Rectangle
791.0,119.79898953437805,4,1.032258064516129,0.6925960935172487,Square
416.0,85.79898953437805,4,1.0,0.7101316158844379,Square
798.5,112.66904664039612,8,0.6341463414634146,0.7904520779585033,
924.5,130.5269112586975,5,1.0,0.6818936673348689,
400.0,99.25483334064484,4,0.9354838709677419,0.5102306299070116,Square
186.0,228.1076453924179,7,0.5961538461538461,0.044920349339385386,
562.5,97.55634891986847,4,1.2083333333333333,0.7427134934598374,Square
1273.0,147.11269783973694,4,0.723404255319149,0.73915913381967,Rectangle
219.0,291.4213535785675,14,0.8235294117647058,0.032404941126665865,
225.5,115.2964631319046,10,0.90625,0.2131691926295755,
375.5,94.18376553058624,3,1.1111111111111112,0.531946193705248,Triangle
177.0,122.71067655086517,7,1.2647058823529411,0.14771290159956652,
166.0,54.14213538169861,5,1.0,0.7116184363729262,
165.0,65.94112479686737,7,0.8181818181818182,0.476849252806674,
147.5,146.06601512432098,8,0.6341463414634146,0.08687674116999913,
118.5,108.81118154525757,9,0.5714285714285714,0.1257711876609971,
813.0,108.08326005935669,9,0.8333333333333334,0.8745477733714487,Circle
1166.0,129.74011421203613,8,0.8571428571428571,0.8704821353079543,Circle
677.5,109.21320307254791,4,1.0,0.7137873952095104,Square
202.5,71.35533845424652,5,0.9565217391304348,0.499783542119357,
1071.5,134.5269113779068,5,0.8974358974358975,0.744018435647035,
256.5,304.1248903274536,8,0.76,0.03484923931580865,
124.5,143.98275482654572,8,0.3275862068965517,0.07546720366556041,
805.5,150.6101714372635,5,0.6851851851851852,0.44623825952055424,
203.5,260.69343197345734,13,0.7872340425531915,0.03762825674056976,
751.5,117.69848430156708,4,0.8529411764705882,0.6817059878695245,Square
200.5,232.81118214130402,8,1.0277777777777777,0.046485399627532856,
291.0,88.42640578746796,6,0.8928571428571429,0.4676693490251715,
1530.0,149.0538228750229,8,0.8,0.8653963449144001,Circle
578.0,93.59797883033752,8,0.6764705882352942,0.8290958879948797,Circle
1555.0,171.11269783973694,4,0.7647058823529411,0.6673839839348688,Rectangle
467.5,101.154327750206,3,0.8823529411764706,0.5741462635143936,Triangle
199.0,219.39696860313416,8,1.0,0.05195193107748537,
417.0,435.58787620067596,6,0.6703296703296703,0.02761813525040351,
193.5,212.55129611492157,8,0.6530612244897959,0.0538224320564804,
762.5,122.5269113779068,4,0.9117647058823529,0.6382439986661803,Square
1558.5,152.12489068508148,8,0.7547169811320755,0.846283965339825,Circle
696.0,114.76955199241638,4,1.0,0.6639964094229582,Square
1004.0,138.76955199241638,5,0.8947368421052632,0.6551718124249294,
692.5,110.04163014888763,4,1.1428571428571428,0.7186469901747929,Square
119.5,159.92388010025024,8,0.5384615384615384,0.05871527955419736,
810.5,143.43859922885895,3,0.6415094339622641,0.4950291945596171,Triangle
572.5,97.01219260692596,8,0.6388888888888888,0.7644211847590489,
148.5,245.03657746315002,14,0.717391304347826,0.03107953282002726,
483.0,111.74011397361755,3,0.8378378378378378,0.48611472298292724,Triangle
961.5,134.18376553058624,4,0.9487179487179487,0.6710566777184291,Square
424.5,113.63960945606232,5,0.7948717948717948,0.4130742219983282,
356.5,103.49747383594513,5,0.6052631578947368,0.41822491239762283,
3131.0,215.82337415218353,8,0.7012987012987013,0.8446873217486801,Circle
1273.5,151.69848430156708,4,0.7608695652173914,0.6954186446390086,Rectangle
790.0,118.97056245803833,4,1.032258064516129,0.7013873449587015,Square
101.0,163.19595789909363,7,0.9166666666666666,0.04765543544987891,
417.0,87.4558436870575,4,1.0416666666666667,0.6851225332534182,Square
799.5,109.84061980247498,7,0.6097560975609756,0.8327264940583413,Circle
915.5,130.87005710601807,5,1.0,0.6717189938924533,
399.5,99.84062016010284,3,0.9666666666666667,0.5036305980061102,Triangle
186.0,233.6223646402359,7,0.5961538461538461,0.04282466530797924,
558.0,97.79898953437805,4,1.1666666666666667,0.7331204391474161,Square
1287.0,147.94112491607666,4,0.7446808510638298,0.7389423843403288,Rectangle
1588.0,152.71067643165588,8,0.8235294117647058,0.8557000559528867,Circle
263.0,147.68123877048492,9,0.8636363636363636,0.15153569992745314,
377.0,97.25483322143555,4,1.1071428571428572,0.5008743909593009,Square
196.0,147.6812391281128,7,1.0,0.11293154768795341,
178.0,56.97056245803833,8,1.0666666666666667,0.6891739480020757,
169.5,183.72286891937256,8,0.6341463414634146,0.06310345375445867,
112.0,93.25483298301697,10,0.6296296296296297,0.16183974648642285,
816.5,109.49747347831726,8,0.8611111111111112,0.855771573289294,Circle
1156.5,129.9827550649643,8,0.8571428571428571,0.8601694726057948,Circle
675.0,109.4558436870575,4,1.0689655172413792,0.7080040322651874,Square
102.0,107.74011421203613,8,0.9565217391304348,0.11042188905219083,
1063.0,135.11269783973694,5,0.9473684210526315,0.7317298923133153,
250.0,310.5096664428711,8,0.76,0.03258364183758056,
114.0,143.39696848392487,7,0.3050847457627119,0.06966822970630782,
795.5,152.6101713180542,5,0.6666666666666666,0.42922310136475605,
170.0,214.3086552619934,11,0.723404255319149,0.046513536725919236,
748.5,121.35533845424652,4,0.8823529411764706,0.6386808536071515,Square
200.0,231.39696860313416,8,1.0277777777777777,0.046937994447818154,
130.0,119.53910410404205,8,0.9285714285714286,0.11432289748931666,
1534.0,150.71067702770233,8,0.82,0.8486862813427185,Circle
571.0,93.25483322143555,8,0.6764705882352942,0.8250937033145324,Circle
1555.0,171.11269783973694,4,0.7647058823529411,0.6673839839348688,Rectangle
472.0,101.74011433124542,3,0.8823529411764706,0.5730168857085655,Triangle
201.5,220.46803629398346,8,1.0285714285714285,0.05209471264225435,
411.5,432.31579625606537,6,0.6703296703296703,0.02766798265917251,
181.5,202.55129623413086,9,0.6808510638297872,0.055592530085352684,
1562.5,152.95331704616547,8,0.7547169811320755,0.8392900807869614,Circle
701.5,117.01219260692596,6,1.0303030303030303,0.6438360713614636,
983.5,139.35533845424652,5,0.8947368421052632,0.6364100180100077,
679.5,111.69848430156708,5,1.1428571428571428,0.6843917491251622,
304.5,98.32590091228485,4,0.5384615384615384,0.3957867876995134,Rectangle
810.0,142.36753261089325,4,0.660377358490566,0.5021956728561237,Rectangle
570.0,95.5979790687561,8,0.6111111111111112,0.783767582892834,
144.5,220.89444279670715,14,0.717391304347826,0.03721415231417454,
159.0,146.16652131080627,7,0.8648648648648649,0.09352143588215536,
960.0,135.5979790687561,4,1.0,0.6561069878417389,Square
423.5,113.154327750206,4,0.7692307692307693,0.4156434500579088,Rectangle
360.0,99.25483322143555,4,0.5789473684210527,0.45920756801936624,Rectangle
3105.0,214.65180146694183,8,0.6883116883116883,0.8468420079369752,Circle
1274.0,151.11269783973694,4,0.7608695652173914,0.7010958133048586,Rectangle
155.5,241.86500477790833,8,0.66,0.03340367017890344,
419.0,87.4558436870575,4,1.0416666666666667,0.6884084926455208,Square
800.5,112.32590067386627,8,0.6341463414634146,0.7972809384635137,
918.0,129.79898953437805,4,1.09375,0.684715126247035,Square
133.5,134.1248903274536,6,1.0344827586206897,0.09325505230482341,
172.5,176.20814979076385,7,0.5849056603773585,0.06981471690254586,
568.5,98.38477599620819,5,1.2083333333333333,0.7380478692182783,
1281.5,150.18376553058624,4,0.7659574468085106,0.713974163522775,Rectangle
229.5,288.00713992118835,13,0.8431372549019608,0.03476850725124972,
233.5,151.09545302391052,9,0.9,0.12852687807991917,
197.0,143.33809328079224,6,0.9318181818181818,0.12049051039027764,
499.5,106.81118261814117,4,0.625,0.5501890077384197,Rectangle
112.5,94.32590067386627,10,0.6923076923076923,0.15889142681318644,
814.0,108.9116872549057,8,0.8611111111111112,0.862353432929329,Circle
1138.5,129.15432786941528,8,0.8571428571428571,0.8576793851526048,Circle
176.5,191.49747383594513,10,1.0333333333333334,0.06048232467213153,
105.0,108.22539520263672,9,1.0,0.11265249175948353,
1062.0,137.5979789495468,5,0.9473684210526315,0.7048720187914472,
244.0,305.5391038656235,8,0.76,0.03284475973770345,
127.5,143.98275470733643,7,0.3050847457627119,0.07728569062885118,
795.5,148.9533168077469,5,0.6545454545454545,0.4505569481523789,
206.0,260.4507905244827,13,0.7872340425531915,0.03816152526037104,
149.0,183.39696836471558,9,0.9090909090909091,0.05566879590949907,
202.5,232.81118202209473,8,1.0571428571428572,0.046949094434989624,
125.0,129.19595873355865,8,0.9642857142857143,0.09410701948642194,
1525.0,149.88224971294403,8,0.82,0.853059455904888,Circle
570.5,92.18376541137695,8,0.696969696969697,0.8436389556525499,Circle
1603.0,175.5979790687561,4,0.7843137254901961,0.6532875167876256,Rectangle
465.0,101.74011409282684,3,0.8823529411764706,0.5645187565747845,Triangle
185.5,220.1248903274536,8,1.0571428571428572,0.048107797339465075,
396.0,430.4163022041321,6,0.6593406593406593,0.02686133701968725,
179.0,183.6223635673523,8,0.6808510638297872,0.06671319626531916,
137.5,205.982754945755,9,0.9411764705882353,0.040724038319406713,
1548.5,151.2964631319046,8,0.7692307692307693,0.8500872891851008,Circle
197.0,204.3675308227539,10,1.0625,0.05927237024214644,
167.0,214.08326029777527,8,0.9459459459459459,0.045788974286418156,
666.0,110.62741661071777,4,1.1428571428571428,0.6838463789198914,Square
307.5,98.66904652118683,5,0.5128205128205128,0.396910987290494,
811.0,141.53910529613495,4,0.6415094339622641,0.5087188453440441,Rectangle
572.5,95.8406195640564,10,0.6388888888888888,0.7832242579107587,
146.0,241.96551036834717,13,0.717391304347826,0.03133688235818073,
142.0,146.50966596603394,8,0.9142857142857143,0.08313150673391943,
947.0,135.5979790687561,4,1.0,0.6472222057147154,Square
433.0,113.39696860313416,4,0.775,0.4231505119079802,Rectangle
363.0,102.91168785095215,4,0.5897435897435898,0.4307121141513902,Rectangle
3102.5,216.06601524353027,8,0.7012987012987013,0.835119700772557,Circle
1271.0,152.76955199241638,4,0.7608695652173914,0.684355567115509,Rectangle
417.5,87.21320307254791,4,1.0869565217391304,0.6897661372164817,Square
721.0,134.7106763124466,3,0.66,0.4992764662093227,Triangle
798.5,113.49747383594513,8,0.6341463414634146,0.7789550438769318,
136.5,135.29646348953247,7,1.0344827586206897,0.09370648035110447,
174.0,173.62236380577087,6,0.6153846153846154,0.07253502798290636,
127.0,171.74011433124542,11,1.16,0.05410907249877544,
224.0,254.02438521385193,11,0.7659574468085106,0.04362214976235531,
1591.5,153.29646348953247,8,0.8235294117647058,0.8510444329799494,Circle
225.5,132.95331752300262,6,0.8974358974358975,0.16030905467258305,
196.0,149.68123996257782,6,0.9772727272727273,0.10993378754381238,
166.0,56.97056245803833,7,1.1333333333333333,0.6427127829682279,
494.5,105.15432822704315,4,0.625,0.561981285545467,Rectangle
803.5,107.497474193573,8,0.8333333333333334,0.873774216094087,Circle
1133.0,131.0538228750229,8,0.8372093023255814,0.8289730006724443,Circle
662.0,111.94112491607666,4,1.0333333333333334,0.6638783710106393,Square
197.5,72.18376541137695,8,1.0454545454545454,0.4763189918181032,
1046.0,134.28427076339722,5,0.9210526315789473,0.7289391204966799,
235.0,301.39696860313416,8,0.74,0.032508727223841856,
150.5,170.95331728458405,7,0.3050847457627119,0.06471296503347489,
798.5,148.12488985061646,5,0.6545454545454545,0.4573289600857651,
208.0,260.9360729455948,12,0.7872340425531915,0.03838883697266704,
179.5,72.52691125869751,6,0.8,0.4288209081971449,
141.0,212.56854152679443,9,0.8235294117647058,0.03921308322660012,
193.5,228.32590091228485,8,1.0285714285714285,0.04664235536774719,
121.0,140.3675308227539,8,0.9285714285714286,0.0771723834537072,
1524.0,150.71067655086517,8,0.82,0.8431537815845689,Circle
562.5,91.35533833503723,8,0.6666666666666666,0.8469631788518488,Circle
227.5,241.15432786941528,7,0.7843137254901961,0.04915878543600988,
460.5,100.32590079307556,3,0.8529411764705882,0.5749278714208826,Triangle
180.5,216.81118214130402,8,1.0294117647058822,0.04825293287773814,
404.0,431.24472868442535,6,0.6593406593406593,0.027298804609973675,
162.5,165.7228696346283,7,0.6458333333333334,0.07435297319470678,
1553.5,152.12489020824432,8,0.7547169811320755,0.8435689113874336,Circle
680.5,117.8406195640564,6,1.0625,0.6158117329046179,
996.0,136.28427076339722,5,0.8947368421052632,0.6738724991575414,
661.5,110.87005722522736,4,1.1428571428571428,0.6762560588777387,Square
307.0,100.08326017856598,4,0.5,0.38514596443228094,Rectangle
808.5,141.2964631319046,4,0.6415094339622641,0.5088939718336031,Rectangle
569.5,95.8406195640564,9,0.6388888888888888,0.7791200259915756,
156.0,241.96550977230072,15,0.717391304347826,0.033483244328497676,
146.5,185.23758828639984,7,0.9166666666666666,0.05365241221593576,
948.0,132.76955199241638,4,0.9487179487179487,0.6758047216612841,Square
433.0,114.56854176521301,4,0.775,0.4145405216423715,Rectangle
362.0,102.08326053619385,5,0.6052631578947368,0.4365252489142799,
3081.5,214.06601440906525,8,0.6883116883116883,0.8450386824488808,Circle
1256.0,151.11269783973694,4,0.7608695652173914,0.6911902209661714,Rectangle
764.5,122.52691125869751,4,1.064516129032258,0.6399180825308152,Square
414.0,90.28427064418793,6,1.0833333333333333,0.6382429366084358,
789.0,109.59797894954681,8,0.625,0.8254329021511174,Circle
722.0,133.88224959373474,3,0.66,0.5061754287414597,Triangle
138.5,207.49747371673584,6,1.15625,0.0404235090176919,
362.0,100.08326089382172,5,0.9666666666666667,0.4541460492888769,
202.5,235.86500442028046,7,0.5961538461538461,0.04574123369373126,
560.5,98.04163014888763,5,1.16,0.7327645210931422,
232.0,275.53910398483276,10,0.782608695652174,0.038400012460984845,
229.0,291.7644991874695,14,0.8235294117647058,0.03380496195242975,
220.0,138.02438497543335,8,0.8809523809523809,0.1451178727598007,
207.0,154.50966584682465,7,0.9772727272727273,0.10896045369111056,
161.5,54.72792184352875,4,1.0666666666666667,0.6775860812493496,Square
488.0,106.56854152679443,4,0.625,0.5399724991189007,Rectangle
108.0,97.74011433124542,9,0.5925925925925926,0.1420652742637469,
802.0,108.91168713569641,8,0.8333333333333334,0.8496406077682059,Circle
1137.0,129.39696884155273,8,0.8571428571428571,0.853340037783465,Circle
658.5,107.21320307254791,4,1.0,0.7198949071384553,Square
195.0,69.94112491607666,5,1.0,0.5009325460870483,
1044.5,133.69848430156708,5,0.8717948717948718,0.7342861567607455,
233.0,301.0538227558136,8,0.74,0.03230557628418531,
153.0,167.88224971294403,7,0.3050847457627119,0.06821686141744564,
793.0,148.71067690849304,5,0.6545454545454545,0.45060784702803003,
1281.5,137.29646360874176,8,0.7872340425531915,0.8542987527744705,Circle
184.0,71.11269760131836,5,0.8333333333333334,0.4572285914686675,
728.0,118.28427076339722,5,0.8235294117647058,0.6538637333917714,
193.0,228.56854152679443,8,1.0285714285714285,0.04642311291189573,
281.0,88.42640602588654,5,0.8928571428571429,0.45159823493958984,
1511.0,149.05382299423218,8,0.8367346938775511,0.8546495915516789,Circle
564.0,92.42640614509583,9,0.6764705882352942,0.8296536630110306,Circle
203.5,244.81118214130402,6,0.803921568627451,0.04266893228539264,
459.5,101.15432798862457,3,0.8823529411764706,0.5643212980560999,Triangle
183.5,214.32590091228485,8,1.0294117647058822,0.050199179269992775,
411.0,431.24472749233246,6,0.6593406593406593,0.02777180385329004,
173.0,205.4802290201187,8,0.6458333333333334,0.051489169270700026,
735.5,118.87005722522736,4,0.9696969696969697,0.6541051937188953,Square
1550.5,152.1248905658722,8,0.7547169811320755,0.84193987187417,Circle
684.0,114.76955199241638,4,1.03125,0.65254819546739,Square
997.0,134.28427076339722,5,0.8947368421052632,0.6947918768022848,
668.5,110.04163014888763,4,1.1071428571428572,0.693740812897977,Square
310.0,100.08326005935669,4,0.525,0.38890960670498614,Rectangle
808.0,141.5391045808792,4,0.6415094339622641,0.5068370298302679,Rectangle
566.0,97.25483322143555,8,0.6388888888888888,0.7519758760821335,
152.0,242.79393661022186,13,0.7021276595744681,0.03240244473062792,
447.0,111.39696860313416,4,0.8888888888888888,0.45265846012557176,Square
940.5,133.01219260692596,4,0.9736842105263158,0.6680142991227976,Square
432.5,113.63960874080658,4,0.775,0.42085890050225294,Rectangle
363.0,102.08326005935669,5,0.6052631578947368,0.437731123856972,
3072.5,214.4091613292694,8,0.6973684210526315,0.8398758225930617,Circle
1247.5,148.87005722522736,4,0.7608695652173914,0.7073521985177796,Rectangle
763.5,120.87005722522736,4,1.032258064516129,0.6567218256439148,Square
412.5,83.55634891986847,4,1.0434782608695652,0.7424631564373109,Square
793.0,113.25483310222626,8,0.6341463414634146,0.7769079445626379,
727.5,134.4680359363556,3,0.64,0.5055972913205938,Triangle
144.5,207.49747383594513,8,1.088235294117647,0.04217470791584717,
365.0,98.42640578746796,3,0.9666666666666667,0.47345583766990845,Triangle
205.0,237.62236404418945,7,0.5849056603773585,0.04562355268566871,
545.5,98.38477599620819,4,1.16,0.7081884127679345,Square
1246.0,147.94112491607666,4,0.7446808510638298,0.7154018732618879,Rectangle
1597.5,155.29646289348602,8,0.8235294117647058,0.8323914344917078,Circle
222.5,132.6101714372635,8,0.9210526315789473,0.158996002849772,
204.5,160.75230658054352,9,0.9555555555555556,0.09944632761486172,
163.0,54.97056245803833,4,1.0,0.6778554732612487,Square
159.0,64.76955199241638,7,0.8181818181818182,0.4762831334783223,
484.0,107.05382323265076,4,0.6097560975609756,0.5307021679796176,Rectangle
113.5,98.8111823797226,9,0.6071428571428571,0.14608093277721135,
801.5,107.49747347831726,8,0.8333333333333334,0.8715993074287244,Circle
1138.5,129.98275482654572,8,0.8571428571428571,0.8467816239984746,Circle
660.5,108.87005722522736,4,1.0333333333333334,0.7002704228998015,Square
202.5,72.18376553058624,5,1.0,0.4883776988586443,
1043.0,133.94112491607666,5,0.9210526315789473,0.7305774923027288,
258.0,303.53910398483276,8,0.76,0.035188461113522675,
162.5,184.9533176422119,7,0.27692307692307694,0.05969514031864562,
793.5,149.7817451953888,5,0.6545454545454545,0.4444664886334086,
1279.5,135.63960897922516,8,0.7659574468085106,0.8739309016315621,Circle
183.0,71.11269772052765,6,0.76,0.4547436519469423,
715.0,115.4558436870575,4,0.8484848484848485,0.6740375128400342,Square
187.5,229.15432798862457,8,1.0285714285714285,0.04486989031704097,
286.0,88.08326077461243,5,0.8928571428571429,0.4632219496459541,
1503.0,149.0538226366043,8,0.8163265306122449,0.8501246474296568,Circle
563.0,90.76955199241638,9,0.6666666666666666,0.8586929059907557,Circle
230.0,319.7401144504547,8,0.82,0.02827114824325721,
462.5,100.32590079307556,3,0.8529411764705882,0.5774248437180417,Triangle
181.0,215.7401144504547,8,1.0,0.04886823225928716,
403.5,431.0020864009857,6,0.6593406593406593,0.027295726508906864,
460.0,135.5391045808792,7,0.625,0.31465777783738685,
747.5,118.04163014888763,4,0.9393939393939394,0.6741408807659123,Square
1544.0,151.53910386562347,8,0.7547169811320755,0.8449047090125803,Circle
673.5,113.35533833503723,4,1.03125,0.6586633657092295,Square
989.0,136.76955199241638,5,0.8947368421052632,0.6643964556440511,
665.5,109.69848418235779,5,1.1428571428571428,0.6949549790393895,
308.5,99.49747359752655,4,0.525,0.39159841516487714,Rectangle
814.5,141.29646277427673,4,0.6415094339622641,0.5126705530694833,Rectangle
563.5,96.66904664039612,8,0.6388888888888888,0.7577551789653242,
152.5,240.89444172382355,13,0.6956521739130435,0.03302373182479112,
451.5,109.98275518417358,4,0.8888888888888888,0.4690492313859102,Square
940.5,132.5269113779068,4,0.9736842105263158,0.6729154670627028,Square
431.5,111.98275446891785,4,0.75,0.43240267558856493,Rectangle
356.5,100.66904723644257,5,0.6052631578947368,0.44205619537920493,
3068.0,211.82337498664856,9,0.6973684210526315,0.859245868373553,Circle
1248.0,150.76955199241638,4,0.7608695652173914,0.6899174993169634,Rectangle
761.0,116.97056245803833,4,1.0,0.6989423636359616,Square
407.0,84.62741661071777,4,1.0,0.7141379395626642,Square
790.0,111.25483310222626,10,0.6341463414634146,0.8020458244689549,Circle
724.0,135.5391035079956,4,0.66,0.49524398861052965,Rectangle
860.5,126.04163014888763,4,1.03125,0.6806638968819111,Square
376.0,99.740114569664,4,0.9666666666666667,0.47496103625833147,Square
203.0,235.62236428260803,7,0.5849056603773585,0.04594866342809585,
551.0,96.97056245803833,4,1.12,0.7363454940466997,Square
1245.0,146.28427076339722,4,0.7391304347826086,0.7311120692568788,Rectangle
1581.0,162.3675308227539,8,0.8076923076923077,0.7536042888531386,
310.5,186.89444279670715,9,0.6166666666666667,0.11170656372291032,
355.0,94.42640602588654,3,1.0357142857142858,0.5003239545173005,Triangle
214.0,173.48022854328156,8,1.0,0.08935598902981778,
166.5,54.72792184352875,6,1.0,0.6985639785016514,
162.0,65.59797966480255,5,0.782608695652174,0.47309019897418686,
486.5,106.81118261814117,4,0.6097560975609756,0.5358697743037862,Rectangle
109.5,108.81118249893188,7,0.5714285714285714,0.11621894352296276,
797.5,107.49747395515442,8,0.8333333333333334,0.8672494591487915,Circle
1135.5,129.98275458812714,8,0.8571428571428571,0.8445503184695408,Circle
659.5,108.04163014888763,4,1.0344827586206897,0.7099739389957052,Square
201.0,71.94112467765808,3,0.9565217391304348,0.4880355690614426,Triangle
1034.0,132.28427076339722,5,0.9210526315789473,0.742529970571753,
256.5,300.46803629398346,8,0.76,0.035702668387450544,
161.0,184.36753070354462,7,0.27692307692307694,0.05952053989294763,
794.5,148.12489116191864,5,0.6545454545454545,0.455038011715637,
1278.5,134.81118178367615,8,0.782608695652174,0.8840132301615719,Circle
180.0,69.94112479686737,7,0.7916666666666666,0.46239927488736976,
717.0,117.11269783973694,5,0.8787878787878788,0.6569329545262539,
189.0,229.39696860313416,8,1.0285714285714285,0.04513321999929036,
279.0,89.25483298301697,5,0.8928571428571429,0.4400992049284017,
1503.0,149.05382239818573,8,0.8163265306122449,0.8501246501492853,Circle
565.0,90.76955187320709,8,0.6666666666666666,0.8617433271032321,Circle
1512.0,177.94112479686737,6,0.8,0.6000797785751405,
461.5,100.32590079307556,3,0.8529411764705882,0.5761763575694621,Triangle
183.5,215.15432798862457,8,1.0,0.04981335112560353,
403.0,432.41630029678345,6,0.6593406593406593,0.02708387475408111,
465.0,136.36753058433533,6,0.6458333333333334,0.31422509386613084,
749.5,118.87005722522736,4,0.9117647058823529,0.6665558704178273,Square
1544.0,151.53910338878632,8,0.7547169811320755,0.8449047143297815,Circle
669.0,112.76955187320709,4,1.03125,0.6610773424364205,Square
986.5,137.35533845424652,5,0.8947368421052632,0.657076396664457,
665.5,108.04163014888763,4,1.1071428571428572,0.7164331408667804,Square
314.5,99.49747347831726,4,0.525,0.3992145927535421,Rectangle
811.0,141.53910410404205,4,0.6415094339622641,0.5087188539132678,Rectangle
563.5,95.8406195640564,8,0.6571428571428571,0.7709115621532097,
1083.0,128.56854152679443,8,0.6956521739130435,0.8233204182557612,Circle
446.5,109.154327750206,5,0.9142857142857143,0.4709224650394114,
939.0,131.94112491607666,4,0.9736842105263158,0.6778211114509569,Square
436.5,112.81118166446686,4,0.775,0.431012450202272,Rectangle
355.0,102.91168737411499,5,0.6052631578947368,0.4212198400569737,
3068.5,213.72287034988403,8,0.7012987012987013,0.844177932553067,Circle
1245.0,149.94112491607666,4,0.7608695652173914,0.6958853375574126,Rectangle
772.5,117.21320307254791,4,1.032258064516129,0.706570146637376,Square
404.5,85.21320307254791,4,0.9583333333333334,0.7000267072366719,Square
725.0,133.88224971294403,4,0.64,0.508278649839394,Rectangle
790.0,112.08326005935669,9,0.6341463414634146,0.7902335181744633,
883.5,126.87005722522736,4,1.0,0.6897602236888204,Square
371.0,95.59797954559326,3,0.9655172413793104,0.5101364392148706,Triangle
199.0,237.9655100107193,7,0.5961538461538461,0.04416059414188745,
548.5,95.55634891986847,4,1.1666666666666667,0.7548617173252953,Square
1241.0,146.28427076339722,4,0.7391304347826086,0.7287631148174992,Rectangle
1564.0,152.71067702770233,8,0.8235294117647058,0.8427675548256528,Circle
302.0,180.65180146694183,7,0.6271186440677966,0.1162872803174696,
107.5,164.2670258283615,8,1.0740740740740742,0.050063077158004676,
215.0,171.48022842407227,9,0.9777777777777777,0.09187983724870365,
164.5,54.72792184352875,5,1.0666666666666667,0.6901728196007307,
162.0,66.7695517539978,6,0.8636363636363636,0.45663369739306825,
486.0,105.39696800708771,4,0.6097560975609756,0.5497812168470629,Rectangle
113.0,95.74011433124542,8,0.6296296296296297,0.15491748004847042,
797.5,107.49747407436371,8,0.8333333333333334,0.8672494572253194,Circle
1139.0,128.56854164600372,8,0.8571428571428571,0.8658928482496014,Circle
658.5,108.04163002967834,5,1.0,0.7088974069148704,
199.5,71.35533833503723,6,1.0454545454545454,0.4923793431405466,
1040.0,130.62741661071777,5,0.8947368421052632,0.765904334498584,
246.5,301.2964632511139,8,0.76,0.03412233324870578,
160.0,184.3675308227539,7,0.27692307692307694,0.05915084702208939,
792.0,147.53910446166992,5,0.6545454545454545,0.45721530482967565,
1272.5,134.81118190288544,8,0.782608695652174,0.8798645548620734,Circle
183.0,69.94112455844879,5,0.8333333333333334,0.47010593267386414,
726.0,117.11269783973694,4,0.8787878787878788,0.6651789748759559,Square
185.0,229.39696860313416,8,1.0285714285714285,0.04417801957602495,
120.0,139.19595777988434,9,0.8928571428571429,0.07782835707896803,
1500.5,148.46803605556488,8,0.8163265306122449,0.8554210565502521,Circle
563.0,90.76955187320709,8,0.6666666666666666,0.8586929082462295,Circle
1477.5,173.35533845424652,5,0.8,0.6178213514175713,
459.5,99.49747371673584,3,0.8235294117647058,0.5832721923406325,Triangle
175.0,216.56854152679443,8,1.0294117647058822,0.04688750992667999,
402.5,431.8305149078369,6,0.6593406593406593,0.027123710009782934,
461.5,134.95331752300262,7,0.625,0.3184303388844028,
734.0,118.28427076339722,4,0.9393939393939394,0.6592527202054399,Square
1539.0,151.53910326957703,8,0.7547169811320755,0.8421686252586316,Circle
673.5,113.35533833503723,4,1.03125,0.6586633657092295,Square
985.5,134.87005722522736,5,0.8947368421052632,0.6808248657409667,
664.0,107.79898953437805,4,1.1071428571428572,0.7180398763579322,Square
312.5,99.49747347831726,4,0.525,0.3966758672034401,Rectangle
809.5,139.2964631319046,4,0.6538461538461539,0.5242597768033441,Rectangle
564.5,95.8406195640564,8,0.6571428571428571,0.772279639459604,
1082.0,127.39696848392487,8,0.6956521739130435,0.8377586821088044,Circle
451.0,109.74011468887329,3,0.8611111111111112,0.47060396986073166,Triangle
939.0,131.94112491607666,4,0.9736842105263158,0.6778211114509569,Square
432.5,112.8111822605133,4,0.775,0.42706273251461485,Rectangle
358.0,100.91168737411499,5,0.6052631578947368,0.44178397070138153,
3064.5,214.06601583957672,8,0.7012987012987013,0.8403767670790003,Circle
1240.5,149.35533845424652,4,0.7391304347826086,0.6988196879893024,Rectangle
755.5,118.87005722522736,4,1.0666666666666667,0.6718918747173696,Square
401.0,84.97056245803833,4,1.0434782608695652,0.6979386523554643,Square
780.5,110.66904652118683,8,0.65,0.8008117465829563,Circle
725.5,133.63960874080658,4,0.64,0.5104778351444021,Rectangle
875.5,126.04163014888763,4,1.03125,0.6925290432540536,Square
364.5,98.66904723644257,3,0.9333333333333333,0.470484724454925,Triangle
620.0,139.0538228750229,5,0.5961538461538461,0.40293564435564216,
545.5,96.38477599620819,4,1.1666666666666667,0.7378833897416518,Square
1238.5,146.5269113779068,4,0.7608695652173914,0.7248882904767723,Rectangle
1561.0,151.53910398483276,7,0.8235294117647058,0.8542074149569948,Circle
255.0,146.85281240940094,9,0.8043478260869565,0.14858860589961428,
198.0,152.16652047634125,8,1.1025641025641026,0.10745752523140724,
170.5,57.21320307254791,7,1.0666666666666667,0.654548335255738,
485.0,104.56854164600372,4,0.625,0.5573775858426021,Rectangle
796.0,108.91168689727783,8,0.8857142857142857,0.8432841979358225,Circle
1136.0,127.74011445045471,8,0.8780487804878049,0.8748499947050606,Circle
178.0,194.9116872549057,8,1.0333333333333334,0.05887814304873333,
103.0,106.56854152679443,9,1.0,0.11396960534681713,
1031.5,132.5269113779068,5,0.9459459459459459,0.7380247786019968,
258.0,301.0538226366043,8,0.74,0.035771839862319986,
163.0,183.19595789909363,7,0.27692307692307694,0.06103313726356135,
787.5,146.1248903274536,5,0.6666666666666666,0.46345975749742646,
1270.5,134.8111822605133,8,0.782608695652174,0.8784816589558283,Circle
182.0,70.76955163478851,7,0.8333333333333334,0.4566551541501054,
724.0,116.28427076339722,4,0.8484848484848485,0.6728317589973944,Square
184.5,226.32590091228485,8,1.0,0.0452624146534122,
118.0,115.05382204055786,7,0.9629629629629629,0.11201850458703154,
1499.5,148.4680359363556,8,0.8163265306122449,0.8548509672488791,Circle
561.0,91.5979790687561,9,0.696969696969697,0.8402353353554937,Circle
1479.5,173.8406196832657,4,0.78,0.6152084765083801,Rectangle
463.5,100.32590079307556,3,0.8529411764705882,0.5786733298666212,Triangle
176.5,213.9827550649643,8,0.9714285714285714,0.048439206932640574,
401.5,430.65894174575806,6,0.6593406593406593,0.027203731259633598,
459.0,134.3675309419632,6,0.6956521739130435,0.3194727909078,
737.0,118.28427076339722,4,0.9090909090909091,0.6619472136122742,Square
1532.0,151.53910326957703,8,0.7547169811320755,0.8383380986980009,Circle
676.5,114.18376553058624,4,1.03125,0.6520320491009617,Square
987.5,139.01219260692596,4,0.918918918918919,0.6421569414907576,Square
656.0,107.79898953437805,4,1.1481481481481481,0.7093887935102461,Square
317.0,99.74011421203613,4,0.5128205128205128,0.40043257865320503,Rectangle
814.0,138.71067786216736,4,0.6538461538461539,0.5316361212061643,Rectangle
562.5,95.84061932563782,9,0.6388888888888888,0.7695434886755357,
1078.0,127.39696824550629,8,0.6956521739130435,0.8346616106224956,Circle
155.0,184.65180265903473,8,0.8611111111111112,0.05712608458607285,
934.0,133.5979790687561,4,0.9230769230769231,0.6575926690659306,Square
436.0,112.56854164600372,5,0.75,0.4323766913025107,
358.5,102.32590091228485,4,0.6052631578947368,0.4302569259534358,Rectangle
3052.5,212.066015958786,9,0.7105263157894737,0.8529496232939295,Circle
1234.0,148.28427076339722,4,0.7777777777777778,0.7052366150186182,Rectangle
760.5,117.21320307254791,4,1.032258064516129,0.6955942996993196,Square
403.5,84.38477599620819,4,1.0434782608695652,0.7120741159158571,Square
787.0,110.08326017856598,8,0.6341463414634146,0.8160974680579426,Circle
177.0,233.96550965309143,8,0.64,0.04063305259892296,
863.5,126.04163014888763,4,1.0,0.6830369261563396,Square
368.0,98.91168785095215,3,1.0,0.4726748086369229,Triangle
637.0,142.36753106117249,5,0.5849056603773585,0.39493660564662936,
547.0,96.97056245803833,4,1.12,0.7309999732187745,Square
1238.5,145.69848430156708,4,0.7391304347826086,0.7331550110294971,Rectangle
1548.5,152.9533176422119,8,0.8076923076923077,0.8317700351804319,Circle
263.5,138.95331752300262,7,0.8222222222222222,0.17149546632008986,
209.0,142.16652035713196,8,1.1538461538461537,0.129945571195513,
170.5,58.041630029678345,8,1.1333333333333333,0.6359969694093807,
490.0,105.74011504650116,4,0.6097560975609756,0.5507143421484241,Rectangle
797.0,108.91168677806854,8,0.8333333333333334,0.8443436020428885,Circle
1141.0,129.74011421203613,8,0.8571428571428571,0.8518182816349706,Circle
154.0,189.74011433124542,8,1.0689655172413792,0.05375418343350155,
1009.0,135.5979790687561,5,0.9473684210526315,0.6895957820128278,
236.0,259.0538227558136,8,0.7551020408163265,0.04419181677124553,
164.0,182.71067702770233,7,0.27692307692307694,0.061734204794642214,
789.0,146.7106775045395,5,0.6666666666666666,0.4606418820324934,
1272.5,135.63960909843445,8,0.8043478260869565,0.8691497228381596,Circle
183.0,70.76955163478851,8,0.8333333333333334,0.45916424840367737,
166.0,210.22539567947388,9,0.8787878787878788,0.047200608220256686,
198.5,225.15432786941528,8,1.088235294117647,0.049205061224896436,
123.5,116.4680358171463,5,1.0,0.11440982437216708,
1492.0,147.8822501897812,8,0.8367346938775511,0.8573271686789632,Circle
557.5,90.18376553058624,8,0.6666666666666666,0.8613863908391753,Circle
1472.0,174.08326017856598,4,0.78,0.610384717112056,Rectangle
460.5,100.32590091228485,3,0.8529411764705882,0.5749278700546004,Triangle
190.5,212.81118202209473,8,1.0294117647058822,0.052858636492593106,
402.5,430.6589424610138,6,0.6666666666666666,0.027271486415023097,
165.5,162.0660150051117,7,0.6739130434782609,0.07918154201177342,
163.0,218.22539567947388,11,0.9696969696969697,0.043011727848721114,
1524.5,150.12489008903503,8,0.7358490566037735,0.8500253697802885,Circle
677.0,113.59797894954681,4,1.0,0.659260906225732,Square
977.5,137.35533845424652,5,0.918918918918919,0.6510817817937221,
650.5,110.87005722522736,4,1.1481481481481481,0.6650106822372925,Square
317.0,99.25483298301697,4,0.5384615384615384,0.40435777711521237,Rectangle
804.0,140.7106772661209,4,0.6538461538461539,0.5102838293965952,Rectangle
564.0,96.08326005935669,9,0.6388888888888888,0.7677034775900772,
1074.0,126.56854128837585,8,0.7111111111111111,0.8424858117432235,Circle
145.0,143.19595801830292,7,0.9142857142857143,0.08886205401075112,
932.5,130.5269113779068,4,0.972972972972973,0.6877943143626846,Square
434.5,113.982754945755,5,0.75,0.4202631831450625,
364.5,104.32590079307556,6,0.5897435897435898,0.4208459093089248,
3052.5,211.237588763237,8,0.6973684210526315,0.8596529022529207,Circle
1221.0,153.25483322143555,4,0.782608695652174,0.653276699346113,Rectangle
110.0,153.39696860313416,6,0.8378378378378378,0.05874474117149941,
405.5,84.38477599620819,4,1.0869565217391304,0.7156036034792567,Square
787.0,111.25483322143555,8,0.6341463414634146,0.7990000791194777,
875.5,131.01219260692596,4,1.0625,0.6409772041030412,Square
138.5,153.43859934806824,7,1.0,0.07392483886778106,
159.5,185.7228683233261,8,0.5555555555555556,0.05810851631601044,
538.5,98.87005722522736,6,1.12,0.6922548396015938,
1231.5,149.8406196832657,4,0.7391304347826086,0.6892633068491401,Rectangle
206.5,268.69343197345734,11,0.8367346938775511,0.03594312381715048,
236.0,147.33809351921082,8,0.8604651162790697,0.13661292026046104,
213.5,152.752308011055,7,1.0,0.11498261503051317,
500.5,105.98275578022003,3,0.5952380952380952,0.5599426263801831,Triangle
145.5,195.5807340145111,11,0.8571428571428571,0.047799209455867304,
1085.0,126.08326017856598,9,0.875,0.8576789320149037,Circle
148.0,189.39696836471558,9,1.0344827586206897,0.05184722697212566,
224.0,244.02438509464264,11,0.9210526315789473,0.04727063411131268,
212.0,268.3675307035446,8,0.76,0.03699012377937349,
156.5,183.2964632511139,7,0.27692307692307694,0.058535055632417086,
788.0,147.53910410404205,5,0.6545454545454545,0.45490613882880737,
1263.0,135.0538227558136,8,0.8043478260869565,0.8701606729719245,Circle
184.5,71.35533845424652,7,0.8333333333333334,0.45535833837541423,
128.0,174.9116871356964,7,0.8787878787878788,0.052575350416972394,
115.0,158.08326017856598,7,1.1666666666666667,0.05782770230778746,
113.5,120.95331728458405,8,1.0,0.0974922644318741,
1478.5,148.46803641319275,8,0.8541666666666666,0.8428790576584932,Circle
557.5,91.01219272613525,8,0.696969696969697,0.8457764339393259,Circle
264.5,312.95331740379333,8,0.7959183673469388,0.0339372323044833,
459.0,99.74011445045471,3,0.8529411764705882,0.5798061600098349,Triangle
181.0,213.0538227558136,8,1.0294117647058822,0.050108312457854964,
408.0,433.2447290420532,6,0.6777777777777778,0.027315141318396064,
171.5,162.06601476669312,7,0.6956521739130435,0.08205217217506762,
141.0,212.56854152679443,8,0.9393939393939394,0.03921308322660012,
1514.5,149.29646289348602,8,0.75,0.8538470935808057,Circle
677.5,115.01219248771667,6,1.096774193548387,0.6436227676469614,
173.0,203.7401144504547,7,0.9459459459459459,0.052372448162999456,
314.0,98.08326029777527,5,0.5384615384615384,0.4101566197604576,
800.0,139.5391036272049,4,0.6538461538461539,0.5163069764434017,Rectangle
557.0,95.25483286380768,9,0.6111111111111112,0.7714202242209163,
1070.5,126.81118190288544,8,0.7333333333333333,0.8365298356565691,Circle
143.0,152.16652047634125,8,0.8888888888888888,0.07760821266712745,
929.5,130.5269113779068,4,1.0,0.6855815712601774,Square
430.5,111.9827550649643,4,0.75,0.4314005790481037,Rectangle
131.5,166.95331752300262,8,0.631578947368421,0.05928509364436759,
3051.5,214.06601452827454,8,0.6973684210526315,0.8368117918613577,Circle
1204.0,150.76955199241638,4,0.7777777777777778,0.665593484917968,Rectangle
402.5,86.04163002967834,6,1.0869565217391304,0.683216726205944,
767.0,110.08326005935669,7,0.6097560975609756,0.7953580169709262,
159.5,234.20815062522888,8,0.62,0.036539831629090816,
129.5,194.18376553058624,8,1.0625,0.043157253181091385,
127.0,135.53910422325134,7,1.0,0.08687290868745617,
184.5,233.7228685617447,8,0.5272727272727272,0.042442779633897004,
535.5,98.04163014888763,4,1.2083333333333333,0.7000810009730198,Square
246.0,265.88224959373474,10,0.7608695652173914,0.04372867134147591,
196.0,255.62236368656158,13,0.84,0.0376936542538588,
225.0,161.48022842407227,9,0.8636363636363636,0.10843105216350798,
211.5,155.92387986183167,10,1.0975609756097562,0.10931882878004255,
159.0,55.79898953437805,6,1.1333333333333333,0.6417329215781182,
507.0,106.56854224205017,4,0.5952380952380952,0.5609960110213384,Rectangle
739.5,104.66904675960541,8,0.8529411764705882,0.8482258515075697,Circle
1085.0,126.56854164600372,8,0.8780487804878049,0.8511146187855797,Circle
135.0,194.9116872549057,8,1.0344827586206897,0.044654771413365164,
1003.0,132.76955199241638,5,0.9210526315789473,0.7150128015045021,
211.5,296.1248903274536,8,0.7755102040816326,0.030308916410445565,
160.0,183.53910422325134,7,0.2923076923076923,0.059686021516734425,
791.5,145.29646384716034,4,0.6481481481481481,0.47114077679993843,Rectangle
190.0,247.9655101299286,12,0.8181818181818182,0.03883120862176793,
185.5,71.35533833503723,6,0.8333333333333334,0.4578264067798065,
108.5,125.29646301269531,8,0.9629629629629629,0.0868484314631592,
158.5,225.63960921764374,8,1.0285714285714285,0.039120865349058065,
1449.5,148.81118202209473,8,0.8125,0.8225398564588309,Circle
552.5,90.18376553058624,8,0.6666666666666666,0.8536609523563128,Circle
1429.5,175.8406196832657,6,0.8163265306122449,0.5809725491543228,
462.5,100.32590079307556,3,0.8529411764705882,0.5774248437180417,Triangle
169.5,212.81118214130402,8,1.0588235294117647,0.04703170013363202,
429.5,431.83051550388336,6,0.6777777777777778,0.028943188613769665,
163.0,165.48022842407227,8,0.6739130434782609,0.07480062816165814,
129.5,216.46803617477417,9,0.9696969696969697,0.034728983991508464,
1508.5,149.29646277427673,8,0.75,0.8504644058920823,Circle
665.5,117.01219236850739,6,1.0625,0.610795306111371,
168.0,212.08326029777527,9,0.9722222222222222,0.04693603116936155,
126.0,192.42640614509583,10,1.1481481481481481,0.042761316898495036,
102.0,119.53910338878632,9,0.5789473684210527,0.08969950525734961,
796.0,139.53910386562347,4,0.6226415094339622,0.513725439805667,Rectangle
558.5,95.01219260692596,8,0.6111111111111112,0.7774533881070796,
1068.0,129.05382227897644,8,0.717391304347826,0.8058224693075865,Circle
143.0,145.3380936384201,9,0.9428571428571428,0.08507206655820926,
913.0,130.76955199241638,4,0.972972972972973,0.6709147961869633,Square
130.0,164.02438592910767,9,0.6756756756756757,0.06072064487410003,
436.5,113.98275470733643,5,0.75,0.42219765295798817,
3018.0,211.823375582695,8,0.6973684210526315,0.8452425085258902,Circle
198.0,275.0538226366043,8,0.7555555555555555,0.03288816814562233,
126.0,213.25483322143555,8,1.0666666666666667,0.034816302214005106,
397.5,86.04163014888763,4,1.0434782608695652,0.6747295600355951,Square
145.0,199.6812388896942,13,0.6410256410256411,0.045698646906886846,
145.0,232.30865573883057,8,0.6458333333333334,0.03376347065258663,
146.0,235.0538226366043,10,1.09375,0.033206880778959884,
127.0,137.53910374641418,7,1.0,0.08436478517688928,
193.0,230.4507908821106,7,0.5769230769230769,0.045667871166845384,
534.0,96.62741661071777,5,1.2083333333333333,0.7187045327435063,
213.0,270.3675310611725,10,0.7777777777777778,0.03661680077374959,
180.0,239.13708317279816,9,0.803921568627451,0.03955382736354164,
240.5,174.40916073322296,11,0.8297872340425532,0.09935422962107088,
205.5,142.26702570915222,8,1.125,0.12758898604423644,
132.5,199.49747383594513,2,18.4,0.041836075762517515,
160.5,55.55634891986847,7,1.0666666666666667,0.6534577410727797,
146.5,159.2964630126953,9,0.5853658536585366,0.07254963350441568,
752.5,105.49747395515442,8,0.8571428571428571,0.8496347102112797,Circle
1098.0,127.39696836471558,8,0.8780487804878049,0.8501469821413571,Circle
150.0,187.5979790687561,9,1.0714285714285714,0.05356052335369139,
997.5,130.5269113779068,5,0.9459459459459459,0.735737081583676,
212.5,294.9533175230026,8,0.7551020408163265,0.030694617640003453,
165.0,176.71067678928375,5,0.30303030303030304,0.06640002269935674,
233.0,248.79393661022186,7,0.6296296296296297,0.04730272947598765,
1198.0,132.2253955602646,8,0.8,0.8610669739098763,Circle
186.0,71.59797894954681,6,0.8,0.4559542640970782,
695.0,117.94112491607666,5,0.8787878787878788,0.6278619103983532,
111.0,113.88224935531616,9,0.9259259259259259,0.10755256436279528,
172.0,225.39696860313416,8,1.0,0.042544377076167705,
1416.0,144.22539579868317,8,0.8125,0.8554401666828125,Circle
552.0,91.59797894954681,7,0.6470588235294118,0.8267556262450519,Circle
1428.0,177.74011433124542,6,0.8163265306122449,0.5680246216351255,
444.0,99.74011409282684,4,0.9090909090909091,0.5608582503060467,Square
173.0,210.911687374115,8,1.0606060606060606,0.048871388120439535,
234.0,248.79393684864044,4,0.7611940298507462,0.04750574539127309,Rectangle
193.5,174.69343173503876,3,1.1481481481481481,0.07967786357431002,Triangle
152.5,169.72286939620972,8,0.6956521739130435,0.06652715886825727,
1492.5,148.12488973140717,8,0.75,0.8548071058567861,Circle
660.0,113.25483310222626,6,1.0625,0.6466068643270377,
950.0,133.4558436870575,4,0.9444444444444444,0.6702831145003575,Square
636.5,108.04163014888763,4,1.1481481481481481,0.6852136651565828,Square
780.5,142.12489068508148,3,0.6415094339622641,0.48555953193452117,Triangle
552.0,93.5979790687561,9,0.6285714285714286,0.7918009132207768,
1052.5,127.63960909843445,9,0.7333333333333333,0.8118224135847447,Circle
141.0,174.99494862556458,8,0.9142857142857143,0.05785993634022561,
907.5,130.18376553058624,4,1.0,0.6728880866169626,Square
303.0,398.8183237314224,12,0.6842105263157895,0.023938794960790898,
1198.0,151.25483322143555,4,0.7777777777777778,0.6580337366134167,Rectangle
730.0,118.28427076339722,4,1.0333333333333334,0.6556600623296609,Square
394.5,85.21320307254791,5,1.0869565217391304,0.6827207317796468,
140.0,193.68123853206635,11,0.6410256410256411,0.046898914672547004,
145.0,219.74011433124542,8,1.03125,0.0377362876716841,
120.5,147.7817450761795,7,1.0357142857142858,0.06933544859041046,
193.0,229.96550977230072,8,0.5769230769230769,0.045860814347521595,
533.0,94.97056245803833,4,1.1666666666666667,0.742607024240039,Square
1189.0,143.94112479686737,4,0.7555555555555555,0.7211439004120073,Rectangle
197.5,279.5218585729599,11,0.82,0.03176474793075008,
266.0,158.99494695663452,10,0.9090909090909091,0.13222843454197758,
228.5,149.58073365688324,7,1.1,0.12833489228537778,
158.0,55.79898953437805,7,1.0666666666666667,0.6376968654675641,
486.5,111.15432834625244,6,0.5853658536585366,0.4948116896800382,
744.5,103.84061932563782,8,0.8529411764705882,0.8676409211341147,Circle
1100.0,126.56854104995728,8,0.8780487804878049,0.8628811884627056,Circle
138.5,158.66904664039612,9,1.0689655172413792,0.06913137784729768,
185.0,72.76955199241638,7,1.0454545454545454,0.43901786162674467,
212.0,237.05382251739502,10,0.9459459459459459,0.047408018044872165,
203.0,270.71067690849304,8,0.7551020408163265,0.034809287369567225,
107.5,125.01219260692596,6,0.22641509433962265,0.08643976618691405,
189.5,194.26702570915222,4,0.6181818181818182,0.06309877039719103,Rectangle
1191.5,130.81118178367615,8,0.8181818181818182,0.8750123289318531,Circle
688.5,115.69848430156708,5,0.8787878787878788,0.646336183546456,
110.0,126.71067643165588,9,0.9259259259259259,0.08609464318563696,
172.0,223.7401144504547,8,1.0294117647058822,0.04317681463279431,
1406.0,144.2253955602646,8,0.8297872340425532,0.8493989253760985,Circle
548.0,91.5979790687561,8,0.6470588235294118,0.8207646413098227,Circle
1422.0,171.5979789495468,6,0.8125,0.606855263936718,
430.0,98.91168689727783,3,0.8484848484848485,0.5523102490033177,Triangle
172.5,209.15432798862457,8,1.0606060606060606,0.04955246367945441,
212.0,242.30865585803986,5,0.7611940298507462,0.04537408371666449,
177.0,185.2792181968689,4,1.2075471698113207,0.06479324207325468,Square
169.5,194.0660148859024,8,0.6739130434782609,0.05655624810311058,
1480.5,148.12488996982574,8,0.75,0.8479342821755407,Circle
653.5,111.35533833503723,4,1.032258064516129,0.6622673921549611,Square
942.5,135.35533845424652,5,0.918918918918919,0.6464581940062485,
633.0,106.62741661071777,4,1.1111111111111112,0.6996418825861979,Square
102.5,132.9533166885376,8,0.5675675675675675,0.07286775303859222,
193.5,248.69343090057373,6,0.6730769230769231,0.039315355391717696,
542.5,93.01219248771667,8,0.6285714285714286,0.788006578528025,
143.5,236.55129599571228,13,0.7333333333333333,0.03222634866778722,
136.0,172.99494850635529,8,0.8857142857142857,0.057106024690602296,
896.0,127.94112491607666,4,0.972972972972973,0.6878560221503506,Square
116.5,141.58073353767395,8,0.775,0.0730344012486683,
283.5,401.4041085243225,12,0.6891891891891891,0.02211053751515908,
1185.0,149.11269783973694,4,0.7777777777777778,0.6697287748324225,Rectangle
134.0,212.56854152679443,8,1.032258064516129,0.03726633441393203,
398.5,88.87005722522736,6,1.0416666666666667,0.6340554941679656,
142.0,192.02438509464264,12,0.625,0.04839332273689289,
832.0,130.42640614509583,4,1.03125,0.6146135562999111,Square
133.5,148.61017310619354,7,1.0,0.07596159051553203,
113.5,175.49747383594513,11,1.12,0.046308848977862,
1182.0,143.11269783973694,4,0.7333333333333333,0.7252220549180517,Rectangle
1463.5,146.46803605556488,8,0.8163265306122449,0.8572685161821997,Circle
256.5,162.40916109085083,8,0.8936170212765957,0.1222014016708471,
188.5,126.26702642440796,5,1.05,0.14857348572046877,
158.0,54.97056245803833,7,1.0666666666666667,0.6570623605845234,
154.0,66.4264065027237,5,0.8636363636363636,0.43858024631422327,
506.5,111.63960909843445,5,0.6585365853658537,0.5106845268195613,
744.5,104.66904664039612,8,0.8285714285714286,0.853960984294586,Circle
1091.0,126.56854152679443,8,0.8536585365853658,0.8558212450177122,Circle
152.0,188.56854128837585,8,1.0344827586206897,0.05371739813620486,
191.0,71.59797894954681,5,1.0454545454545454,0.46821109915345127,
982.0,130.76955199241638,5,0.9210526315789473,0.7216192002799539,
233.0,294.3675310611725,8,0.7708333333333334,0.03378982747802703,
110.5,113.35533845424652,4,0.27450980392156865,0.1080657784079999,Rectangle
735.5,144.95331704616547,4,0.6538461538461539,0.4398820345357055,Rectangle
1174.5,130.81118154525757,8,0.8181818181818182,0.8625278926367386,Circle
181.5,72.18376553058624,8,0.76,0.43773112268071085,
687.5,115.35533845424652,4,0.8787878787878788,0.649242843276419,Square
116.5,120.12488973140717,8,0.9259259259259259,0.10145414269416246,
182.0,222.56854152679443,8,1.0588235294117647,0.046169342754484005,
1399.5,143.63960909843445,9,0.8297872340425532,0.852382132834394,Circle
548.5,90.18376553058624,8,0.6666666666666666,0.8474806015700227,Circle
1418.0,171.5979789495468,5,0.7959183673469388,0.6051482167807779,
425.5,97.15432727336884,3,0.8787878787878788,0.5664807163633621,Triangle
168.0,209.7401144504547,8,1.0303030303030303,0.04799059610269443,
381.5,433.97264981269836,6,0.7272727272727273,0.025455385972557046,
434.5,134.12489020824432,7,0.6739130434782609,0.3035155078537256,
137.0,206.911687374115,11,0.96875,0.040212436337041794,
1462.5,146.4680358171463,8,0.7450980392156863,0.8566827529881496,Circle
648.0,111.59797894954681,4,1.064516129032258,0.6538410913066508,Square
935.5,134.18376553058624,5,0.8918918918918919,0.6529105793089865,
627.5,106.87005722522736,4,1.1481481481481481,0.6904170539075579,Square
148.5,176.20814990997314,7,0.6666666666666666,0.06010136490434971,
539.0,93.59797883033752,10,0.6285714285714286,0.7731534318844985,
132.5,236.89444184303284,13,0.7272727272727273,0.029669894356395766,
148.0,180.9949470758438,8,0.8857142857142857,0.05677258617065191,
893.5,131.01219260692596,4,0.9473684210526315,0.6541554904238347,Square
114.5,137.09545242786407,7,0.7631578947368421,0.0765542405508973,
2836.5,206.40916097164154,8,0.6891891891891891,0.8366324685406242,Circle
1181.5,149.01219260692596,4,0.7555555555555555,0.6686517411073652,Rectangle
721.5,114.38477599620819,4,1.0333333333333334,0.6929625226777502,Square
136.0,192.02438509464264,11,0.6578947368421053,0.04634853445223545,
394.5,84.38477599620819,4,0.9583333333333334,0.6961914218805592,Square
837.0,126.28427076339722,4,1.0,0.6595334101023955,Square
128.0,157.19595754146576,7,1.0,0.06509341951017356,
167.0,224.45078992843628,8,0.5961538461538461,0.041656622898157795,
117.5,173.49747383594513,11,1.12,0.04905253080048805,
1169.5,145.01219248771667,4,0.7555555555555555,0.6988774898258856,Rectangle
1452.0,145.05382251739502,8,0.8333333333333334,0.8671977140699924,Circle
263.5,157.5807342529297,8,0.8936170212765957,0.13334730536753425,
216.5,144.7523069381714,8,1.0,0.12984247253316808,
155.5,54.72792184352875,5,1.0,0.6524126045465873,
154.5,65.35533821582794,6,0.8181818181818182,0.45454429868773966,
108.0,103.39696872234344,8,0.6153846153846154,0.1269457032847692,
503.0,107.39696836471558,3,0.65,0.5480167146843499,Triangle
739.5,104.66904652118683,8,0.8285714285714286,0.848225855371803,Circle
1099.5,127.15432786941528,8,0.8780487804878049,0.8545604800549887,Circle
626.0,105.4558436870575,4,1.0344827586206897,0.7073639066680959,Square
194.5,69.35533809661865,5,1.0,0.5081239708247632,
974.0,130.76955199241638,5,0.918918918918919,0.7157404287909114,
238.5,292.1248904466629,8,0.7551020408163265,0.03512053494626843,
124.5,148.32590091228485,3,0.3064516129032258,0.07111238193290391,Triangle
743.5,146.12489008903503,7,0.6730769230769231,0.43756486453813753,
1174.5,131.63960897922516,8,0.8,0.8517060219841699,Circle
174.5,71.35533833503723,7,0.8333333333333334,0.4306776710677964,
684.0,112.62741661071777,4,0.875,0.6776067452391978,Square
183.0,219.7401144504547,8,1.0294117647058822,0.047625797492589265,
111.0,125.53910374641418,8,0.8928571428571429,0.08850642426203192,
1394.5,144.46803605556488,8,0.8125,0.8396240015191542,Circle
543.0,89.5979790687561,8,0.6666666666666666,0.8499889220395103,Circle
1399.5,166.5269112586975,5,0.7959183673469388,0.6341820027502775,
423.5,96.32590115070343,4,0.875,0.5735577038317373,Square
170.5,208.81118214130402,8,0.9705882352941176,0.04913904855069235,
386.5,438.3157960176468,6,0.7471264367816092,0.025280468508063317,
438.0,130.71067690849304,7,0.6521739130434783,0.32215275303018187,
703.5,114.04163014888763,4,0.9375,0.6797467385922317,Square
1452.5,146.46803617477417,8,0.7450980392156863,0.850825088983775,Circle
641.0,110.76955199241638,4,1.032258064516129,0.6564884582127487,Square
920.0,131.11269783973694,5,0.8918918918918919,0.6725246140062713,
634.0,105.79898953437805,4,1.1111111111111112,0.7117641048203613,Square
104.0,149.1959571838379,7,0.5675675675675675,0.05871229991875304,
742.5,136.95331740379333,3,0.6470588235294118,0.4974634859665828,Triangle
534.5,93.01219272613525,8,0.6470588235294118,0.7763862010395488,
120.5,186.26702547073364,13,0.7441860465116279,0.043644040723309,
424.5,108.81118190288544,3,0.8857142857142857,0.4505474161277815,Triangle
886.0,127.94112491607666,4,0.972972972972973,0.6801790576174226,Square
125.0,178.9949471950531,7,0.7894736842105263,0.049027340323447806,
2828.5,204.7523069381714,8,0.6986301369863014,0.8478293363223117,Circle
1166.5,146.5269113779068,4,0.7333333333333333,0.6827470253057366,Rectangle
722.5,115.21320307254791,4,1.0333333333333334,0.6839797025442708,Square
119.5,87.89949476718903,3,0.14285714285714285,0.1943591592127352,Triangle
382.5,81.55634891986847,4,1.0,0.7226462495000374,Square
128.0,198.50966596603394,12,0.6410256410256411,0.04081845068670913,
825.0,125.4558436870575,4,1.0,0.6586914432662204,Square
351.5,93.84062016010284,4,1.0,0.5015952959385942,Square
163.5,213.03657793998718,7,0.6,0.045270914376016574,
515.5,95.21320307254791,4,1.125,0.714569018462095,Square
1166.5,140.87005710601807,4,0.7333333333333333,0.738681505822153,Rectangle
1433.5,144.46803653240204,8,0.8333333333333334,0.8631057714108263,Circle
231.5,139.92387986183167,5,0.9777777777777777,0.1485857571131893,
201.0,134.1665198802948,8,1.0789473684210527,0.14031936535184533,
153.0,164.22539567947388,3,8.625,0.071288694400815,Triangle
156.5,53.55634891986847,5,1.0,0.6856496856731054,
155.5,64.18376588821411,6,0.8181818181818182,0.4743401288140121,
145.0,163.48022842407227,7,0.7027027027027027,0.06817849253995338,
115.5,102.32590043544769,7,0.5925925925925926,0.13861834145264915,
729.5,104.66904664039612,8,0.8823529411764706,0.8367555917298864,Circle
1096.0,126.56854128837585,9,0.8780487804878049,0.8597434354474608,Circle
621.0,104.62741661071777,4,1.0,0.7128701992718056,Square
190.0,69.94112467765808,5,0.9130434782608695,0.4880881251560413,
968.0,130.76955199241638,5,0.8947368421052632,0.7113313501741296,
233.0,290.2253955602646,8,0.75,0.03476121609245735,
736.5,146.12489020824432,6,0.6730769230769231,0.4334452215286155,
1170.0,130.22539508342743,8,0.8181818181818182,0.8669705762572845,Circle
675.0,111.79898953437805,5,0.84375,0.6786375407978585,
186.0,219.7401144504547,8,1.0294117647058822,0.0484065482711563,
269.5,85.84061932563782,6,0.8571428571428571,0.4596030995368381,
1384.0,143.05382227897644,8,0.8125,0.849859281063146,Circle
132.0,170.85281193256378,14,0.6666666666666666,0.05682501164757876,
1396.0,165.11269783973694,4,0.7755102040816326,0.6434789362188019,Rectangle
132.5,165.09545242786407,8,0.875,0.06108794571968999,
167.0,207.39696860313416,8,0.9705882352941176,0.04878895617517736,
422.5,438.3157948255539,6,0.7586206896551724,0.027635182413338257,
440.0,128.22539520263672,7,0.6521739130434783,0.33629038309106085,
698.0,112.97056245803833,4,0.9375,0.6872815802495733,Square
1444.0,146.71067678928375,8,0.7647058823529411,0.8430505502416615,Circle
634.5,110.18376541137695,4,1.032258064516129,0.6567593596997191,Square
924.5,130.87005722522736,5,0.9166666666666666,0.678322456277695,
633.5,106.04163002967834,5,1.1481481481481481,0.707951805062926,
101.0,116.71067678928375,8,0.5675675675675675,0.09317728736421288,
191.5,235.865003824234,8,0.66,0.04325652492158487,
102.0,131.39696872234344,12,0.6285714285714286,0.07424023588737423,
125.0,196.16652011871338,13,0.7272727272727273,0.040819727483524734,
424.0,106.91168713569641,5,0.8571428571428571,0.46614964145850424,
881.5,128.5269113779068,4,0.972972972972973,0.6705698738439028,Square
120.5,133.43859815597534,7,0.7631578947368421,0.085042098693158,
101.0,123.53910422325134,9,0.6875,0.08316150530351592,
2836.5,205.58073329925537,8,0.6891891891891891,0.8433888016567312,Circle
1166.0,144.28427076339722,4,0.7727272727272727,0.7038343151226233,Rectangle
722.5,114.38477599620819,4,1.0333333333333334,0.6939229696946285,Square
148.0,96.14213538169861,4,0.15555555555555556,0.20120744749859343,Rectangle
379.5,80.72792184352875,4,1.0454545454545454,0.7317691539409316,Square
722.0,105.25483322143555,8,0.6578947368421053,0.8189605212918336,Circle
817.0,122.62741661071777,4,1.064516129032258,0.6827422238120238,Square
350.0,96.08326041698456,4,0.9655172413793104,0.47641172900056555,Square
166.0,208.45079100131989,7,0.58,0.04800769527589618,
516.0,94.97056245803833,4,1.125,0.7189216219659665,Square
1171.0,140.28427076339722,5,0.7727272727272727,0.7477368795661222,
1439.0,143.88224923610687,8,0.8333333333333334,0.8734865485611031,Circle
271.0,163.82337415218353,8,0.9782608695652174,0.12689000713908194,
222.0,141.33809340000153,8,1.0,0.13965110659170205,
207.0,197.1959581375122,4,8.2,0.06689354183161905,Rectangle
154.5,53.55634891986847,4,1.0,0.6768873893705737,Square
157.5,64.52691113948822,5,0.8181818181818182,0.47534471504099207,
115.5,99.9827550649643,8,0.5925925925925926,0.14519165269039352,
728.0,103.25483286380768,8,0.8529411764705882,0.8580655523084117,Circle
198.5,246.5512969493866,11,0.9,0.04103512798436435,
623.5,104.04163014888763,4,1.0,0.7238224106874742,Square
190.0,68.76955187320709,6,1.0,0.5048601317672115,
968.0,128.28427064418793,5,0.868421052631579,0.7391599077620131,
232.0,287.39696860313416,8,0.75,0.035296649547102286,
166.0,169.96551036834717,5,0.8409090909090909,0.07220983400981322,
1166.0,129.39696836471558,8,0.7954545454545454,0.8751050935697212,Circle
672.0,111.79898953437805,5,0.84375,0.675621373949868,
272.0,87.25483286380768,5,0.8571428571428571,0.4489518713196171,
179.5,220.81118214130402,8,0.9714285714285714,0.046262829501874145,
126.0,150.50966608524323,6,1.5517241379310345,0.0698958876558352,
1381.5,141.98275482654572,8,0.8085106382978723,0.8611713174703172,Circle
101.0,136.71067714691162,12,0.696969696969697,0.06790884889978992,
1387.5,164.87005722522736,4,0.7551020408163265,0.6414447847405594,Rectangle
437.0,96.08326041698456,4,0.875,0.5948340730664204,Square
167.5,206.32590091228485,8,1.0,0.049444407287185264,
200.0,184.10764467716217,3,1.2407407407407407,0.07414744928240057,Triangle
439.0,131.05382239818573,6,0.6521739130434783,0.3211996027744312,
699.0,112.14213538169861,4,0.90625,0.6984726362739152,Square
1443.5,146.12489080429077,8,0.7450980392156863,0.8495290864524752,Circle
632.0,109.94112491607666,4,1.032258064516129,0.6570623605845234,Square
923.5,128.04163014888763,5,0.9166666666666666,0.7078551146522452,
621.5,104.04163014888763,4,1.1111111111111112,0.721500606643569,Square
105.5,117.7817451953888,8,0.5526315789473685,0.09556664803105305,
743.5,134.9533188343048,3,0.66,0.5130074807359353,Triangle
112.5,176.2670259475708,11,0.7441860465116279,0.04550092572254535,
428.5,105.49747383594513,3,0.8571428571428571,0.4838119257784829,Triangle
879.0,127.11269783973694,4,0.9459459459459459,0.6836296123709495,Square
398.5,107.98275458812714,4,0.7894736842105263,0.4294665919926347,Rectangle
325.0,96.91168737411499,5,0.6111111111111112,0.43485144175899415,
2826.5,205.58073437213898,8,0.6891891891891891,0.8404154496743257,Circle
1163.5,144.5269113779068,5,0.7727272727272727,0.6999690028711305,
724.0,114.62741661071777,4,1.0333333333333334,0.6924228972278972,Square
172.0,111.79898953437805,3,0.1346153846153846,0.17292689928478763,Triangle
381.5,84.04163014888763,4,1.0,0.6787587961515366,Square
710.0,106.08326017856598,8,0.6578947368421053,0.7928198159879556,
156.5,224.32590079307556,10,1.0,0.03908097276262345,
356.0,95.25483429431915,3,0.9655172413793104,0.4930441500433385,Triangle
158.0,167.4802281856537,8,0.58,0.07078477617122715,
510.5,96.04163014888763,6,1.125,0.6954830734637314,
1167.5,140.04163014888763,4,0.75,0.748087569216747,Rectangle
1428.0,145.05382239818573,8,0.8333333333333334,0.8528638689582534,Circle
375.0,228.1076456308365,12,0.7230769230769231,0.09056522025299134,
221.5,153.92387974262238,10,0.9130434782608695,0.11748207042122481,
339.5,342.977702498436,2,13.0,0.03626752081754695,
158.5,54.38477599620819,5,1.0,0.6734175686776506,
156.0,64.76955187320709,5,0.8181818181818182,0.46729666098188255,
108.5,157.9238793849945,9,0.6666666666666666,0.054669360596677236,
113.0,102.56854140758514,8,0.6153846153846154,0.13497705501538254,
724.5,104.32590043544769,8,0.8823529411764706,0.8364961958428597,Circle
180.0,235.4802292585373,14,0.875,0.04079185631493238,
614.5,103.21320307254791,4,1.0357142857142858,0.7248718580603424,Square
189.5,69.35533845424652,5,1.0,0.4950616528445617,
961.0,128.28427076339722,5,0.918918918918919,0.7338147417759595,
241.5,288.46803629398346,8,0.7708333333333334,0.03646965062223715,
198.5,250.35028564929962,8,0.7254901960784313,0.03979918626699422,
166.5,201.72286880016327,11,0.7727272727272727,0.05141784019612731,
668.5,111.21320307254791,4,0.84375,0.679201407729078,Square
183.5,216.6690467596054,8,1.0303030303030303,0.04911930206850713,
268.5,85.84062027931213,4,0.8571428571428571,0.45789769752749476,Square
1387.0,142.22539520263672,8,0.8297872340425532,0.8616522504986981,Circle
1391.0,163.4558436870575,4,0.7551020408163265,0.6542384899628577,Rectangle
431.5,96.66904664039612,3,0.875,0.5802508602014861,Triangle
182.0,206.911687374115,8,1.0,0.053420900827311,
177.0,253.96551060676575,5,0.7536231884057971,0.03448527126247824,
118.5,127.92387986183167,3,1.075,0.09099655872937058,Triangle
436.5,129.2964632511139,6,0.6521739130434783,0.32811102321296265,
695.0,114.62741661071777,4,0.8787878787878788,0.6646877259300947,Square
194.0,256.10764467716217,13,0.7450980392156863,0.03716777040457089,
633.0,109.94112479686737,5,1.032258064516129,0.6581020176455211,
923.5,128.04163014888763,5,0.9166666666666666,0.7078551146522452,
615.0,102.97056245803833,4,1.1538461538461537,0.7288846592692125,Square
734.5,134.46803545951843,3,0.64,0.5104621486030853,Triangle
427.5,105.15432810783386,4,0.8571428571428571,0.48583822065804677,Square
876.0,129.5979790687561,4,0.9473684210526315,0.655416713070699,Square
396.5,107.98275446891785,4,0.7631578947368421,0.42731117716701145,Rectangle
322.0,94.4264063835144,5,0.5833333333333334,0.4538149637584423,
2823.0,204.99494791030884,8,0.7123287671232876,0.8441787702130417,Circle
1160.5,144.04163014888763,4,0.7111111111111111,0.7028763867392468,Rectangle
712.5,114.87005722522736,4,1.0,0.6785487547973114,Square
188.0,124.62741661071777,3,0.13793103448275862,0.1521039624406989,Triangle
379.5,84.04163014888763,5,1.0,0.6752004276264958,
145.0,228.30865573883057,8,0.6382978723404256,0.03495691611132089,
708.0,106.08326017856598,8,0.6410256410256411,0.7905865207316516,
147.5,220.66904664039612,9,1.0,0.0380644051169405,
353.5,95.01219236850739,3,0.9310344827586207,0.4920855399733917,Triangle
174.5,222.20815014839172,7,0.6122448979591837,0.044410465710251146,
500.5,95.21320307254791,4,1.125,0.6937765155000554,Square
1159.5,141.69848430156708,4,0.7333333333333333,0.72568844415111,Rectangle
1422.5,146.46803617477417,8,0.8333333333333334,0.8332521095211153,Circle
342.5,170.0660150051117,6,0.9038461538461539,0.14881111440482575,
228.5,159.58073437213898,8,0.9761904761904762,0.11275482877459389,
319.0,247.68123936653137,2,12.222222222222221,0.06534529497485106,
112.5,108.18376553058624,4,6.857142857142857,0.12079200745981825,Rectangle
157.0,53.31370830535889,4,1.1428571428571428,0.6941154854093716,Square
154.5,63.69848394393921,7,0.7727272727272727,0.4784980317817437,
453.0,104.56854152679443,3,0.6153846153846154,0.5206021586853324,Triangle
115.5,105.6396095752716,9,0.5925925925925926,0.13005835998442775,
729.0,104.9116872549057,8,0.8823529411764706,0.8323186938515166,Circle
1042.0,123.74011421203613,8,0.875,0.855178074961757,Circle
610.5,104.04163014888763,4,1.0357142857142858,0.7087306844020899,Square
189.5,69.35533881187439,5,1.0,0.4950616477390328,
966.0,127.11269783973694,5,0.8918918918918919,0.7512926115475965,
243.0,287.88224971294403,8,0.7872340425531915,0.036845661828214686,
136.0,172.71067643165588,5,0.43548387096774194,0.05729416601792383,
736.5,139.63960909843445,5,0.6666666666666666,0.4746411268644001,
160.0,197.8233745098114,11,0.75,0.05137769721017869,
674.0,111.4558436870575,4,0.875,0.6818111091496124,Square
194.0,222.56854152679443,8,1.0294117647058822,0.04921347524379065,
266.0,85.25483286380768,6,0.8571428571428571,0.45988949145316144,
1371.5,140.81118214130402,8,0.8478260869565217,0.8692233553453013,Circle
1412.0,163.94112479686737,4,0.7916666666666666,0.6601896931222931,Rectangle
427.0,96.08326017856598,4,0.875,0.5812223122651509,Square
179.0,205.7401144504547,8,1.0303030303030303,0.05314041489117986,
1992.0,238.9360728263855,5,0.7325581395348837,0.43846583139663226,
436.5,128.46803629398346,6,0.6521739130434783,0.33235631921175124,
694.0,115.4558436870575,4,0.9090909090909091,0.6542406068685087,Square
159.0,214.30865585803986,11,0.6666666666666666,0.043503837048722405,
637.5,110.18376541137695,4,1.032258064516129,0.6598646048992449,Square
920.0,134.42640614509583,5,0.8918918918918919,0.6397768411373164,
612.0,105.4558436870575,5,1.1111111111111112,0.6915442665828669,
109.5,142.1248904466629,8,0.5405405405405406,0.06812142078823107,
735.5,136.1248904466629,3,0.66,0.49878967458799206,Triangle
435.0,104.91168785095215,3,0.8571428571428571,0.4966510668194811,Triangle
881.0,129.94112491607666,4,0.9210526315789473,0.6556808927842076,Square
394.5,108.32590067386627,4,0.7631578947368421,0.4224664781320234,Rectangle
322.5,98.32590067386627,6,0.6111111111111112,0.4191830530446524,
301.0,395.9898966550827,13,0.6986301369863014,0.024121713159182448,
1168.0,145.11269783973694,5,0.75,0.6970145985001992,
706.0,114.62741661071777,5,1.0,0.6752079633189163,
196.5,126.04163014888763,3,0.13793103448275862,0.15543341747506742,Triangle
367.0,80.14213538169861,4,1.0454545454545454,0.7180490439246948,Square
155.5,231.0365775823593,8,0.6458333333333334,0.03660823344320171,
130.5,192.18376553058624,9,1.0,0.0444004098326745,
361.5,93.01219403743744,4,0.9310344827586207,0.5250956104061882,Square
169.0,221.62236368656158,7,0.6,0.04323837897207675,
495.0,93.79898953437805,4,1.125,0.7069989082687264,Square
1149.0,141.11269783973694,4,0.7333333333333333,0.7250996622841026,Rectangle
1413.5,144.46803605556488,8,0.8333333333333334,0.8510638409088022,Circle
389.0,225.42135429382324,9,0.7230769230769231,0.09619873387862193,
236.5,164.06601464748383,8,0.9767441860465116,0.11040881575895216,
455.0,365.07820761203766,2,14.090909090909092,0.042899224497142265,
121.5,123.01219260692596,3,11.0,0.1008996878846934,Triangle
459.5,101.15432846546173,4,0.6153846153846154,0.5643212927357271,Rectangle
115.5,102.8111822605133,7,0.5925925925925926,0.1373128374941322,
737.5,105.49747347831726,8,0.8529411764705882,0.8326984776680368,Circle
1055.0,124.9116872549057,8,0.875,0.8496815230913917,Circle
158.5,187.98275482654572,10,1.0714285714285714,0.056364169344929466,
194.5,68.18376541137695,4,0.9545454545454546,0.5257357466086455,Square
956.0,131.5979790687561,5,0.918918918918919,0.693696201521303,
200.0,243.39696860313416,8,0.7872340425531915,0.04242379638562049,
177.5,226.55129659175873,7,0.43548387096774194,0.043458538527270274,
732.5,142.9533177614212,5,0.6862745098039216,0.4504317698733249,
129.0,194.16652035713196,11,0.7272727272727273,0.042998259744703365,
680.5,115.69848430156708,4,0.875,0.6388261044348051,Square
265.5,86.66904675960541,5,0.8888888888888888,0.44416706201924316,
165.5,181.49747383594513,8,1.0606060606060606,0.06313449234489059,
1363.5,143.15432798862457,8,0.8260869565217391,0.8360957986292066,Circle
1428.0,170.911687374115,4,0.8297872340425532,0.6143198487808763,Square
424.5,97.49747383594513,3,0.8484848484848485,0.5611782521749865,Triangle
179.5,208.81118202209473,9,1.0303030303030303,0.051732898679884995,
2006.5,239.1787133216858,4,0.7241379310344828,0.44076183006837105,Rectangle
446.0,127.88224995136261,6,0.6521739130434783,0.3427079550290871,
692.5,114.04163014888763,4,0.9375,0.6691181470861698,Square
639.0,110.76955199241638,4,1.064516129032258,0.6544401322900879,Square
938.0,130.28427076339722,5,0.9166666666666666,0.6944304077682255,
620.5,104.87005722522736,4,1.1111111111111112,0.7090039257552831,Square
286.5,95.01219236850739,5,0.5405405405405406,0.3988189736983783,
739.0,134.71067595481873,4,0.66,0.5117410686376375,Rectangle
435.0,105.740114569664,3,0.8571428571428571,0.48889947141871903,Triangle
873.5,131.8406196832657,4,0.9473684210526315,0.6315013772397164,Square
394.5,107.98275458812714,5,0.7631578947368421,0.42515576045444015,
330.0,96.9116883277893,4,0.5945945945945946,0.44154145524978894,Rectangle
297.0,330.5340520143509,12,0.7123287671232876,0.03416126135526295,
1152.5,147.01219248771667,4,0.7555555555555555,0.6701068987002841,Rectangle
694.5,114.04163014888763,4,1.0,0.67105061826909,Square
192.0,128.62741661071777,3,0.13559322033898305,0.14582903376755732,Triangle
374.5,81.55634891986847,4,1.0909090909090908,0.7075320795758536,Square
154.0,228.7939372062683,8,0.6458333333333334,0.03696932839266949,
799.5,122.87005722522736,5,1.032258064516129,0.6654818435146925,
354.0,94.76955211162567,4,0.9310344827586207,0.4953081451081272,Square
173.5,219.3797231912613,7,0.58,0.045301895592768406,
502.5,93.55634891986847,5,1.2173913043478262,0.7214386416663695,
1151.0,139.4558436870575,4,0.75,0.7437239252687589,Rectangle
192.5,247.03657829761505,12,0.8333333333333334,0.03963857846939,
384.5,217.52185881137848,9,0.734375,0.10211755231521738,
251.0,154.16652035713196,7,0.9767441860465116,0.1327099376443438,
503.0,372.9360725879669,2,16.4,0.04544740214516738,
122.0,129.5979789495468,2,11.8,0.09127949673713186,
474.0,103.74011492729187,4,0.6410256410256411,0.5534708545494912,Rectangle
100.5,95.1543288230896,9,0.72,0.1394822117209831,
721.0,106.08326029777527,9,0.8529411764705882,0.8051029380881862,Circle
1074.5,125.1543276309967,8,0.875,0.8620342890640463,Circle
104.5,106.32590043544769,10,1.0476190476190477,0.11615770315093248,
184.0,197.39696860313416,8,0.918918918918919,0.059339888926043596,
186.5,222.0660150051117,8,0.42857142857142855,0.04752526003606888,
743.5,143.29646337032318,4,0.6730769230769231,0.4550089015440181,Rectangle
142.0,196.65180146694183,11,0.75,0.04614263058928247,
171.5,68.52691125869751,7,0.8260869565217391,0.45893552241083874,
115.0,114.22539591789246,8,0.9230769230769231,0.11075985034998198,
148.0,180.08326029777527,7,1.0909090909090908,0.057348873303403616,
220.0,277.7645000219345,13,0.8085106382978723,0.0358326614105611,
107.5,179.49747383594513,6,1.0526315789473684,0.0419277586226822,
428.5,97.49747383594513,3,0.8484848484848485,0.5664661508998392,Triangle
124.0,172.0832600593567,7,1.0625,0.05262041866430873,
2043.0,241.42135441303253,5,0.7471264367816092,0.44048068207160207,
163.0,162.65180146694183,9,0.6888888888888889,0.07742473239872256,
157.0,202.2253955602646,9,0.96875,0.048243424630714,
622.5,113.01219236850739,5,1.064516129032258,0.6124894601629959,
923.5,131.69848430156708,4,0.9166666666666666,0.6690910340371495,Square
611.0,105.4558436870575,4,1.2307692307692308,0.6904142922910649,Square
286.5,94.18376529216766,5,0.5405405405405406,0.40586573972874346,
746.5,134.95331752300262,4,0.66,0.5150774604056484,Rectangle
106.0,131.1959583759308,7,1.6923076923076923,0.07738821268567497,
437.5,106.32590138912201,5,0.9117647058823529,0.4863061647550828,
864.0,128.7695518732071,4,0.972972972972973,0.6547827624930991,Square
396.0,107.74011385440826,4,0.7631578947368421,0.4286967485780299,Rectangle
335.0,96.9116883277893,4,0.5945945945945946,0.4482314772990282,Rectangle
122.0,149.8822499513626,8,0.8636363636363636,0.06824475625527637,
1143.5,146.18376553058624,4,0.7727272727272727,0.6724310261560159,Rectangle
138.0,207.74011421203613,10,1.0333333333333334,0.040183542286543694,
195.0,126.62741661071777,3,0.13793103448275862,0.15282309187866658,Triangle
107.0,143.5979790687561,11,1.0909090909090908,0.06520741529981099,
656.5,127.63960909843445,3,0.6458333333333334,0.5063766408725747,Triangle
799.5,122.04163014888763,4,1.032258064516129,0.6745471816205398,Square
354.5,95.01219284534454,3,1.0,0.4934775733227776,Triangle
174.0,220.79393649101257,7,0.6122448979591837,0.04485231125620966,
506.0,94.62741661071777,5,1.2173913043478262,0.7101112832594358,
1156.0,140.28427076339722,4,0.75,0.7381586957971283,Rectangle
175.0,235.62236487865448,11,0.8541666666666666,0.039610916547953526,
331.5,163.58073353767395,7,0.94,0.1556786633367097,
246.5,139.09545278549194,9,0.9767441860465116,0.16010353555166115,
508.5,360.89444231987,2,14.818181818181818,0.04906145605139596,
192.0,212.22539567947388,2,16.166666666666668,0.0535693514841155,
145.0,54.97056245803833,5,1.1428571428571428,0.6030002676250372,
485.5,104.32590055465698,3,0.625,0.5605505895839817,Triangle
725.5,105.49747371673584,8,0.8823529411764706,0.8191494817865644,Circle
188.0,235.4802290201187,12,0.875,0.04260482779298006,
206.5,245.4385986328125,8,1.0,0.0430768754762525,
179.5,218.06601524353027,7,0.4126984126984127,0.047434938462779144,
742.0,143.8822499513626,5,0.6538461538461539,0.4504009816459388,
141.0,197.4802281856537,11,0.7333333333333333,0.04543407974281716,
177.0,68.76955187320709,6,0.8695652173913043,0.4703170701199812,
119.0,121.39696800708771,6,0.9615384615384616,0.10147081425991432,
101.5,140.18376541137695,7,1.2121212121212122,0.06490534517519567,
220.5,272.6934311389923,15,0.8085106382978723,0.037262252547130066,
429.5,97.49747371673584,4,0.8484848484848485,0.5677881269695112,Square
2071.5,242.00714099407196,4,0.7471264367816092,0.4444658924199404,Rectangle
171.5,201.2375875711441,8,0.6888888888888889,0.05321766111461762,
151.5,179.2964631319046,10,1.1,0.05922145205388798,
614.5,107.21320307254791,4,1.1923076923076923,0.6717925898809123,Square
291.0,94.42640590667725,5,0.5405405405405406,0.41012470741449997,
763.0,138.36753106117249,4,0.68,0.5008019583561659,Rectangle
142.0,141.19595789909363,8,0.9411764705882353,0.08950631556898675,
867.5,129.35533845424652,4,1.0277777777777777,0.6514943208129421,Square
409.5,109.15432751178741,4,0.7631578947368421,0.43189865683329515,Rectangle
335.0,95.59797883033752,4,0.5675675675675675,0.46063533610305973,Rectangle
1132.0,144.76955199241638,4,0.7727272727272727,0.6787374774335224,Rectangle
116.0,199.25483310222626,9,1.103448275862069,0.03671555728124604,
193.0,121.79898953437805,3,0.14035087719298245,0.1634857117457095,Triangle
156.0,229.62236416339874,7,0.6458333333333334,0.03717971824055171,
349.0,93.94112503528595,6,1.037037037037037,0.4969626810714652,
192.0,219.6223645210266,7,0.6,0.05002164465801371,
505.0,96.62741661071777,5,1.2608695652173914,0.6796737622387091,
220.5,258.95331740379333,9,0.7954545454545454,0.041321444946293334,
403.0,222.9360717535019,10,0.7272727272727273,0.10189531621799702,
106.5,150.95331740379333,6,1.1153846153846154,0.058731913223546255,
254.0,153.33809316158295,8,0.9767441860465116,0.13575113335068836,
524.0,356.16652047634125,2,14.727272727272727,0.051908079841059676,
252.5,307.92387998104095,2,22.833333333333332,0.03346451272283407,
147.0,51.31370830535889,5,1.0714285714285714,0.7015528553659343,
492.0,103.74011445045471,4,0.6410256410256411,0.5744887403832312,Rectangle
721.5,103.84061932563782,8,0.8529411764705882,0.8408367019452838,Circle
179.0,238.3086552619934,13,0.8536585365853658,0.03960803188896749,
608.0,104.62741661071777,4,1.0714285714285714,0.6979469905913973,Square
985.0,133.5979789495468,7,0.9722222222222222,0.693499764652973,
182.0,257.053822517395,8,0.7872340425531915,0.034612511986949084,
190.0,217.82337427139282,7,0.4126984126984127,0.05032160706856582,
761.0,147.53910422325134,5,0.6730769230769231,0.4393192526513967,
176.0,69.94112491607666,6,0.8695652173913043,0.4521237339042076,
153.5,221.63960921764374,8,1.0909090909090908,0.03926661753287398,
103.0,117.05382239818573,8,0.9259259259259259,0.0944660787605272,
1372.0,142.568541765213,8,0.8085106382978723,0.8482357264054393,Circle
1392.0,160.28427076339722,4,0.7708333333333334,0.6808748427405824,Rectangle
439.0,98.91168713569641,4,0.90625,0.5638702282408744,Square
149.5,209.15432798862457,8,1.0606060606060606,0.042945468522193816,
2087.5,244.00714027881622,4,0.7586206896551724,0.44058659349612683,Rectangle
149.5,160.40916097164154,8,0.6888888888888889,0.07301174397653573,
1401.5,146.1248904466629,8,0.7450980392156863,0.824811236917905,Circle
152.0,183.39696848392487,10,1.1,0.05678964407546034,
604.0,105.4558436870575,4,1.1923076923076923,0.6825044722484503,Square
288.5,95.49747371673584,4,0.5405405405405406,0.3975318370448911,Rectangle
201.5,240.00713992118835,7,0.6862745098039216,0.04395786503160312,
137.0,207.82337546348572,9,0.9259259259259259,0.03986039907706762,
129.0,149.53910326957703,10,1.0,0.07249199140575895,
864.5,129.8406196832657,4,1.0277777777777777,0.6443972858220757,Square
146.5,181.23758745193481,8,0.7894736842105263,0.05604681578673905,
330.0,98.42640602588654,4,0.5945945945945946,0.4280559607510862,Rectangle
171.5,255.29646337032318,10,0.7906976744186046,0.03306620784699397,
194.5,126.04163014888763,3,0.13793103448275862,0.15385139795878175,Triangle
371.0,82.97056245803833,6,1.1428571428571428,0.6772292467915374,
115.5,182.2670258283615,12,0.6410256410256411,0.04368935511995949,
151.0,233.62236368656158,7,0.6666666666666666,0.03476626082956512,
123.0,137.39696860313416,7,1.0357142857142858,0.0818767647048728,
161.0,165.48022842407227,7,0.6,0.07388282904311019,
110.5,168.6690467596054,9,1.2173913043478262,0.048809163087714616,
198.0,253.0538226366043,8,0.7727272727272727,0.03885520905571103,
379.5,244.49242198467255,11,0.7272727272727273,0.0797794134034379,
250.0,146.02438485622406,10,0.9767441860465116,0.14733268444244235,
508.0,348.85281229019165,2,16.1,0.05245526911766059,
275.5,288.46803629398346,2,22.333333333333332,0.04160409418810076,
150.5,53.55634891986847,4,1.0714285714285714,0.6593627967655104,Square
115.5,99.29646253585815,7,0.8666666666666667,0.14720558734763362,
723.0,103.25483310222626,8,0.8529411764705882,0.8521722410082725,Circle
185.0,240.30865514278412,13,0.9,0.04025712596074944,
607.0,103.4558436870575,4,1.0357142857142858,0.7126700396083028,Square
967.5,129.35533833503723,5,0.918918918918919,0.7265945320441314,
187.5,249.15432786941528,9,0.7872340425531915,0.03795546053605246,
111.5,107.8406195640564,9,0.2391304347826087,0.12048139372958297,
225.0,243.7644990682602,8,0.6923076923076923,0.04758296148798185,
158.5,245.37972402572632,14,0.7954545454545454,0.03307971682817081,
661.5,114.5269113779068,4,0.90625,0.633759693982812,Square
163.5,219.15432798862457,8,1.0606060606060606,0.042778693575987195,
1383.0,141.39696860313416,8,0.8478260869565217,0.8692643055069915,Circle
521.0,91.25483310222626,8,0.71875,0.7862050643938816,
1394.5,160.87005722522736,4,0.75,0.6771391905149543,Rectangle
443.5,98.32590067386627,3,0.8787878787878788,0.576457934962181,Triangle
163.5,206.32590091228485,8,1.0303030303030303,0.04826364532211816,
2119.0,243.07820868492126,3,0.75,0.45065974460904706,Triangle
146.0,156.99494695663452,7,0.6666666666666666,0.07443743009300029,
679.0,115.11269783973694,4,0.96875,0.6439218669226381,Square
1412.5,145.2964631319046,8,0.7450980392156863,0.8407913503246198,Circle
625.0,110.76955187320709,4,1.0666666666666667,0.640101852209208,Square
902.5,130.5269113779068,5,0.9166666666666666,0.6656668833376116,
614.0,105.4558436870575,5,1.1923076923076923,0.6938042151664711,
297.0,94.08326089382172,5,0.5675675675675675,0.42163979193987594,
209.0,240.10764610767365,7,0.6666666666666666,0.04555585162607231,
515.0,92.76955199241638,8,0.6176470588235294,0.7519797999093076,
105.0,197.33809328079224,14,0.7045454545454546,0.03388264517463338,
143.5,174.2670258283615,7,0.9117647058823529,0.0593787876911566,
867.5,127.35533845424652,4,1.0,0.6721172453728872,Square
133.0,138.8528116941452,7,0.7631578947368421,0.08668663566638765,
336.5,98.66904628276825,5,0.5945945945945946,0.43434324510149036,
224.0,328.877197265625,13,0.6986301369863014,0.026024977158243583,
185.0,270.3675310611725,10,0.7727272727272727,0.031803324615698,
695.5,113.21320307254791,4,1.0689655172413792,0.6818876781918275,Square
193.5,126.38477599620819,3,0.13559322033898305,0.15223037152815524,Triangle
371.5,82.38477599620819,4,1.0909090909090908,0.6878199238426412,Square
723.0,105.59797871112823,8,0.6153846153846154,0.8147736038129951,Circle
159.5,231.86500453948975,7,0.6595744680851063,0.037282080569426654,
799.5,124.5269113779068,4,1.064516129032258,0.647890928417057,Square
120.0,157.05382239818573,6,1.0357142857142858,0.061135587283496474,
168.0,166.30865490436554,6,0.6326530612244898,0.07632897733822624,
502.0,93.79898953437805,4,1.173913043478261,0.7169968726280821,Square
192.5,261.2964633703232,10,0.7727272727272727,0.03543019434925171,
1417.0,145.0538227558136,8,0.8333333333333334,0.8462941851223602,Circle
340.5,168.4091613292694,7,0.9411764705882353,0.15086745147214195,
248.0,145.3380926847458,8,0.9767441860465116,0.14753757191128972,
509.0,359.48022878170013,2,16.3,0.04949685756746893,
311.0,344.02438521385193,2,26.666666666666668,0.033021119906077076,
155.0,52.485281229019165,4,1.0714285714285714,0.7070766652120216,Square
152.5,188.0660148859024,9,0.6842105263157895,0.0541825030077191,
106.5,90.81118190288544,9,0.5925925925925926,0.1622859102303513,
733.5,103.8406194448471,9,0.8529411764705882,0.8548215099941734,Circle
1082.0,125.740114569664,8,0.875,0.859982118958264,Circle
604.5,103.21320307254791,4,1.0357142857142858,0.7130757334377168,Square
187.0,67.11269748210907,4,1.0,0.5217255201964911,Square
965.0,129.94112491607666,5,0.8918918918918919,0.7181975726864476,
217.0,286.56854152679443,8,0.7659574468085106,0.033205694739989765,
198.5,229.52185893058777,6,0.782608695652174,0.04735024928641532,
177.0,250.45079100131989,13,0.8181818181818182,0.035459966016617224,
665.0,111.4558436870575,4,0.8181818181818182,0.6727068065051814,Square
166.5,218.32590091228485,8,1.0303030303030303,0.043894851084910064,
275.0,85.25483298301697,5,0.8888888888888888,0.4754496608870001,
1387.5,142.81118190288544,8,0.8297872340425532,0.8549061258729116,Circle
527.0,89.59797883033752,9,0.6875,0.8249432123365825,Circle
1389.5,163.35533845424652,4,0.7708333333333334,0.6543374113748984,Rectangle
436.5,97.49747335910797,4,0.8484848484848485,0.5770419539938968,Square
166.0,209.39696860313416,8,1.0303030303030303,0.0475748219571823,
2135.5,246.0071394443512,5,0.7701149425287356,0.44341871354440554,
434.5,128.46803641319275,6,0.6666666666666666,0.3308334946838567,
683.5,114.87005722522736,4,0.9375,0.6509306300406489,Square
1428.5,145.29646277427673,8,0.7450980392156863,0.850315362726562,Circle
630.0,109.94112491607666,5,1.032258064516129,0.6549830493168508,
917.0,129.4558436870575,4,0.8888888888888888,0.6876000202771182,Square
611.0,104.62741661071777,4,1.1538461538461537,0.7013908079791839,Square
295.5,95.8406195640564,7,0.5675675675675675,0.40426684403952695,
778.0,136.36753249168396,3,0.6666666666666666,0.5257357337402425,Triangle
525.5,92.66904664039612,10,0.6470588235294118,0.7689767235203967,
124.5,232.89444231987,12,0.7111111111111111,0.02884436388327517,
424.5,105.49747407436371,4,0.9117647058823529,0.4792955929164036,Square
868.5,126.5269113779068,4,1.0,0.6817323036988071,Square
148.0,161.3380925655365,7,0.7894736842105263,0.07144926130845482,
336.0,97.25483310222626,6,0.5945945945945946,0.4464026413127175,
260.0,399.6467487812042,13,0.7123287671232876,0.02045646765468103,
1141.5,143.69848430156708,4,0.7727272727272727,0.6946745768623666,Rectangle
697.0,112.14213538169861,4,1.0,0.6964741451830028,Square
204.0,128.97056245803833,3,0.13333333333333333,0.15411994442372146,Triangle
372.5,83.21320307254791,4,1.0454545454545454,0.6760077305789016,Square
728.0,107.25483322143555,8,0.6410256410256411,0.7952569981750771,
166.5,229.8650050163269,7,0.6595744680851063,0.03959846803692951,
806.0,118.97056245803833,4,1.0666666666666667,0.7155926582743206,Square
350.5,95.84061932563782,3,1.0357142857142858,0.4795110982769338,Triangle
163.0,167.1370838880539,6,0.62,0.07332495873975561,
505.5,93.55634891986847,5,1.2173913043478262,0.7257457380345269,
1130.5,138.87005722522736,4,0.75,0.7366534069686935,Rectangle
1434.5,145.2964632511139,8,0.8163265306122449,0.8538868602205588,Circle
415.5,216.69343185424805,10,0.7272727272727273,0.11119605936157015,
248.5,159.9238796234131,8,0.9130434782608695,0.12209830172574954,
503.0,357.13708305358887,2,16.1,0.04955733626369158,
220.5,232.95331752300262,2,17.5,0.05105998212888711,
157.5,52.72792184352875,4,1.0714285714285714,0.7118838038353043,Square
155.0,63.59797918796539,6,0.8181818181818182,0.4815650162775139,
471.5,105.15432751178741,4,0.6410256410256411,0.535842628391054,Rectangle
114.5,102.81118273735046,8,0.5925925925925926,0.13612398049556915,
731.0,103.25483286380768,8,0.8529411764705882,0.8616015367272651,Circle
1080.0,126.56854152679443,9,0.9,0.8471924331981019,Circle
610.5,103.21320307254791,4,1.0357142857142858,0.7201534082112921,Square
185.5,67.69848465919495,5,1.0,0.5086228681981019,
969.5,128.87005722522736,5,0.8918918918918919,0.7335903920917286,
228.5,286.811182141304,8,0.7659574468085106,0.034906307435322616,
184.5,240.20814955234528,7,0.4603174603174603,0.040181926898808375,
208.5,241.17871272563934,8,0.6730769230769231,0.045044106611841724,
1182.5,131.98275470733643,8,0.8181818181818182,0.8530542209929873,Circle
668.0,112.28427076339722,4,0.8181818181818182,0.6658071902514275,Square
165.5,218.6690467596054,8,1.0303030303030303,0.04349438943160217,
273.0,84.42640614509583,5,0.8888888888888888,0.4813000488301326,
1387.5,142.8111822605133,8,0.8695652173913043,0.8549061215911985,Circle
532.0,89.59797871112823,9,0.6875,0.8327700002483611,Circle
1392.5,162.5269113779068,4,0.7708333333333334,0.6624521339956468,Rectangle
437.0,96.91168713569641,3,0.8484848484848485,0.5847079414882785,Triangle
162.0,206.56854152679443,8,1.0,0.04770858239222186,
2129.0,244.59292602539062,5,0.7586206896551724,0.4471958251840445,
439.0,129.0538228750229,6,0.6666666666666666,0.33123226662764366,
694.5,114.04163014888763,4,0.9375,0.67105061826909,Square
1429.0,146.71067655086517,8,0.7450980392156863,0.8342931026391256,Circle
627.5,109.69848430156708,5,1.032258064516129,0.6552731005250667,
922.5,129.2132030725479,5,0.8888888888888888,0.6943244425147883,
616.0,103.79898953437805,4,1.1923076923076923,0.7184628631817366,Square
291.0,95.25483274459839,5,0.5405405405405406,0.4030220571097994,
770.5,138.12488985061646,3,0.6666666666666666,0.5075030044979385,Triangle
525.5,91.01219272613525,9,0.6470588235294118,0.7972296251750955,
138.0,235.13708317279816,13,0.7111111111111111,0.03136510150093966,
426.0,104.9116872549057,4,0.9117647058823529,0.4863755330325735,Square
865.0,127.11269783973694,4,0.9722222222222222,0.6727413136528685,Square
419.0,108.56854164600372,4,0.7894736842105263,0.4466999240510032,Rectangle
336.5,98.32590103149414,5,0.5945945945945946,0.4373801436385837,
2856.5,205.5807340145111,8,0.7123287671232876,0.8493354821677103,Circle
1140.0,142.28427076339722,4,0.75,0.7076213546805026,Rectangle
698.5,111.55634891986847,4,1.0,0.7053224225423663,Square
210.5,129.2132030725479,3,0.13333333333333333,0.15843392428115222,Triangle
374.0,81.79898953437805,4,1.0909090909090908,0.7024017558203943,Square
731.0,107.25483298301697,8,0.6410256410256411,0.79853415968474,
169.5,231.8650050163269,6,0.6666666666666666,0.03961951492492862,
815.5,122.04163014888763,4,1.032258064516129,0.6880465623659164,Square
350.0,93.5979791879654,3,1.0,0.5020476792053412,Triangle
191.0,223.62236428260803,7,0.62,0.04799685284999937,
502.5,92.3847758769989,5,1.125,0.7398524409634833,
1142.5,138.87005722522736,4,0.7906976744186046,0.7444728150922002,Rectangle
1444.0,146.71067667007446,8,0.8163265306122449,0.8430505516116974,Circle
391.5,224.35028564929962,11,0.7384615384615385,0.0977436104099244,
110.5,153.78174459934235,8,1.0769230769230769,0.05871682650320853,
304.5,218.69343209266663,11,0.9791666666666666,0.08000657524068984,
598.0,484.2497808933258,2,19.90909090909091,0.03204587853545672,
192.0,235.5979790687561,2,22.6,0.04346783112326184,
160.0,53.31370830535889,6,1.1428571428571428,0.7073788386337545,
155.0,62.76955187320709,7,0.7727272727272727,0.4943602075897278,
464.5,102.66904711723328,4,0.6578947368421053,0.5537535453176469,Rectangle
207.0,67.9411244392395,5,0.5555555555555556,0.5635270258809498,
732.5,103.84061968326569,8,0.8529411764705882,0.8536561052425548,Circle
1077.5,125.1543276309967,8,0.875,0.8644410855900511,Circle
612.5,102.38477599620819,4,1.0357142857142858,0.7342520845463105,Square
188.5,67.6984840631485,5,1.0,0.5168485840625259,
970.5,128.5269113779068,5,0.918918918918919,0.7382734685938828,
238.5,289.2964631319046,8,0.7708333333333334,0.03581063311453287,
193.5,241.03657734394073,7,0.47619047619047616,0.04185283966547808,
223.5,244.35028648376465,8,0.6730769230769231,0.04703939055933778,
1190.5,130.81118178367615,8,0.8181818181818182,0.8742779501413103,Circle
172.5,70.18376564979553,6,0.8333333333333334,0.44007391918411626,
679.0,114.76955199241638,5,0.8484848484848485,0.6477781063192366,
181.5,219.15432798862457,8,1.0606060606060606,0.04748827452013258,
267.0,83.59797871112823,3,0.8518518518518519,0.48009764051169823,Triangle
1387.0,141.39696848392487,8,0.8478260869565217,0.8717784481353251,Circle
533.0,89.59797883033752,8,0.6875,0.834335355171534,Circle
1386.5,162.04163014888763,4,0.7708333333333334,0.663554396185466,Rectangle
434.5,96.32590067386627,3,0.8484848484848485,0.5884553123546657,Triangle
171.5,207.15432798862457,8,1.0303030303030303,0.05022107051007947,
2113.0,243.4213523864746,5,0.7586206896551724,0.448117618457923,
430.0,128.225395321846,6,0.6666666666666666,0.32864741922791374,
691.5,113.21320307254791,4,0.90625,0.6779659661677192,Square
1431.5,145.29646277427673,8,0.7450980392156863,0.8521011142758653,Circle
631.0,108.76955199241638,4,1.032258064516129,0.6702310502138762,Square
919.0,131.11269783973694,5,0.9166666666666666,0.671793608991047,
611.0,103.79898953437805,4,1.1111111111111112,0.7126311840974693,Square
295.5,93.84061932563782,5,0.5405405405405406,0.42168253936253863,
763.0,136.7106763124466,3,0.6470588235294118,0.5130143796344325,Triangle
527.0,91.59797871112823,8,0.6470588235294118,0.7893119878610388,
1015.0,126.2253954410553,8,0.7111111111111111,0.800538874710372,Circle
425.0,104.91168737411499,4,0.9117647058823529,0.48523380532648547,Square
868.0,125.94112491607666,4,1.0,0.6876927612577086,Square
418.5,109.15432822704315,4,0.7894736842105263,0.44139092922084944,Rectangle
339.0,97.25483286380768,5,0.5945945945945946,0.45038838138981996,
2850.0,204.99494779109955,8,0.6986301369863014,0.852252744564418,Circle
1146.5,142.87005722522736,4,0.7727272727272727,0.7058322305092996,Rectangle
705.5,113.21320307254791,4,1.0,0.6916919582520981,Square
216.0,130.62741649150848,4,0.13114754098360656,0.15907243899388793,Rectangle
379.0,80.97056245803833,4,1.0454545454545454,0.7264316567664005,Square
733.5,106.66904675960541,8,0.6410256410256411,0.8100897816266633,Circle
680.0,129.05382215976715,3,0.6666666666666666,0.513070487023856,Triangle
805.5,119.55634891986847,4,1.032258064516129,0.7081579272789611,Square
345.5,93.84062016010284,3,0.9655172413793104,0.49303321407335504,Triangle
187.5,226.5512969493866,7,0.6,0.04590690675006896,
515.5,93.55634891986847,5,1.125,0.740102725928385,
1147.0,142.76955199241638,4,0.75,0.7071346012384095,Rectangle
1442.0,145.53910398483276,8,0.8367346938775511,0.8554915627915755,Circle
393.5,219.03657746315002,9,0.7313432835820896,0.10306739774834275,
331.5,92.66904652118683,4,1.037037037037037,0.4850918829740398,Square
262.0,179.48022782802582,10,0.9166666666666666,0.10220636224739216,
589.0,479.4213536977768,2,19.818181818181817,0.03220256096586975,
186.5,232.5269113779068,2,22.4,0.0433453240628426,
160.0,53.31370830535889,4,1.0714285714285714,0.7073788386337545,Square
153.5,63.35533857345581,4,0.8181818181818182,0.4805646392653599,Square
466.5,102.32590138912201,3,0.6153846153846154,0.5598740699766287,Triangle
107.0,102.08326053619385,9,0.5769230769230769,0.12902818130891697,
736.0,104.08326017856598,8,0.8823529411764706,0.8537405394922032,Circle
1076.5,125.15432798862457,8,0.875,0.8636388151456956,Circle
616.0,103.4558436870575,4,1.0357142857142858,0.7232368112005181,Square
188.5,67.69848430156708,4,1.0,0.5168485804220808,Square
973.5,128.04163014888763,5,0.918918918918919,0.7461797012603798,
233.0,290.71067690849304,8,0.7659574468085106,0.03464525963456197,
202.0,239.62236368656158,7,0.47619047619047616,0.04420857719315796,
754.0,143.5391035079956,4,0.6730769230769231,0.45987600609254964,Rectangle
1176.0,129.39696872234344,8,0.7954545454545454,0.8826102781727275,Circle
172.0,70.42640614509583,5,0.8333333333333334,0.43577996237888433,
675.0,112.28427076339722,4,0.8181818181818182,0.6727842117061581,Square
195.5,217.49747383594513,8,1.0606060606060606,0.05193357164454683,
270.5,85.0121922492981,5,0.8888888888888888,0.47034301862693995,
1379.5,140.81118202209473,8,0.8478260869565217,0.8742935623252815,Circle
532.0,88.76955199241638,8,0.6875,0.848385896433111,Circle
1393.5,164.5269112586975,4,0.7708333333333334,0.6469086346312016,Rectangle
432.0,96.91168749332428,3,0.8484848484848485,0.5780179150083984,Triangle
177.5,206.32590091228485,8,1.0303030303030303,0.052396312199853044,
2090.5,244.00714015960693,5,0.7586206896551724,0.44121977226519976,
437.0,128.22539567947388,6,0.6666666666666666,0.33399749163133896,
692.0,112.97056245803833,4,0.9375,0.6813737156629007,Square
1425.5,145.29646348953247,8,0.7450980392156863,0.8485296028230889,Circle
633.0,109.94112479686737,5,1.032258064516129,0.6581020176455211,
930.0,129.4558436870575,5,0.9444444444444444,0.6973478940651253,
616.0,102.97056245803833,4,1.1538461538461537,0.7300698375769674,Square
295.0,94.42640626430511,4,0.5263157894736842,0.4157621572880883,Rectangle
759.0,136.3675308227539,3,0.6470588235294118,0.5128964417428817,Triangle
1537.5,217.5807341337204,12,0.8095238095238095,0.4081164618915169,
420.5,106.3259003162384,4,0.9117647058823529,0.46740970607169907,Square
871.0,126.28427076339722,4,0.9722222222222222,0.6863244924721462,Square
415.0,108.56854128837585,4,0.7894736842105263,0.442435488550032,Rectangle
340.5,96.66904652118683,5,0.5945945945945946,0.4578804597587343,
2849.5,204.75230658054352,8,0.6986301369863014,0.8541239887890365,Circle
1154.0,144.28427076339722,4,0.75,0.6965907372654436,Rectangle
720.0,113.79898953437805,4,1.0333333333333334,0.6986594679956769,Square
215.5,134.04163014888763,4,0.12903225806451613,0.15072237774087185,Rectangle
375.5,80.72792184352875,4,1.0454545454545454,0.7240561720812114,Square
734.0,107.25483310222626,8,0.6410256410256411,0.8018113158764624,Circle
682.5,129.6396086215973,3,0.6666666666666666,0.5103135467718257,Triangle
817.0,120.62741661071777,4,1.032258064516129,0.7055696097885746,Square
346.5,94.18376541137695,4,0.9642857142857143,0.49086379916233813,Square
190.0,230.7939372062683,7,0.6,0.044824419396753135,
511.0,92.97056245803833,5,1.1666666666666667,0.7429162320397528,
1157.0,140.28427076339722,5,0.75,0.738797241381728,
1446.0,145.88224959373474,8,0.8163265306122449,0.8538336241609332,Circle
400.5,220.35028517246246,9,0.7424242424242424,0.10365378149509687,
330.0,90.42640614509583,3,1.1153846153846154,0.5071463010396776,Triangle
352.0,259.56348848342896,13,1.0,0.0656546246472456,
508.0,383.4802289009094,2,17.4,0.043409783557946176,
270.5,328.811182141304,2,26.0,0.031440104179075834,
163.0,54.97056245803833,7,1.1428571428571428,0.6778554732612487,
157.0,64.76955187320709,7,0.8181818181818182,0.470292152398433,
469.0,100.91168785095215,3,0.6153846153846154,0.5787616768179284,Triangle
207.5,71.35533845424652,6,0.6153846153846154,0.5121238764926745,
736.5,103.8406195640564,8,0.8529411764705882,0.8583177105183353,Circle
1079.0,123.740114569664,8,0.875,0.88554427787911,Circle
614.0,103.79898953437805,4,1.0357142857142858,0.7161301915480297,Square
188.5,67.6984840631485,5,1.0,0.5168485840625259,
959.5,127.69848430156708,5,0.918918918918919,0.7394066600908269,
230.5,290.46803629398346,8,0.7659574468085106,0.034330813643695175,
204.5,239.86500489711761,7,0.47619047619047616,0.04466521141286114,
745.0,145.19595789909363,5,0.6730769230769231,0.4440757769363805,
1183.0,130.56854164600372,8,0.7954545454545454,0.8720020418569184,Circle
175.5,70.18376564979553,6,0.8333333333333334,0.4477273786481878,
685.0,114.28427076339722,5,0.8484848484848485,0.659063882790644,
187.0,219.7401144504547,8,1.0606060606060606,0.04866679853067865,
264.5,85.8406194448471,4,0.8518518518518519,0.45107613910891325,Square
1369.0,142.2253954410553,8,0.8297872340425532,0.8504700266603334,Circle
535.0,91.25483310222626,8,0.696969696969697,0.8073314960666539,Circle
1396.0,167.5979790687561,4,0.7916666666666666,0.6245363593748271,Rectangle
431.0,98.08326017856598,4,0.8484848484848485,0.5629856800842803,Square
176.0,206.911687374115,8,1.0303030303030303,0.05165977222860843,
2077.0,243.76449954509735,3,0.7471264367816092,0.4392436027728385,Triangle
438.5,131.2964631319046,7,0.6666666666666666,0.31964904209614153,
694.0,113.79898953437805,4,0.9375,0.6734300983180553,Square
1422.5,145.2964632511139,8,0.7450980392156863,0.84674385407023,Circle
628.0,110.42640602588654,4,1.064516129032258,0.6471778312915428,Square
922.0,129.4558436870575,5,0.9166666666666666,0.6913492025032747,
622.0,104.62741661071777,4,1.1111111111111112,0.7140181384010678,Square
295.5,93.8406194448471,4,0.5263157894736842,0.4216825382911801,Rectangle
762.0,135.88225042819977,4,0.6470588235294118,0.5186081931480672,Rectangle
1540.0,216.99494767189026,12,0.8253968253968254,0.4109900808648866,
426.0,104.91168761253357,4,0.8823529411764706,0.48637552971661413,Square
876.0,127.94112491607666,4,1.0,0.6725020930844946,Square
412.0,108.56854116916656,4,0.7894736842105263,0.43923716068171337,Rectangle
339.5,96.66904616355896,5,0.5945945945945946,0.4565357334457277,
2844.0,204.99494814872742,8,0.6986301369863014,0.8504585252927045,Circle
1147.5,143.6984841823578,4,0.7727272727272727,0.6983259555603555,Rectangle
720.0,117.11269783973694,4,1.0666666666666667,0.6596816279761545,Square
214.5,136.04163014888763,4,0.12698412698412698,0.14564430447548787,Rectangle
380.0,82.62741661071777,4,1.0909090909090908,0.6994313776637464,Square
731.5,106.66904664039612,8,0.6410256410256411,0.8078809496719778,Circle
680.5,127.63960886001587,3,0.6458333333333334,0.5248885078463167,Triangle
814.5,121.21320307254791,4,1.032258064516129,0.6966282742952153,Square
350.0,91.597980260849,4,0.9642857142857143,0.5242109798927108,Square
185.5,224.20814979076385,7,0.6,0.04637148333341292,
512.0,92.97056245803833,6,1.125,0.7443700798519637,
1147.5,140.5269113779068,5,0.7906976744186046,0.7302029045130777,
1446.0,146.71067690849304,8,0.8163265306122449,0.844218208911614,Circle
408.5,217.86500453948975,9,0.7272727272727273,0.10815011208246483,
330.5,91.01219260692596,3,1.1153846153846154,0.5013975105815445,Triangle
254.5,159.92387986183167,11,0.8913043478260869,0.12504634887948243,
498.0,364.30865597724915,2,16.5,0.04715201171102523,
186.5,232.18376553058624,2,22.2,0.04347353939207989,
159.0,54.97056245803833,8,1.1428571428571428,0.6612209831198684,
155.0,62.76955199241638,6,0.7727272727272727,0.49436020571199163,
472.0,100.91168797016144,4,0.6153846153846154,0.5824637757199259,Rectangle
208.5,68.52691125869751,6,0.6153846153846154,0.5579478508609905,
745.5,105.49747395515442,8,0.8823529411764706,0.8417311315116399,Circle
1078.0,125.740114569664,8,0.9,0.8568028874648879,Circle
614.0,103.4558436870575,4,1.0,0.7208886397355814,Square
186.5,68.52691113948822,4,1.0476190476190477,0.49907565730268777,Square
952.0,129.94112491607666,5,0.918918918918919,0.7085223722253866,
215.5,290.46803629398346,8,0.7659574468085106,0.03209670429594929,
205.5,239.0365775823593,8,0.47619047619047616,0.045195267990837056,
740.0,143.53910398483276,5,0.6730769230769231,0.45133719130965194,
1182.0,133.39696848392487,8,0.8181818181818182,0.83470962300317,Circle
173.0,69.11269795894623,8,0.8260869565217391,0.4551350410936913,
674.0,113.94112491607666,4,0.8787878787878788,0.6523921923502795,Square
270.0,84.42640566825867,6,0.8888888888888888,0.4760110426815115,
179.5,221.15432798862457,8,1.0294117647058822,0.046119376899094976,
1364.0,142.22539508342743,8,0.8085106382978723,0.8473638584357748,Circle
527.0,89.59797894954681,8,0.6875,0.8249432101414237,Circle
1397.0,165.5979789495468,4,0.7916666666666666,0.6401713086338268,Rectangle
431.0,97.74011433124542,4,0.8484848484848485,0.5669456778488419,Square
171.0,205.7401144504547,8,1.0303030303030303,0.05076542428151819,
2069.0,241.42135453224182,5,0.7471264367816092,0.4460864073940898,
442.5,128.46803545951843,6,0.6888888888888889,0.3369247953304882,
686.5,115.69848430156708,4,0.9375,0.6444586637685432,Square
1425.5,145.2964630126953,8,0.7450980392156863,0.8485296083925354,Circle
160.5,193.98275482654572,10,1.032258064516129,0.05359924293288628,
921.5,135.8406196832657,4,0.9444444444444444,0.6275464763960862,Square
620.5,105.21320307254791,4,1.1111111111111112,0.7043867293227499,Square
298.0,96.91168713569641,4,0.5263157894736842,0.39872532394395194,Rectangle
761.5,136.12489128112793,4,0.6470588235294118,0.5164219341155024,Rectangle
520.5,91.01219189167023,10,0.6470588235294118,0.7896442007857326,
130.5,217.58073377609253,15,0.7209302325581395,0.034640129074421176,
432.0,106.56854128837585,4,0.8857142857142857,0.47800844398179304,Square
875.0,128.76955199241638,4,1.0277777777777777,0.6631191158803993,Square
409.0,109.39696860313416,4,0.7894736842105263,0.4294598779634485,Rectangle
338.0,96.08325970172882,6,0.5945945945945946,0.460077619427439,
2827.0,205.82337474822998,8,0.6986301369863014,0.838583442141595,Circle
1147.0,145.11269783973694,4,0.7727272727272727,0.6844826579449731,Rectangle
723.5,115.21320307254791,4,1.0333333333333334,0.6849263872536746,Square
215.5,136.87005722522736,4,0.12698412698412698,0.14455737084856984,Rectangle
372.0,81.79898953437805,4,1.0909090909090908,0.69864559669836,Square
732.5,106.66904699802399,8,0.6410256410256411,0.8089853611300978,Circle
682.0,129.05382251739502,3,0.6458333333333334,0.5145795150160868,Triangle
825.5,122.04163014888763,4,1.064516129032258,0.6964836753317769,Square
358.0,93.59798049926758,4,1.0,0.5135230403411795,Square
190.0,221.96550869941711,7,0.6,0.04846101164009127,
507.5,95.21320307254791,5,1.1666666666666667,0.7034796835490073,
1147.0,140.28427076339722,4,0.7674418604651163,0.732411785535732,Rectangle
218.0,274.1076453924179,13,0.8367346938775511,0.03646062085440889,
406.5,217.86500442028046,10,0.7424242424242424,0.10762061348747241,
333.5,89.84061968326569,4,1.1153846153846154,0.5192305349669407,Square
257.5,165.09545278549194,9,0.9130434782608695,0.11871808267676416,
484.0,346.02438521385193,2,16.0,0.05079743862401156,
266.0,318.7695519924164,2,31.0,0.03289560184729999,
156.5,51.899494767189026,4,1.0714285714285714,0.7301262213502713,Square
152.5,63.35533833503723,6,0.8571428571428571,0.4774339285964001,
466.5,101.497474193573,4,0.6153846153846154,0.5690508056338334,Rectangle
114.5,102.32590079307556,8,0.5769230769230769,0.1374181816916433,
731.5,104.66904664039612,8,0.8529411764705882,0.8390496440718465,Circle
1073.0,124.9116872549057,8,0.875,0.8641784590303918,Circle
622.0,104.62741661071777,4,1.0,0.7140181384010678,Square
187.5,68.52691125869751,4,1.0,0.5017516644433367,Square
967.5,127.69848430156708,5,0.8918918918918919,0.7455715931608912,
217.5,290.9533175230026,8,0.7659574468085106,0.032286613759651146,
199.5,241.03657710552216,8,0.47619047619047616,0.0431506022210893,
742.5,142.12488996982574,5,0.6730769230769231,0.4619192262526046,
160.5,212.55129647254944,10,0.7727272727272727,0.04464341248576595,
172.5,67.69848442077637,7,0.8260869565217391,0.47297814222185985,
682.5,114.5269113779068,4,0.8484848484848485,0.6538790493473458,Square
268.5,86.66904640197754,5,0.8888888888888888,0.44918590258522506,
172.5,223.63960921764374,8,1.0294117647058822,0.043341258124092,
1366.5,140.81118249893188,8,0.8085106382978723,0.8660544725088669,Circle
531.0,89.59797894954681,9,0.6875,0.8312046386813965,Circle
1396.5,168.18376553058624,4,0.7916666666666666,0.6204155300219337,Rectangle
428.0,96.9116872549057,3,0.8484848484848485,0.5726659000945424,Triangle
164.0,210.22539567947388,8,1.0,0.0466319261935066,
2058.5,242.83556723594666,5,0.7471264367816092,0.4386681894768331,
446.0,131.8822499513626,7,0.6666666666666666,0.3222344933308294,
689.5,114.04163014888763,4,0.9375,0.6662194403117893,Square
1419.5,146.1248903274536,8,0.7647058823529411,0.8354046041493293,Circle
628.0,110.76955187320709,5,1.064516129032258,0.6431743410998122,
920.5,130.04163014888763,5,0.9444444444444444,0.6840200734978077,
623.5,106.87005722522736,4,1.1481481481481481,0.6860159890220915,Square
293.0,96.08326005935669,4,0.5263157894736842,0.39882467896080254,Rectangle
765.0,136.36753106117249,4,0.6666666666666666,0.5169509572612869,Rectangle
517.0,91.59797871112823,8,0.6176470588235294,0.7743345307858769,
132.0,217.8233743906021,14,0.7045454545454546,0.03496027434621154,
426.5,107.15432786941528,5,0.8857142857142857,0.46677701941941824,
874.5,129.35533845424652,4,1.0,0.6567513355053808,Square
410.5,109.9827550649643,5,0.7894736842105263,0.42645561439935986,
339.5,96.66904640197754,5,0.5945945945945946,0.45653573119378454,
305.5,395.4041098356247,12,0.6986301369863014,0.024554931134714027,
1142.5,143.6984841823578,4,0.7727272727272727,0.6952831409391775,Rectangle
714.5,114.38477599620819,4,1.0689655172413792,0.6862393935596015,Square
214.0,136.62741661071777,3,0.12698412698412698,0.1440614972249897,Triangle
375.0,81.79898953437805,4,1.0,0.7042798353814114,Square
734.0,108.9116872549057,9,0.6666666666666666,0.7776012527888544,
676.0,128.71067678928375,3,0.6458333333333334,0.5127756715985978,Triangle
815.0,122.62741661071777,4,1.064516129032258,0.6810708842188488,Square
360.5,93.84061896800995,3,0.9310344827586207,0.5144384318066649,Triangle
170.5,178.55129659175873,8,0.6,0.06720602834874909,
509.5,93.21320307254791,6,1.2173913043478262,0.736884105082088,
1144.0,141.94112491607666,4,0.75,0.7135417725505442,Rectangle
205.0,250.10764515399933,14,0.8163265306122449,0.04118222344564884,
414.0,213.27921783924103,9,0.7272727272727273,0.11437026473563702,
323.0,89.5979790687561,4,1.0769230769230769,0.5056103532573882,Square
241.5,165.58073437213898,9,0.9333333333333333,0.11068974584994717,
496.5,358.2670258283615,2,15.0,0.0486088604606674,
244.0,298.4264061450958,2,28.8,0.03442906214572739,
157.5,51.899494767189026,4,1.0714285714285714,0.7347915646176851,Square
151.5,62.52691113948822,5,0.8571428571428571,0.48695468345392195,
460.0,100.56854152679443,4,0.6410256410256411,0.5715357379483373,Rectangle
114.5,106.32590055465698,7,0.6153846153846154,0.12727327254505788,
728.5,103.01219236850739,8,0.8235294117647058,0.8627046914066439,Circle
1070.5,124.32590043544769,8,0.875,0.8703086681000765,Circle
621.0,103.79898953437805,4,1.0,0.724294542266004,Square
187.5,67.69848465919495,4,1.0,0.5141066727069762,Square
969.5,126.87005722522736,5,0.8918918918918919,0.7569015697411561,
222.5,290.1248904466629,8,0.7659574468085106,0.03321772614883387,
202.0,240.45079112052917,7,0.4838709677419355,0.04390447747965901,
738.5,141.29646289348602,5,0.6730769230769231,0.4648338892608535,
157.5,203.72286939620972,12,0.75,0.04768819153756626,
169.5,68.52691102027893,7,0.8260869565217391,0.45358350781298856,
676.0,111.4558436870575,4,0.8484848484848485,0.6838342875150416,Square
168.5,222.81118214130402,8,1.0,0.04265164674532927,
272.5,84.66904735565186,6,0.8571428571428571,0.47766896340661263,
1368.5,141.63960945606232,8,0.8297872340425532,0.8572060440977499,Circle
528.5,89.0121922492981,9,0.71875,0.8382158353746522,Circle
1389.5,165.35533845424652,4,0.7916666666666666,0.638604499255366,Rectangle
428.0,96.08326041698456,3,0.875,0.5825834857492631,Triangle
158.5,208.81118214130402,8,0.9705882352941176,0.04568058179052632,
2048.5,241.17871284484863,3,0.735632183908046,0.4425556465378462,Triangle
167.0,62.28427064418793,4,1.0526315789473684,0.540965499871033,Square
438.5,132.95331728458405,7,0.6521739130434783,0.31173179922857025,
691.5,113.21320307254791,4,0.90625,0.6779659661677192,Square
1417.5,146.46803629398346,8,0.7450980392156863,0.8303232782590837,Circle
631.5,111.01219248771667,4,1.032258064516129,0.6439347446057602,Square
921.0,129.4558436870575,5,0.9166666666666666,0.6905993660580435,
619.0,104.62741661071777,4,1.1111111111111112,0.7105743210132812,Square
290.5,95.49747407436371,4,0.5263157894736842,0.4002876873365609,Rectangle
759.5,136.6101714372635,4,0.6666666666666666,0.5114127715839877,Rectangle
516.0,92.42640590667725,9,0.6470588235294118,0.759044844543102,
130.5,217.23758792877197,15,0.7441860465116279,0.034749649756667896,
425.5,106.32590091228485,5,0.8571428571428571,0.47296748562115476,
871.0,129.5979790687561,4,1.0,0.6516757500965511,Square
409.0,107.740114569664,4,0.7631578947368421,0.4427701208090668,Rectangle
338.5,96.66904628276825,5,0.5945945945945946,0.4551910026222016,
2827.0,204.99494743347168,8,0.6891891891891891,0.8453749183473881,Circle
1150.5,144.5269113779068,4,0.7727272727272727,0.6921481201574866,Rectangle
718.5,116.04163014888763,4,1.103448275862069,0.6705157663979989,Square
213.0,136.62741661071777,4,0.12698412698412698,0.14338831265851779,Rectangle
375.5,83.21320307254791,5,1.0434782608695652,0.6814520881406109,
129.5,181.43859827518463,14,0.6410256410256411,0.04943337568325563,
670.5,128.46803605556488,3,0.6458333333333334,0.5105267190346316,Triangle
824.0,124.28427076339722,4,1.064516129032258,0.6703548237596619,Square
358.0,93.59797978401184,3,0.9310344827586207,0.5135230481896459,Triangle
181.5,219.86500489711761,7,0.6,0.047181774843850895,
512.5,94.38477599620819,4,1.2173913043478262,0.7229359717622608,Square
1146.0,141.11269783973694,4,0.75,0.7232064516776167,Rectangle
201.5,259.52185916900635,14,0.8163265306122449,0.03759560058319719,
392.0,225.42135405540466,11,0.7384615384615385,0.09694062663287432,
329.0,90.42640614509583,4,1.1153846153846154,0.5056094940668302,Square
253.5,169.72287023067474,9,0.8936170212765957,0.11058776791651663,
498.5,357.5807341337204,2,16.4,0.048992184362728765,
213.5,309.1543279886246,2,29.4,0.028070948140716326,
157.5,52.72792184352875,4,1.0714285714285714,0.7118838038353043,Square
154.0,63.94112503528595,7,0.8571428571428571,0.4733365468707087,
457.5,100.32590126991272,5,0.6153846153846154,0.5711824075456189,
210.0,68.76955187320709,6,0.6153846153846154,0.5580033035321811,
725.0,102.42640590667725,8,0.8235294117647058,0.8684083746398493,Circle
1063.5,124.32590067386627,9,0.875,0.8646177159967355,Circle
619.5,104.04163014888763,4,1.0,0.7191788025996637,Square
184.5,67.69848465919495,4,1.0,0.5058809659436646,Square
971.0,127.4558436870575,5,0.8918918918918919,0.7511204560123645,
226.5,288.46803629398346,8,0.7659574468085106,0.03420445493141497,
197.0,242.10764503479004,7,0.4838709677419355,0.04223369540680056,
737.5,141.29646289348602,5,0.6730769230769231,0.4642044594852803,
1170.5,130.81118202209473,8,0.7954545454545454,0.8595903711970458,Circle
173.0,67.94112503528595,7,0.8260869565217391,0.47096702302823523,
675.5,112.04163014888763,4,0.8484848484848485,0.6762018886947297,Square
169.5,221.15432798862457,8,1.0,0.04355005228076099,
272.5,83.84062016010284,4,0.8214285714285714,0.48715527157466215,Square
1374.5,141.63960874080658,8,0.8297872340425532,0.8609643547768165,Circle
528.5,89.84061968326569,9,0.71875,0.8228285988906393,Circle
1387.0,163.11269783973694,4,0.7708333333333334,0.6551048026513411,Rectangle
425.0,96.91168701648712,3,0.8484848484848485,0.5686518895740758,Triangle
160.5,207.9827550649643,8,1.0,0.046626224142020944,
2040.5,239.17871272563934,5,0.7241379310344828,0.4482305102103625,
164.5,61.69848430156708,4,1.0526315789473684,0.54303369214991,Square
435.5,130.46803641319275,7,0.6521739130434783,0.3215065099398485,
691.0,114.62741661071777,4,0.90625,0.6608621850614324,Square
1414.0,144.71067714691162,8,0.7450980392156863,0.8485122605580643,Circle
624.5,110.18376553058624,4,1.032258064516129,0.6464085409692502,Square
920.0,128.62741661071777,5,0.9166666666666666,0.6987641201362123,
621.0,104.62741661071777,4,1.1111111111111112,0.7128701992718056,Square
291.0,96.08326005935669,4,0.5263157894736842,0.3961023262033909,Rectangle
757.0,137.19595730304718,5,0.6470588235294118,0.5053858925431318,
517.0,91.59797930717468,9,0.6470588235294118,0.7743345207083763,
140.0,233.137082695961,14,0.7272727272727273,0.03236794923108214,
428.5,104.32590043544769,3,0.8571428571428571,0.4947392959539894,Triangle
871.0,127.94112491607666,4,1.0,0.6686636108180305,Square
406.0,107.740114569664,4,0.7631578947368421,0.4395224182114452,Rectangle
337.5,96.66904628276825,5,0.5945945945945946,0.4538462729246471,
2833.0,204.99494683742523,8,0.6891891891891891,0.8471691395844783,Circle
1150.5,144.5269113779068,4,0.7727272727272727,0.6921481201574866,Rectangle
716.0,113.79898953437805,4,1.0689655172413792,0.6947780265068121,Square
216.5,136.04163002967834,3,0.12698412698412698,0.14700229358603376,Triangle
377.5,83.21320307254791,4,1.0434782608695652,0.6850816598484171,Square
137.5,197.09545230865479,13,0.6410256410256411,0.04447944450883488,
670.5,126.81118142604828,3,0.6595744680851063,0.5239544689639297,Triangle
824.0,123.4558436870575,4,1.064516129032258,0.6793815870524522,Square
360.5,93.84061980247498,3,0.9655172413793104,0.5144384226575165,Triangle
180.5,219.03657805919647,7,0.6,0.04727742107325687,
512.5,94.38477599620819,4,1.173913043478261,0.7229359717622608,Square
1150.0,140.28427076339722,4,0.75,0.7343274222895307,Rectangle
1430.0,143.88225054740906,8,0.7959183673469388,0.8680234480019097,Circle
393.0,216.59292709827423,10,0.7272727272727273,0.10527224226524945,
332.0,92.42640614509583,4,1.1153846153846154,0.4883776881554294,Square
256.5,162.40916097164154,9,0.9333333333333333,0.12220140185024023,
491.5,358.2670258283615,2,16.6,0.04811934524958313,
215.0,298.56854152679443,2,28.4,0.030308206014824673,
156.5,51.899494767189026,4,1.0714285714285714,0.7301262213502713,Square
153.5,64.52691149711609,6,0.8571428571428571,0.46327246317459697,
451.5,100.32590043544769,4,0.6153846153846154,0.5636915001024053,Rectangle
211.0,67.94112479686737,5,0.6153846153846154,0.5744164309618682,
729.0,104.08326017856598,10,0.8529411764705882,0.8456207245785545,Circle
1062.5,124.32590055465698,8,0.875,0.8638047249724776,Circle
620.5,104.04163014888763,4,1.0,0.7203397046216162,Square
188.5,68.52691149711609,5,0.9545454545454546,0.504427669810362,
970.5,128.04163014888763,5,0.8918918918918919,0.7438802260638917,
221.0,289.0538227558136,8,0.7659574468085106,0.033238751532986645,
208.5,245.03657686710358,7,0.4838709677419355,0.043636920030309896,
733.5,142.9533178806305,5,0.6730769230769231,0.45104669303898176,
1167.5,131.63960886001587,8,0.7954545454545454,0.8466298701298101,Circle
170.0,67.94112491607666,6,0.8260869565217391,0.4627999664494883,
676.0,110.62741661071777,4,0.8181818181818182,0.6941143425673372,Square
272.0,84.42640602588654,4,0.8518518518518519,0.4795370463424676,Square
169.5,221.9827550649643,8,1.0,0.04322560615999189,
1378.5,141.6396086215973,8,0.8297872340425532,0.8634698909113276,Circle
525.5,89.01219260692596,8,0.71875,0.8334577444652634,Circle
1389.0,163.11269772052765,4,0.7708333333333334,0.6560494392305369,Rectangle
424.5,96.32590067386627,3,0.8484848484848485,0.5749120370415548,Triangle
155.0,208.56854152679443,8,1.0,0.04477586182903194,
2040.5,240.00714004039764,4,0.7241379310344828,0.4451415558703913,Rectangle
166.5,63.69848430156708,6,1.105263157894737,0.5156629216638509,
437.0,131.88224947452545,6,0.6521739130434783,0.3157320058382341,
689.0,114.62741661071777,4,0.90625,0.658949414627101,Square
1418.0,145.53910422325134,8,0.7450980392156863,0.8412531429014947,Circle
627.5,109.35533845424652,4,1.032258064516129,0.6593919123046769,Square
922.5,129.2132030725479,5,0.9166666666666666,0.6943244425147883,
622.0,104.62741661071777,4,1.1111111111111112,0.7140181384010678,Square
298.0,95.25483298301697,4,0.5263157894736842,0.41271674370277495,Rectangle
751.0,136.36753034591675,5,0.6274509803921569,0.507490422190597,
520.5,92.18376553058624,7,0.6470588235294118,0.769700394884231,
148.5,232.551295876503,15,0.7272727272727273,0.03450633146613666,
429.5,105.15432751178741,3,0.8571428571428571,0.48811115353967705,Triangle
871.0,127.94112491607666,4,0.9722222222222222,0.6686636108180305,Square
405.0,107.74011409282684,5,0.7631578947368421,0.4384398545598067,
339.5,97.84061992168427,4,0.5945945945945946,0.44566779404720935,Rectangle
2833.0,204.99494695663452,8,0.6891891891891891,0.8471691385991814,Circle
1150.5,145.35533833503723,4,0.7333333333333333,0.6842810519303475,Rectangle
721.0,112.97056245803833,4,1.0689655172413792,0.7099283944984848,Square
217.0,142.28427076339722,3,0.12307692307692308,0.1346963455839202,Triangle
379.5,84.04163014888763,4,1.0434782608695652,0.6752004276264958,Square
137.5,199.92387974262238,12,0.6410256410256411,0.04322979935924202,
667.5,127.63960909843445,4,0.6458333333333334,0.514861245670135,Rectangle
823.0,120.97056245803833,4,1.032258064516129,0.7067247475670786,Square
359.0,94.42640697956085,3,0.9655172413793104,0.5059613973058729,Triangle
183.5,225.86500477790833,7,0.6,0.04520099951795071,
515.5,93.55634891986847,5,1.125,0.740102725928385,
1148.0,140.28427076339722,4,0.75,0.7330503311203317,Rectangle
1432.0,144.71067762374878,8,0.8163265306122449,0.8593136839544413,Circle
390.0,208.4507908821106,10,0.7272727272727273,0.11278916372900126,
334.5,91.01219248771667,4,1.1153846153846154,0.5074658630223445,Square
256.5,164.40916073322296,8,0.9333333333333333,0.11924638131961454,
501.0,379.6812393665314,2,15.818181818181818,0.04367262664149746,
211.5,288.811182141304,2,27.2,0.031863408207166516,
156.5,51.899494767189026,4,1.0714285714285714,0.7301262213502713,Square
157.5,64.5269113779068,6,0.8571428571428571,0.4753447115283178,
454.0,103.39696907997131,4,0.6153846153846154,0.5336421193759492,Rectangle
211.0,67.94112479686737,5,0.6153846153846154,0.5744164309618682,
724.0,103.25483322143555,9,0.8235294117647058,0.8533509005053671,Circle
1058.0,124.56854093074799,8,0.8536585365853658,0.8567986559129648,Circle
622.5,103.21320307254791,4,1.0,0.7343087577584427,Square
189.5,68.52691149711609,4,0.9545454545454546,0.5071036786687724,Square
971.0,127.4558436870575,5,0.8918918918918919,0.7511204560123645,
224.0,289.0538227558136,8,0.75,0.03368995630492764,
212.0,228.79393756389618,7,0.5535714285714286,0.05089284152431391,
730.0,143.1959582567215,5,0.6730769230769231,0.4473744773230068,
1168.0,129.39696848392487,8,0.7954545454545454,0.8766061298508887,Circle
172.0,67.94112455844879,7,0.8260869565217391,0.46824467686661336,
677.5,111.21320307254791,4,0.8181818181818182,0.6883454805332093,Square
171.5,220.32590091228485,8,1.0,0.04439590149792546,
274.5,85.49747431278229,3,0.8214285714285714,0.47189528930943264,Triangle
1380.5,142.46803617477417,8,0.8297872340425532,0.8546954642426762,Circle
523.5,88.18376553058624,8,0.6875,0.8459589133768627,Circle
1386.5,163.69848430156708,4,0.7708333333333334,0.6501902031662113,Rectangle
426.5,95.49747371673584,4,0.8181818181818182,0.5876857140369013,Square
162.0,205.7401144504547,8,0.9705882352941176,0.04809355984564881,
2045.0,239.42135393619537,5,0.735632183908046,0.4483089524243137,
440.0,132.71067643165588,6,0.6521739130434783,0.3139430078772948,
692.0,115.4558436870575,4,0.8787878787878788,0.6523551872521729,Square
1412.5,145.2964632511139,8,0.7450980392156863,0.840791348944956,Circle
628.5,109.35533845424652,4,1.032258064516129,0.6604427360693058,Square
920.0,129.4558436870575,5,0.9166666666666666,0.6898495296128122,
621.0,105.4558436870575,4,1.1111111111111112,0.7017140352090856,Square
300.5,96.66904628276825,4,0.5263157894736842,0.4040912741151302,Rectangle
752.5,135.78174459934235,3,0.6274509803921569,0.5129010633224294,Triangle
520.5,92.18376553058624,8,0.6470588235294118,0.769700394884231,
1007.5,124.81118166446686,9,0.7272727272727273,0.8127330652329237,Circle
430.5,104.32590043544769,3,0.8571428571428571,0.49704846419648174,Triangle
872.0,127.94112491607666,4,0.9722222222222222,0.6694313072713233,Square
403.5,107.154327750206,4,0.7631578947368421,0.4416049888740966,Rectangle
338.5,98.66904628276825,5,0.5945945945945946,0.43692477999065227,
2835.0,205.8233745098114,8,0.6891891891891891,0.8409565136113117,Circle
1152.5,145.35533833503723,4,0.7333333333333333,0.6854705887437857,Rectangle
720.0,112.97056245803833,4,1.0689655172413792,0.708943750400706,Square
228.5,146.04163014888763,3,0.11764705882352941,0.13463027237749076,Triangle
380.5,83.21320307254791,4,1.0434782608695652,0.6905260174101263,Square
729.0,107.25483310222626,8,0.6410256410256411,0.7963493859317997,
674.5,129.29646337032318,4,0.6458333333333334,0.5070123361948523,Rectangle
824.0,120.14213538169861,4,1.032258064516129,0.7173752386579374,Square
354.5,95.49747395515442,3,0.9655172413793104,0.48847499316723825,Triangle
183.0,219.62236380577087,7,0.6,0.047676880375212935,
509.5,93.55634891986847,4,1.173913043478261,0.7314885331920702,Square
1146.0,139.4558436870575,4,0.75,0.7404931523527346,Rectangle
1437.5,145.29646396636963,8,0.8163265306122449,0.855672603333645,Circle
389.0,207.62236440181732,9,0.7384615384615385,0.11339951585474865,
331.5,91.01219260692596,4,1.1153846153846154,0.5029145983594008,Square
249.0,161.33809304237366,8,0.9767441860465116,0.12020855378812774,
504.5,332.1248904466629,2,15.5,0.05747357157131441,
136.0,199.94112491607666,2,19.2,0.04275082596883474,
156.5,51.899494767189026,4,1.0714285714285714,0.7301262213502713,Square
157.0,64.76955211162567,6,0.8181818181818182,0.47029214893611526,
465.0,102.56854140758514,4,0.6578947368421053,0.5554365538243617,Rectangle
213.0,67.9411244392395,5,0.6153846153846154,0.5798611425731512,
726.0,102.42640614509583,9,0.8235294117647058,0.8696061752461499,Circle
1053.0,125.39696824550629,8,0.8536585365853658,0.8415194573733291,Circle
616.5,103.21320307254791,4,1.0,0.7272310829848675,Square
189.5,68.52691102027893,4,0.9545454545454546,0.5071036857260256,Square
972.5,126.87005722522736,6,0.8918918918918919,0.7592437097197259,
224.0,290.71067690849304,8,0.7708333333333334,0.03330703072163897,
212.0,231.6223635673523,7,0.5535714285714286,0.049657488068345086,
728.5,144.61017191410065,5,0.6730769230769231,0.4377657048014327,
1167.0,129.39696848392487,8,0.7954545454545454,0.8758556109040986,Circle
170.0,67.94112491607666,7,0.8260869565217391,0.4627999664494883,
674.5,111.21320307254791,4,0.8181818181818182,0.6852974562651656,Square
172.5,220.32590091228485,8,1.0,0.04465476972823406,
272.5,85.49747431278229,5,0.8214285714285714,0.46845707226528377,
1381.5,141.6396095752716,8,0.8297872340425532,0.8653490302723092,Circle
524.5,88.18376553058624,8,0.6875,0.8475748807376591,Circle
1388.5,163.69848430156708,4,0.7708333333333334,0.651128090224511,Rectangle
425.5,95.49747371673584,3,0.8181818181818182,0.5863077873920317,Triangle
159.5,206.32590091228485,8,0.9705882352941176,0.04708288335705105,
2038.0,240.59292554855347,3,0.735632183908046,0.4424338404943615,Triangle
438.5,131.2964630126953,6,0.6521739130434783,0.3196490426765857,
694.0,115.4558436870575,4,0.9090909090909091,0.6542406068685087,Square
1414.5,145.29646337032318,8,0.7450980392156863,0.8419818485883934,Circle
630.5,110.18376553058624,4,1.032258064516129,0.6526190313548633,Square
918.5,128.3847759962082,5,0.8888888888888888,0.7002642726615146,
622.0,106.28427076339722,4,1.1111111111111112,0.6919301494168874,Square
292.0,93.59797847270966,5,0.5,0.41885121305285594,
748.0,135.5391047000885,3,0.6274509803921569,0.5116609074094584,Triangle
518.0,91.59797894954681,8,0.6470588235294118,0.7758322724545959,
1003.5,123.98275482654572,9,0.7272727272727273,0.820360378985505,Circle
431.5,105.49747359752655,3,0.8571428571428571,0.48719917600235674,Triangle
872.0,127.94112491607666,4,0.9459459459459459,0.6694313072713233,Square
402.5,108.32590079307556,4,0.7631578947368421,0.43103360475002755,Rectangle
332.5,97.0121921300888,5,0.5675675675675675,0.4439651466043525,
2830.0,205.8233746290207,8,0.6891891891891891,0.8394733441845542,Circle
1151.5,144.5269113779068,4,0.75,0.6927497265200746,Rectangle
718.0,112.14213538169861,4,1.0689655172413792,0.7174583016375837,Square
233.5,147.2132030725479,4,0.11594202898550725,0.13539518640768147,Rectangle
383.5,84.04163014888763,4,1.0434782608695652,0.6823171646765773,Square
728.0,107.25483310222626,8,0.6410256410256411,0.7952569999428672,
675.5,128.46803617477417,3,0.6458333333333334,0.5143337778790166,Triangle
828.0,120.97056245803833,4,1.032258064516129,0.7110183365559429,Square
347.0,93.59797954559326,3,1.0,0.4977444095799249,Triangle
178.5,226.20815014839172,7,0.6,0.04383606759815781,
506.5,93.55634891986847,4,1.173913043478261,0.7271814368239127,Square
1150.0,139.4558436870575,4,0.75,0.7430777706855539,Rectangle
1443.0,145.88224959373474,8,0.8163265306122449,0.8520621851066574,Circle
393.0,205.62236428260803,9,0.7384615384615385,0.11680507632107373,
330.5,91.01219260692596,3,1.037037037037037,0.5013975105815445,Triangle
236.0,142.0243854522705,10,1.0,0.1470266390205439,
528.0,380.16652059555054,2,17.5,0.045908811577293034,
204.5,287.49747383594513,2,27.2,0.03109103003750456,
157.0,52.485281229019165,5,1.0714285714285714,0.7162002350857251,
157.5,63.3553386926651,7,0.7727272727272727,0.4930874944590351,
465.0,101.74011397361755,3,0.6410256410256411,0.5645187578976821,Triangle
214.0,67.9411244392395,5,0.6153846153846154,0.5825834953551848,
724.0,102.42640602588654,8,0.8235294117647058,0.8672105679665625,Circle
1052.0,124.56854128837585,8,0.8536585365853658,0.8519396794376148,Circle
615.5,103.21320307254791,4,1.0,0.7260514705226049,Square
188.0,67.94112455844879,4,0.9545454545454546,0.5118023212262984,Square
966.5,129.35533845424652,5,0.918918918918919,0.725843528606004,
225.0,289.8822498321533,8,0.75,0.033647215952411345,
206.0,233.62236380577087,7,0.5535714285714286,0.04742946836808962,
728.5,145.4385985136032,5,0.6730769230769231,0.4327928310104812,
1165.0,128.56854128837585,8,0.7727272727272727,0.8856586249541472,Circle
168.0,67.94112479686737,7,0.8260869565217391,0.45735526256679554,
679.0,111.79898953437805,4,0.8181818181818182,0.6826590965951792,Square
173.5,220.32590091228485,8,1.0,0.04491363795854266,
267.5,83.84062016010284,5,0.8214285714285714,0.47821664273842984,
1375.5,141.63960933685303,8,0.8085106382978723,0.8615907311956039,Circle
520.5,88.18376541137695,8,0.6875,0.8411110135685489,Circle
1388.5,164.5269113779068,4,0.7708333333333334,0.6445874688796414,Rectangle
423.5,94.66904664039612,3,0.84375,0.5938096779646299,Triangle
161.5,207.15432798862457,8,0.9705882352941176,0.04729272820628474,
2024.5,240.0071405172348,3,0.735632183908046,0.441651103297579,Triangle
441.5,129.29646337032318,7,0.6521739130434783,0.33186945356564457,
695.5,118.5269113779068,4,0.9090909090909091,0.6221184242242337,Square
1416.0,144.71067690849304,8,0.7450980392156863,0.8497124221423398,Circle
631.0,111.5979790687561,4,1.032258064516129,0.6366878514399255,Square
914.0,130.28427076339722,4,0.9166666666666666,0.6766624655652006,Square
622.0,106.28427076339722,4,1.1111111111111112,0.6919301494168874,Square
291.5,93.01219260692596,5,0.5,0.423417358621416,
746.5,134.12489128112793,3,0.6274509803921569,0.521459891802088,Triangle
519.0,91.59797883033752,10,0.6470588235294118,0.7773300201776121,
1001.0,123.39696800708771,9,0.7272727272727273,0.8261044545491726,Circle
430.0,104.91168749332428,3,0.8571428571428571,0.4909424372146281,Triangle
873.0,127.94112491607666,4,0.9459459459459459,0.6701990037246162,Square
400.5,108.32590055465698,4,0.7631578947368421,0.42889182475099946,Rectangle
327.5,95.84061968326569,4,0.5675675675675675,0.44804531672956277,Rectangle
2836.5,205.23758840560913,8,0.7027027027027027,0.8462113498692636,Circle
1151.5,142.87005722522736,4,0.75,0.7089104347417866,Rectangle
718.0,113.31370830535889,4,1.0689655172413792,0.7026991096297217,Square
246.0,152.28427076339722,4,0.12857142857142856,0.13330145051547276,Rectangle
385.5,82.38477599620819,5,1.0,0.7137404593306547,
728.0,107.25483310222626,8,0.6410256410256411,0.7952569999428672,
673.5,128.46803605556488,4,0.6458333333333334,0.5128109549139812,Rectangle
827.5,121.21320307254791,4,1.032258064516129,0.7077469576172998,Square
348.5,93.01219308376312,3,1.0,0.5062125144651419,Triangle
183.5,228.3502860069275,7,0.5882352941176471,0.044222451349207575,
506.5,92.72792184352875,4,1.173913043478261,0.7402326896048507,Square
1150.0,139.4558436870575,4,0.75,0.7430777706855539,Rectangle
1444.0,145.88224947452545,8,0.8163265306122449,0.852652666184925,Circle
388.5,206.2081514596939,8,0.7384615384615385,0.11481251464504855,
335.5,91.01219260692596,3,1.037037037037037,0.5089829494708265,Triangle
242.0,160.16652023792267,9,1.0238095238095237,0.11854459288801725,
508.5,360.4091612100601,2,16.4,0.049193664825309874,
129.0,194.28427076339722,2,23.5,0.042946155390176106,
157.0,52.485281229019165,5,1.0714285714285714,0.7162002350857251,
157.0,62.76955211162567,6,0.7727272727272727,0.5007390451740523,
461.5,101.15432727336884,4,0.631578947368421,0.566777546759343,Rectangle
217.5,70.52691125869751,5,0.5925925925925926,0.5494894984465325,
724.5,102.66904652118683,8,0.8529411764705882,0.8637124827576191,Circle
1049.0,123.74011492729187,8,0.8292682926829268,0.8609230232860541,Circle
612.5,104.04163014888763,4,1.0344827586206897,0.7110524884459951,Square
189.0,69.59797894954681,5,1.0,0.49031864875766756,
958.5,128.5269113779068,5,0.918918918918919,0.7291448940208518,
227.5,289.2964633703232,8,0.75,0.03415898960221362,
220.5,245.52185785770416,7,0.5,0.04596615046745714,
725.5,144.61017167568207,5,0.6730769230769231,0.4359629648327926,
1167.5,129.15432786941528,8,0.7727272727272727,0.8795262908789337,Circle
168.0,67.94112455844879,7,0.8260869565217391,0.45735526577669217,
678.5,112.87005722522736,4,0.8484848484848485,0.6692713366248377,Square
179.0,220.56854152679443,8,1.0294117647058822,0.04623552059705324,
264.5,83.84062004089355,4,0.8214285714285714,0.4728534667813495,Square
1379.5,142.81118178367615,8,0.8085106382978723,0.8499769388184186,Circle
522.5,88.18376553058624,8,0.6875,0.8443429460160665,Circle
1394.5,164.5269112586975,4,0.7708333333333334,0.6473728675946971,Rectangle
421.5,95.49747383594513,3,0.8181818181818182,0.5807960793625403,Triangle
164.5,209.15432798862457,8,1.0,0.04725437840736377,
2017.5,239.17871344089508,3,0.7241379310344828,0.4431781665968242,Triangle
170.5,63.69848430156708,4,1.105263157894737,0.5280512200822016,Square
446.5,128.46803677082062,6,0.6521739130434783,0.3399704362575727,
701.5,115.69848430156708,4,0.9090909090909091,0.6585400621028886,Square
1410.5,145.2964630126953,8,0.7450980392156863,0.839600850675322,Circle
633.0,110.76955199241638,4,1.032258064516129,0.648295154522106,Square
912.0,131.94112491607666,4,0.9166666666666666,0.6583310475434213,Square
621.0,104.62741661071777,4,1.1111111111111112,0.7128701992718056,Square
290.0,92.42640602588654,5,0.5,0.42659496966992483,
748.5,134.95331835746765,3,0.6274509803921569,0.5164574338189123,Triangle
519.5,91.01219236850739,9,0.6470588235294118,0.7881271047256145,
1001.0,123.396968126297,9,0.7272727272727273,0.8261044529530341,Circle
431.5,104.32590138912201,3,0.8571428571428571,0.4982030392092814,Triangle
873.5,128.18376553058624,4,0.972972972972973,0.6680465457953259,Square
400.0,108.91168713569641,4,0.7631578947368421,0.42376090163002794,Rectangle
327.0,94.42640626430511,4,0.5675675675675675,0.46086178112950804,Rectangle
2825.5,205.23758828639984,8,0.7027027027027027,0.8429297274222194,Circle
1146.5,142.87005722522736,4,0.75,0.7058322305092996,Rectangle
710.0,113.79898953437805,4,1.0689655172413792,0.6889558642735147,Square
249.0,153.4558435678482,4,0.1267605633802817,0.13287471598958625,Rectangle
384.5,82.38477599620819,4,1.0,0.7118889925100823,Square
731.0,107.25483310222626,8,0.6410256410256411,0.7985341579096649,
670.0,129.05382239818573,4,0.6458333333333334,0.5055253309350662,Rectangle
826.0,120.62741661071777,4,1.032258064516129,0.7133421024300645,Square
348.5,93.01219284534454,4,1.0,0.5062125170602956,Square
187.0,230.1076453924179,7,0.5882352941176471,0.04438021211659015,
516.0,92.14213538169861,5,1.173913043478261,0.7637355741675568,
1153.5,139.69848430156708,4,0.75,0.7427524185076643,Rectangle
1440.0,145.88224959373474,8,0.8163265306122449,0.8502907460523816,Circle
397.5,206.69343304634094,9,0.7538461538461538,0.11692130113422748,
336.0,92.42640614509583,4,1.037037037037037,0.4942617566874225,Square
237.0,138.85281229019165,8,1.048780487804878,0.15447167275602408,
523.0,372.16652059555054,2,17.1,0.04745007993971111,
131.5,193.69848430156708,2,23.25,0.044043636749102964,
157.0,52.485281229019165,5,1.0714285714285714,0.7162002350857251,
155.0,62.76955235004425,6,0.7727272727272727,0.4943602000787832,
445.0,99.74011468887329,4,0.631578947368421,0.5621214378450228,Rectangle
209.5,72.18376553058624,6,0.5925925925925926,0.5052598909179554,
730.0,103.25483274459839,8,0.8529411764705882,0.8604228772410569,Circle
1049.0,123.74011468887329,8,0.8292682926829268,0.8609230266036532,Circle
610.5,103.21320307254791,4,1.0,0.7201534082112921,Square
193.0,68.76955187320709,5,1.0,0.5128316075319569,
954.5,127.69848430156708,5,0.918918918918919,0.7355535769220367,
230.0,290.3675309419632,8,0.75,0.034280061835962335,
212.5,231.86500442028046,7,0.5535714285714286,0.04967048356833561,
727.0,143.53910446166992,5,0.6730769230769231,0.4434082917595572,
1163.5,129.98275518417358,8,0.7954545454545454,0.8653758577960479,Circle
171.0,67.94112479686737,7,0.8260869565217391,0.46552232082691686,
684.5,112.87005722522736,5,0.8484848484848485,0.6751897272213728,
179.0,220.56854152679443,8,1.0294117647058822,0.04623552059705324,
266.5,83.84062004089355,5,0.8214285714285714,0.47642891832601,
1379.5,142.81118166446686,8,0.8085106382978723,0.8499769402374273,Circle
119.0,172.02438521385193,14,0.6875,0.05053319952102756,
1398.5,165.35533833503723,4,0.7916666666666666,0.6427408373489272,Rectangle
421.5,96.32590091228485,3,0.8181818181818182,0.5708490516217769,Triangle
166.0,208.56854152679443,8,1.0,0.04795350363625357,
2012.5,239.1787132024765,3,0.7241379310344828,0.44207983249280386,Triangle
167.5,63.69848418235779,5,1.105263157894737,0.5187599982101178,
441.5,129.2964631319046,6,0.6304347826086957,0.3318694547895581,
695.5,115.69848430156708,4,0.9090909090909091,0.6529075027691505,Square
1410.5,145.2964630126953,7,0.7450980392156863,0.839600850675322,Circle
630.5,109.35533833503723,4,1.0,0.6625443850430556,Square
912.0,129.4558436870575,4,0.9166666666666666,0.6838508380509616,Square
627.0,106.28427076339722,4,1.1481481481481481,0.6974922888816534,Square
289.5,93.01219248771667,5,0.5,0.42051226632970184,
745.5,134.95331847667694,3,0.6274509803921569,0.5143874632355321,Triangle
519.5,91.84061920642853,9,0.6470588235294118,0.7739729981987772,
997.0,123.39696860313416,9,0.7272727272727273,0.8228033298988758,Circle
426.0,106.56854200363159,4,0.8857142857142857,0.47136943148800187,Square
873.0,127.94112491607666,4,0.972972972972973,0.6701990037246162,Square
402.5,107.15432751178741,4,0.7631578947368421,0.4405105546785484,Rectangle
329.0,93.59797966480255,5,0.5833333333333334,0.4719248136445561,
2818.0,204.16652035713196,8,0.6986301369863014,0.8495360221405017,Circle
1143.5,143.69848430156708,4,0.7727272727272727,0.6958917027088184,Rectangle
708.0,113.79898953437805,4,1.0689655172413792,0.6870151435290823,Square
247.5,148.87005710601807,5,0.13043478260869565,0.14033640834751765,
382.0,81.79898953437805,4,1.0,0.7174263923085311,Square
729.0,107.25483310222626,8,0.6410256410256411,0.7963493859317997,
670.0,129.05382227897644,4,0.6458333333333334,0.5055253318689915,Rectangle
822.0,121.4558436870575,4,1.032258064516129,0.7002366717818601,Square
349.0,93.5979790687561,4,0.9642857142857143,0.5006132585399476,Square
565.5,136.12488996982574,5,0.5882352941176471,0.38350178511981814,
516.0,92.14213538169861,5,1.173913043478261,0.7637355741675568,
1151.0,139.4558436870575,4,0.75,0.7437239252687589,Rectangle
1441.0,145.88224971294403,8,0.8163265306122449,0.8508812243465264,Circle
402.0,211.62236487865448,9,0.7538461538461538,0.11280095862828692,
336.0,92.42640614509583,4,1.037037037037037,0.4942617566874225,Square
240.5,143.09545230865479,9,1.0238095238095237,0.14759555595540494,
545.0,418.793937087059,2,18.7,0.039048611417809145,
203.5,289.1543279886246,2,27.4,0.030585450618683396,
155.5,51.899494767189026,5,1.0714285714285714,0.7254608780828574,
153.0,61.11269819736481,6,0.8095238095238095,0.5147998092723425,
447.0,99.74011433124542,4,0.631578947368421,0.5646478303789187,Rectangle
208.0,71.94112479686737,6,0.5925925925925926,0.5050318309868819,
728.0,103.25483274459839,8,0.8529411764705882,0.8580655542897115,Circle
1050.0,123.74011385440826,9,0.8292682926829268,0.8617437465452932,Circle
614.0,103.79898953437805,4,1.0,0.7161301915480297,Square
193.5,69.35533845424652,5,1.0,0.5055115030365314,
958.5,128.5269113779068,5,0.918918918918919,0.7291448940208518,
234.0,289.5391038656235,8,0.75,0.03507609758176391,
216.5,244.69343173503876,7,0.5,0.045438411583028394,
729.5,141.2964632511139,5,0.6730769230769231,0.4591690189563382,
1165.5,130.8111822605133,8,0.7954545454545454,0.8559184741376945,Circle
172.5,68.5269113779068,7,0.8260869565217391,0.46161152968183267,
686.5,112.87005722522736,4,0.8484848484848485,0.6771625240868845,Square
180.0,220.56854152679443,8,1.0294117647058822,0.046493819594802144,
268.0,85.25483345985413,6,0.8571428571428571,0.463347300699526,
1377.0,141.39696848392487,8,0.8085106382978723,0.865493095228798,Circle
527.0,89.5979790687561,8,0.6875,0.824943207946265,Circle
1400.0,166.42640602588654,4,0.7916666666666666,0.6351750497760189,Rectangle
421.5,96.32590079307556,3,0.8181818181818182,0.5708490530346993,Triangle
165.5,209.15432798862457,8,1.0,0.047541639066375097,
2018.5,240.35028648376465,3,0.7241379310344828,0.439085736555582,Triangle
166.5,63.69848418235779,5,1.105263157894737,0.515662923593938,
440.0,129.0538227558136,6,0.6521739130434783,0.33198678265469816,
693.5,114.87005722522736,5,0.9090909090909091,0.6604541213360497,
1412.5,145.2964630126953,7,0.7450980392156863,0.8407913517042838,Circle
629.5,109.35533833503723,4,1.0,0.6614935612761356,Square
911.0,128.62741661071777,4,0.9166666666666666,0.691928384178358,Square
619.0,104.62741661071777,4,1.1111111111111112,0.7105743210132812,Square
289.5,93.01219248771667,5,0.5,0.42051226632970184,
749.0,136.3675320148468,5,0.6470588235294118,0.5061389040170693,
520.5,91.84061920642853,9,0.6470588235294118,0.7754628403512291,
140.5,234.06601512432098,13,0.7045454545454546,0.03222622724569727,
426.0,106.56854128837585,4,0.8857142857142857,0.47136943781537927,Square
876.0,127.11269783973694,4,1.0,0.6812964055027894,Square
398.5,107.9827550649643,4,0.7631578947368421,0.4294665881997026,Rectangle
329.0,93.59797966480255,5,0.5833333333333334,0.4719248136445561,
2818.5,205.23758828639984,9,0.7123287671232876,0.8408414216030882,Circle
1143.0,143.11269783973694,4,0.7727272727272727,0.7012934084359841,Rectangle
707.0,112.97056245803833,4,1.0344827586206897,0.6961433771295821,Square
246.5,148.87005710601807,3,0.13043478260869565,0.13976939255621454,Triangle
380.0,81.79898953437805,4,1.0,0.7136702331864969,Square
727.0,107.25483310222626,8,0.6410256410256411,0.7941646139539348,
670.0,128.22539567947388,4,0.6458333333333334,0.512078534080085,Rectangle
820.0,121.4558436870575,4,1.032258064516129,0.698532932921077,Square
348.5,95.0121921300888,3,0.9642857142857143,0.48512535089502695,Triangle
568.5,134.4680358171463,5,0.5882352941176471,0.3950956159799164,
516.5,92.38477599620819,5,1.125,0.7604652433262917,
1155.0,141.11269783973694,4,0.75,0.7288860834970744,Rectangle
1437.0,146.71067678928375,8,0.8163265306122449,0.8389637400950607,Circle
397.0,212.45079123973846,9,0.7538461538461538,0.1105308894929915,
333.5,91.84061968326569,3,1.0740740740740742,0.49686235268329243,Triangle
242.5,139.0954521894455,10,1.0238095238095237,0.157505507927065,
534.5,380.4091612100601,2,17.4,0.046414709749734134,
202.0,290.56854152679443,2,27.4,0.030065196485952628,
154.5,51.899494767189026,5,1.0714285714285714,0.7207955348154436,
153.0,61.11269819736481,6,0.8095238095238095,0.5147998092723425,
447.0,100.08326041698456,4,0.631578947368421,0.5607825579185293,Rectangle
211.5,71.35533833503723,6,0.5925925925925926,0.5219961457354667,
728.0,104.08325982093811,8,0.8285714285714286,0.8444607568225603,Circle
1052.0,123.74011433124542,9,0.8292682926829268,0.8633851565512055,Circle
614.0,103.79898953437805,4,1.0,0.7161301915480297,Square
192.0,68.76955199241638,5,0.9130434782608695,0.5101744471749741,
960.0,129.11269783973694,5,0.918918918918919,0.7236743592334564,
235.5,288.95331740379333,8,0.75,0.03544421854989248,
209.5,247.52185893058777,7,0.5,0.042970140661926476,
730.0,140.71067667007446,5,0.6730769230769231,0.4633174112131523,
1167.5,129.98275518417358,8,0.7954545454545454,0.8683509359491928,Circle
169.5,68.52691149711609,7,0.8260869565217391,0.4535835015005642,
687.5,112.87005722522736,4,0.8484848484848485,0.6781489225196403,Square
179.5,219.9827550649643,8,1.0294117647058822,0.04661192545560449,
268.0,85.25483334064484,6,0.8571428571428571,0.46334730199529545,
1379.0,141.39696860313416,8,0.8085106382978723,0.8667501643486197,Circle
526.0,89.5979791879654,8,0.6875,0.8233778486244439,Circle
1399.0,164.76955199241638,4,0.7916666666666666,0.6475505204951919,Rectangle
416.5,94.66904664039612,3,0.84375,0.5839946419652146,Triangle
166.5,209.15432798862457,8,1.0,0.047828899725386426,
2021.5,240.35028541088104,3,0.7241379310344828,0.4397383326090718,Triangle
165.5,63.69848418235779,5,1.105263157894737,0.5125658489777581,
442.0,129.0538228750229,6,0.6521739130434783,0.3334958128688349,
693.5,115.69848430156708,4,0.9090909090909091,0.6510299829912377,Square
1407.5,144.4680359363556,8,0.7254901960784313,0.8474512614474796,Circle
633.5,110.18376541137695,4,1.032258064516129,0.6557242779665438,Square
912.0,129.4558436870575,4,0.9166666666666666,0.6838508380509616,Square
620.0,104.62741661071777,4,1.1111111111111112,0.7117222601425434,Square
291.5,93.01219272613525,5,0.5,0.4234173575360683,
748.5,136.1248905658722,5,0.6470588235294118,0.5076058066284314,
522.5,91.8406194448471,10,0.6470588235294118,0.7784425206144538,
997.0,122.56854128837585,9,0.7045454545454546,0.8339633924475033,Circle
424.5,107.15432834625244,5,0.8857142857142857,0.46458814297780693,
874.0,127.11269783973694,4,1.0,0.6797409342573492,Square
399.0,108.56854128837585,4,0.7631578947368421,0.42537773477460905,Rectangle
328.0,94.42640626430511,5,0.5833333333333334,0.46227114437455236,
2819.0,204.99494767189026,8,0.6986301369863014,0.8429826279723908,Circle
1147.5,144.5269113779068,4,0.7727272727272727,0.6903433010697226,Rectangle
705.0,112.97056245803833,4,1.0344827586206897,0.6941740889340247,Square
251.0,149.4558435678482,4,0.13043478260869565,0.14120750683181732,Rectangle
381.0,81.79898953437805,4,1.0,0.715548312747514,Square
725.0,107.25483310222626,8,0.6410256410256411,0.7919798419760697,
669.0,127.05382263660431,4,0.6458333333333334,0.5207874495209887,Rectangle
821.0,120.62741661071777,4,1.032258064516129,0.70902405096257,Square
346.0,94.76955187320709,3,0.9642857142857143,0.48411474313474845,Triangle
568.0,136.71067643165588,5,0.5882352941176471,0.3819032334523985,
515.5,91.55634891986847,5,1.125,0.7727901937440462,
1152.0,139.4558436870575,4,0.75,0.7443700798519637,Rectangle
1435.0,146.71067690849304,8,0.8163265306122449,0.8377960786916778,Circle
386.5,205.3797231912613,9,0.7538461538461538,0.11514477458279157,
333.0,90.76955199241638,4,1.037037037037037,0.5078947383568768,Square
236.0,149.68123924732208,11,1.0,0.1323692556545483,
521.0,356.99494767189026,2,14.909090909090908,0.051371642028521486,
214.0,286.4264061450958,2,27.4,0.03277913807861825,
154.5,51.899494767189026,5,1.0714285714285714,0.7207955348154436,
155.5,61.69848418235779,7,0.8095238095238095,0.5133236441070838,
447.5,99.49747371673584,4,0.631578947368421,0.5680398391130209,Rectangle
211.0,71.94112479686737,6,0.5925925925925926,0.512315943933808,
728.0,104.0832599401474,8,0.8285714285714286,0.844460754888194,Circle
1051.0,123.74011433124542,9,0.8292682926829268,0.8625644482274875,Circle
614.5,103.21320307254791,4,1.0,0.7248718580603424,Square
191.5,68.52691173553467,5,0.9545454545454546,0.5124556928197254,
962.0,129.94112491607666,5,0.918918918918919,0.7159648341185104,
234.0,289.5391038656235,8,0.75,0.03507609758176391,
208.0,246.10764467716217,7,0.5,0.04315419212696844,
728.5,140.12489068508148,5,0.6730769230769231,0.4662392661595288,
1168.0,130.56854140758514,8,0.7954545454545454,0.86094538343909,Circle
168.5,68.5269113779068,7,0.8260869565217391,0.45090749421094956,
686.5,113.69848430156708,4,0.8484848484848485,0.6673306239516075,Square
178.5,219.9827550649643,8,1.0294117647058822,0.04635224899067076,
271.0,85.25483310222626,6,0.8571428571428571,0.4685340281456421,
1379.0,142.2253955602646,8,0.8085106382978723,0.8566823701961923,Circle
525.5,89.0121922492981,8,0.6875,0.833457751162497,Circle
1406.0,164.76955199241638,4,0.7916666666666666,0.6507905874311936,Rectangle
418.5,95.49747371673584,3,0.8181818181818182,0.5766623008779442,Triangle
167.5,209.15432798862457,8,1.0,0.04811616038439775,
2012.0,240.93607258796692,3,0.7241379310344828,0.4355461577001626,Triangle
164.5,63.69848418235779,5,1.105263157894737,0.5094687743615783,
440.0,129.0538228750229,6,0.6521739130434783,0.3319867820413741,
695.5,115.69848430156708,5,0.9090909090909091,0.6529075027691505,
1412.5,145.2964630126953,8,0.7450980392156863,0.8407913517042838,Circle
630.5,110.18376541137695,4,1.032258064516129,0.6526190327670179,Square
915.0,129.4558436870575,4,0.9166666666666666,0.6861003473866555,Square
620.0,104.62741661071777,4,1.1111111111111112,0.7117222601425434,Square
293.5,93.8406195640564,5,0.5263157894736842,0.4188285098951527,
746.5,136.9533176422119,5,0.6470588235294118,0.5001434221967458,
517.5,91.0121921300888,9,0.6470588235294118,0.7850929332673162,
998.0,122.56854116916656,8,0.7045454545454546,0.8347998668822242,Circle
425.0,105.74011468887329,5,0.8571428571428571,0.4776604020332332,
875.0,127.11269783973694,4,1.0,0.6805186698800693,Square
398.5,107.9827550649643,4,0.7631578947368421,0.4294665881997026,Rectangle
329.0,94.42640590667725,5,0.5833333333333334,0.4636805111318574,
2821.5,203.5807341337204,8,0.6986301369863014,0.8554932088582288,Circle
1149.0,143.94112491607666,4,0.7727272727272727,0.6968833811614334,Rectangle
706.0,110.48528122901917,4,1.0344827586206897,0.7267845962520662,Square
250.0,150.62741649150848,3,0.12857142857142856,0.13846557646930624,Triangle
380.0,81.79898953437805,4,1.0,0.7136702331864969,Square
726.0,105.59797894954681,8,0.6153846153846154,0.818154403453869,Circle
671.5,127.63960921764374,4,0.6458333333333334,0.5179465555381368,Rectangle
820.5,120.38477599620819,4,1.032258064516129,0.7114515197716643,Square
348.0,95.5979790687561,3,0.9642857142857143,0.4785107348187828,Triangle
571.0,136.71067643165588,5,0.5882352941176471,0.38392032799528086,
515.5,91.55634891986847,5,1.125,0.7727901937440462,
1150.0,140.28427076339722,4,0.75,0.7343274222895307,Rectangle
1439.0,146.71067678928375,8,0.8163265306122449,0.8401314001369466,Circle
397.5,210.2081505060196,8,0.765625,0.11304409848391755,
336.0,91.5979790687561,3,1.0740740740740742,0.5032425537958037,Triangle
248.0,170.30865597724915,11,1.0232558139534884,0.10744546792332936,
535.0,379.82337474823,2,15.727272727272727,0.04660154010755875,
217.0,288.911687374115,2,27.6,0.03266926594905328,
155.0,52.485281229019165,4,1.0714285714285714,0.7070766652120216,Square
152.5,62.52691185474396,7,0.8571428571428571,0.4901688945727041,
448.5,100.32590067386627,3,0.6153846153846154,0.5599460389686066,Triangle
211.5,71.35533845424652,6,0.5925925925925926,0.5219961439913284,
728.0,104.08326005935669,8,0.8285714285714286,0.8444607529538279,Circle
1050.0,123.74011421203613,8,0.8292682926829268,0.8617437415641505,Circle
617.0,103.79898953437805,4,1.0,0.71962919899859,Square
191.5,68.52691173553467,5,0.9545454545454546,0.5124556928197254,
964.0,128.28427076339722,5,0.8918918918918919,0.7361055266098074,
230.0,288.71067678928375,8,0.75,0.034674643962694866,
204.0,248.1076453924179,7,0.5,0.04164469992484285,
728.0,140.71067667007446,5,0.6730769230769231,0.46204804844270525,
1170.0,130.56854140758514,8,0.7954545454545454,0.8624196049860748,Circle
168.5,68.5269113779068,7,0.8260869565217391,0.45090749421094956,
687.5,113.69848430156708,4,0.8484848484848485,0.6683027006070359,Square
174.5,221.15432798862457,8,1.0294117647058822,0.044834714589927986,
273.0,85.25483334064484,6,0.8571428571428571,0.47199184121162563,
1377.0,141.39696848392487,8,0.8085106382978723,0.865493095228798,Circle
526.0,89.59797894954681,8,0.6875,0.8233778530064305,Circle
1408.0,166.42640602588654,4,0.7916666666666666,0.6388046214890247,Rectangle
419.5,95.49747383594513,3,0.8181818181818182,0.5780402260796812,Triangle
163.0,208.56854152679443,8,1.0,0.047086874052465845,
2007.0,238.59292697906494,4,0.7241379310344828,0.44303915138525773,Rectangle
170.0,64.28427064418793,6,1.105263157894737,0.5169509570547811,
444.0,129.05382311344147,6,0.6521739130434783,0.33500484245849615,
695.5,114.04163014888763,5,0.8787878787878788,0.6720168538605503,
1409.5,144.46803605556488,8,0.7254901960784313,0.8486554536688763,Circle
629.5,109.35533833503723,4,1.032258064516129,0.6614935612761356,Square
914.5,129.2132030725479,5,0.9166666666666666,0.6883032007368822,
618.0,105.4558436870575,4,1.1111111111111112,0.6983241123336794,Square
293.5,93.84061992168427,5,0.5263157894736842,0.4188285067028305,
745.5,136.12489092350006,3,0.6274509803921569,0.5055713117610178,Triangle
521.5,91.84061920642853,9,0.6470588235294118,0.776952682503681,
999.0,122.56854128837585,8,0.7045454545454546,0.8356363380692635,Circle
422.5,105.49747407436371,4,0.8571428571428571,0.4770374275787527,Square
874.0,127.94112491607666,4,1.0,0.6709667001779089,Square
397.5,107.98275458812714,4,0.7435897435897436,0.428388884108086,Rectangle
327.5,95.8406194448471,5,0.6111111111111112,0.44804531895872884,
2817.0,204.99494755268097,8,0.6986301369863014,0.8423845568499785,Circle
1151.0,144.7695518732071,4,0.7555555555555555,0.6901297153821323,Rectangle
705.0,110.48528122901917,4,1.0344827586206897,0.7257551563140321,Square
254.5,154.04163014888763,3,0.1267605633802817,0.13477875455434474,Triangle
380.5,80.72792184352875,4,1.0454545454545454,0.7336973994058614,Square
725.0,106.42640602588654,8,0.6153846153846154,0.8043574297076838,Circle
671.0,128.22539520263672,4,0.6458333333333334,0.5128428342138677,Rectangle
817.0,119.79898953437805,4,1.032258064516129,0.7153615782599142,Square
343.5,95.01219260692596,3,0.9310344827586207,0.4781651545475056,Triangle
190.0,228.79393672943115,7,0.6,0.0456115092460119,
514.0,92.97056245803833,5,1.125,0.7472777754763854,
1149.0,140.28427076339722,4,0.75,0.7336888767049312,Rectangle
1433.5,144.46803605556488,8,0.8333333333333334,0.8631057771084314,Circle
404.0,206.45079123973846,9,0.7538461538461538,0.11911271552162718,
336.5,91.01219260692596,3,1.0740740740740742,0.5105000372486829,Triangle
257.0,159.33809340000153,9,1.0,0.1272048748293311,
521.0,378.6518018245697,2,17.3,0.045663325009576705,
216.0,289.7401144504547,2,27.4,0.03233302667095886,
155.5,51.899494767189026,5,1.0714285714285714,0.7254608780828574,
154.0,63.11269819736481,5,0.8571428571428571,0.48584427524142026,
449.0,99.74011409282684,3,0.6153846153846154,0.5671742215932771,Triangle
212.0,70.76955187320709,6,0.5925925925925926,0.5319279781731956,
726.0,104.0832599401474,8,0.8285714285714286,0.8421408077593805,Circle
1051.0,123.74011433124542,8,0.8292682926829268,0.8625644482274875,Circle
621.0,104.62741661071777,4,1.0,0.7128701992718056,Square
192.5,68.52691173553467,4,0.9545454545454546,0.515131701659515,Square
964.0,128.28427076339722,5,0.8918918918918919,0.7361055266098074,
229.0,288.71067678928375,8,0.75,0.03452388464111793,
208.5,247.5218586921692,7,0.5,0.04276503267432562,
728.0,140.71067667007446,5,0.6730769230769231,0.46204804844270525,
1169.0,130.56854128837585,8,0.7954545454545454,0.8616824957860175,Circle
168.0,67.94112491607666,7,0.8260869565217391,0.45735526096184725,
688.5,113.69848430156708,4,0.8484848484848485,0.6692747772624644,Square
172.5,221.15432798862457,8,1.0294117647058822,0.044320849666261194,
274.5,85.84061980247498,5,0.8571428571428571,0.46813005351107523,
1378.5,141.982754945755,8,0.8085106382978723,0.8593012371620724,Circle
523.0,89.59797894954681,8,0.6875,0.8186817816014509,Circle
1406.0,166.42640614509583,4,0.7916666666666666,0.6378972276469367,Rectangle
422.5,95.49747371673584,3,0.8181818181818182,0.5821740074574228,Triangle
164.0,210.22539567947388,8,1.0,0.0466319261935066,
2010.5,238.0071406364441,3,0.7241379310344828,0.44599908502195523,Triangle
169.0,64.28427064418793,6,1.105263157894737,0.5139100690721059,
439.5,129.29646360874176,6,0.6521739130434783,0.3303660799641921,
692.5,113.21320307254791,4,0.90625,0.6789463941737462,Square
1410.5,145.2964631319046,8,0.7450980392156863,0.8396008492976116,Circle
629.5,109.35533833503723,4,1.032258064516129,0.6614935612761356,Square
913.0,128.62741661071777,5,0.9166666666666666,0.6934474366134368,
616.0,105.4558436870575,4,1.1111111111111112,0.6960641637500752,Square
292.5,93.8406195640564,5,0.5263157894736842,0.41740149623281825,
743.5,134.12489092350006,3,0.6274509803921569,0.5193642754486164,Triangle
521.5,91.0121921300888,9,0.6470588235294118,0.7911612844423292,
999.5,123.9827550649643,9,0.7272727272727273,0.8170903793148852,Circle
422.5,105.49747407436371,4,0.8571428571428571,0.4770374275787527,Square
870.0,127.11269783973694,4,1.0,0.6766299917664689,Square
399.0,106.5685418844223,4,0.717948717948718,0.44149390512789516,Rectangle
332.5,96.66904640197754,5,0.6111111111111112,0.44712262333411884,
2818.5,204.40916121006012,8,0.6986301369863014,0.84767073721294,Circle
1150.0,143.94112479686737,4,0.7333333333333333,0.6974898952681314,Rectangle
711.0,111.31370830535889,4,1.0344827586206897,0.7210778623558004,Square
254.5,153.69848430156708,3,0.1267605633802817,0.13538123801325058,Triangle
382.0,81.31370830535889,4,1.0454545454545454,0.7260151643882684,Square
725.5,105.8406194448471,8,0.6153846153846154,0.8138465651956462,Circle
668.0,128.225395321846,4,0.6458333333333334,0.5105499442889452,Rectangle
811.0,119.79898953437805,4,1.032258064516129,0.7101080048577607,Square
347.0,95.59797894954681,3,0.9310344827586207,0.477135705161565,Triangle
196.5,226.55129599571228,7,0.58,0.04811043867911687,
510.0,92.14213538169861,5,1.125,0.7548549279563062,
1151.0,140.28427076339722,5,0.75,0.7349659678741305,
1432.5,144.46803617477417,8,0.8333333333333334,0.8625036788750424,Circle
410.5,214.69343161582947,10,0.7424242424242424,0.11191428128905795,
335.5,91.01219260692596,3,1.0740740740740742,0.5089829494708265,Triangle
255.0,170.65180146694183,9,0.9347826086956522,0.11003435195207659,
497.0,354.6518018245697,2,16.2,0.04965487711793001,
224.5,289.8406196832657,2,27.8,0.0335820891532929,
157.0,52.485281229019165,4,1.0714285714285714,0.7162002350857251,Square
154.0,62.76955211162567,4,0.8181818181818182,0.4911707831643571,Square
446.5,99.15432834625244,3,0.6153846153846154,0.5707001322011753,Triangle
212.5,72.18376541137695,6,0.5925925925925926,0.5124951177789718,
726.0,104.08326017856598,8,0.8285714285714286,0.8421408039012767,Circle
1047.0,124.56854128837585,8,0.8292682926829268,0.8478905364745082,Circle
623.0,103.79898953437805,4,1.0,0.7266272138997109,Square
193.5,69.35533809661865,3,0.9130434782608695,0.5055115082498288,Triangle
965.0,128.28427076339722,5,0.8918918918918919,0.7368691215544234,
231.0,287.88224971294403,8,0.75,0.035026122972500386,
209.0,250.1076455116272,8,0.5,0.041985778905005565,
723.0,139.88224983215332,5,0.6862745098039216,0.46432593694991786,
1168.0,130.56854128837585,8,0.7954545454545454,0.8609453850111791,Circle
169.0,67.94112491607666,7,0.8260869565217391,0.4600776137056678,
681.5,113.69848430156708,4,0.8484848484848485,0.6624702406744655,Square
175.5,221.15432798862457,8,1.0,0.045091647051761385,
273.5,85.84061980247498,5,0.8571428571428571,0.4664246616950058,
1375.0,142.2253955602646,8,0.8085106382978723,0.8541974322115767,Circle
524.0,89.5979791879654,8,0.6875,0.820247134371119,Circle
1407.5,165.01219248771667,4,0.7916666666666666,0.6495703575099301,Rectangle
422.5,95.49747383594513,3,0.8181818181818182,0.5821740060039697,Triangle
162.0,209.39696860313416,8,1.0,0.046428440705201995,
2008.5,238.0071406364441,3,0.7241379310344828,0.44555541520348024,Triangle
167.0,64.28427076339722,6,1.105263157894737,0.5078282912233135,
438.5,129.2964630126953,6,0.6521739130434783,0.3296143968144151,
693.5,113.21320307254791,4,0.90625,0.6799268221797733,Square
1409.5,145.2964632511139,8,0.7450980392156863,0.8390055974073738,Circle
629.5,109.35533833503723,4,1.032258064516129,0.6614935612761356,Square
914.5,128.04163014888763,5,0.9166666666666666,0.700956689062781,
615.0,106.28427076339722,4,1.1111111111111112,0.684143154166215,Square
291.0,95.25483286380768,5,0.5263157894736842,0.4030220561010532,
738.5,134.46803605556488,3,0.64,0.5132420604511763,Triangle
521.5,91.0121922492981,9,0.6470588235294118,0.7911612823697767,
997.5,123.154327750206,8,0.7045454545454546,0.8264629945774353,Circle
422.5,105.49747383594513,4,0.8571428571428571,0.47703742973491026,Square
869.0,127.11269783973694,4,1.0,0.6758522561437489,Square
402.0,106.5685418844223,4,0.717948717948718,0.4448134081739696,Rectangle
333.5,94.66904699802399,5,0.6111111111111112,0.4676163544391515,
2818.5,203.5807341337204,8,0.6986301369863014,0.8545835935378053,Circle
1149.0,143.11269772052765,4,0.75,0.704974739838447,Rectangle
712.0,112.97056245803833,4,1.0,0.701066597618476,Square
258.5,154.87005722522736,3,0.125,0.13543642882057816,Triangle
379.0,81.31370830535889,4,1.0454545454545454,0.7203134746155856,Square
724.5,106.66904664039612,8,0.6410256410256411,0.8001500314932986,Circle
666.0,128.225395321846,3,0.6458333333333334,0.5090213516413734,Triangle
807.0,120.14213538169861,4,1.032258064516129,0.7025750213555286,Square
353.0,95.59797883033752,3,0.9310344827586207,0.48538589147576144,Triangle
191.5,226.5512968301773,7,0.58,0.046886254143412694,
510.0,92.97056245803833,5,1.125,0.741462384227542,
1150.5,138.87005722522736,5,0.75,0.7496857538412047,
1433.5,144.46803557872772,8,0.8333333333333334,0.8631057828060366,Circle
411.0,213.2792180776596,9,0.7313432835820896,0.11354149444747143,
337.0,91.5979790687561,3,1.0740740740740742,0.5047402994916245,Triangle
242.5,166.7523066997528,8,1.0,0.10959176122296588,
517.5,375.23758828639984,2,17.1,0.04618570168562975,
238.5,289.01219260692596,2,27.8,0.035881113974381866,
156.0,53.31370830535889,5,1.0,0.6896943676679107,
154.5,63.35533845424652,6,0.8181818181818182,0.4836953553479155,
451.5,100.3259015083313,3,0.6153846153846154,0.5636914880461894,Triangle
215.0,71.94112455844879,5,0.5925925925925926,0.5220280979897944,
723.0,104.08326029777527,8,0.8285714285714286,0.8386608813029179,Circle
1050.5,124.32590079307556,8,0.8292682926829268,0.8540488095089509,Circle
623.0,103.79898953437805,4,1.0,0.7266272138997109,Square
192.5,68.52691113948822,4,0.9545454545454546,0.5151317106207368,Square
965.0,127.4558436870575,5,0.8918918918918919,0.7464791349659441,
238.0,288.71067678928375,8,0.75,0.03588071853531033,
205.5,248.69343173503876,8,0.5,0.041753516686198665,
725.5,141.29646396636963,5,0.6730769230769231,0.4566512952435681,
1167.0,129.39696848392487,8,0.7954545454545454,0.8758556109040986,Circle
167.5,67.35533845424652,6,0.8260869565217391,0.4639600962552376,
681.5,112.04163014888763,4,0.8484848484848485,0.682208123087281,Square
171.5,219.9827550649643,8,1.0,0.04453451373613466,
273.0,86.42640602588654,5,0.8571428571428571,0.4592821891383328,
1376.0,142.22539603710175,8,0.8085106382978723,0.8548186609758528,Circle
522.0,89.5979790687561,8,0.6875,0.8171164222921258,Circle
1400.0,165.5979790687561,4,0.7755102040816326,0.6415460492462435,Rectangle
422.5,95.49747371673584,3,0.8181818181818182,0.5821740074574228,Triangle
163.5,209.15432798862457,8,1.0,0.04696711774835244,
2004.5,238.00713968276978,3,0.7241379310344828,0.4446680791300245,Triangle
167.5,63.69848430156708,6,1.105263157894737,0.5187599962684385,
443.0,129.88224971294403,7,0.6521739130434783,0.33000003445870174,
694.5,114.04163014888763,5,0.8787878787878788,0.67105061826909,
1406.5,144.46803629398346,8,0.7254901960784313,0.8468491604437867,Circle
629.5,109.35533845424652,4,1.032258064516129,0.6614935598339348,Square
918.0,128.62741661071777,5,0.9166666666666666,0.6972450677011335,
614.0,105.4558436870575,4,1.1111111111111112,0.6938042151664711,Square
290.0,94.42640566825867,5,0.5263157894736842,0.40871534622272243,
737.5,132.46803629398346,3,0.64,0.5281407671112496,Triangle
522.5,91.84061932563782,9,0.6470588235294118,0.7784425226352933,
995.5,123.1543276309967,8,0.7045454545454546,0.8248059275133979,Circle
425.5,105.49747371673584,4,0.8571428571428571,0.48042467884243034,Square
870.0,126.28427076339722,4,0.9722222222222222,0.6855365194612713,Square
399.5,106.81118249893188,4,0.717948717948718,0.44004105922347625,Rectangle
336.0,96.08326053619385,5,0.5945945945945946,0.45735525870567323,
2817.5,203.58073437213898,8,0.6986301369863014,0.8542803864300585,Circle
1156.5,142.87005710601807,4,0.75,0.7119886401624256,Rectangle
712.0,112.97056245803833,4,1.0344827586206897,0.701066597618476,Square
265.5,157.6984841823578,3,0.1232876712328767,0.13415885767799146,Triangle
379.0,81.31370830535889,4,1.0454545454545454,0.7203134746155856,Square
725.5,106.66904652118683,8,0.6410256410256411,0.8012544501668704,Circle
668.0,127.05382239818573,3,0.6458333333333334,0.5200089948963349,Triangle
809.0,120.14213538169861,4,1.032258064516129,0.704316223391106,Square
355.0,94.42640721797943,3,0.9310344827586207,0.5003239418845499,Triangle
577.0,133.0538227558136,5,0.58,0.4095726647264379,
507.0,93.79898953437805,5,1.125,0.7241382757419075,
1149.5,138.87005722522736,5,0.75,0.7490341364975791,
1430.5,144.46803617477417,8,0.8333333333333334,0.8612994852570667,Circle
402.0,216.10764575004578,10,0.7538461538461538,0.10816721616537389,
337.0,91.5979790687561,3,1.0740740740740742,0.5047402994916245,Triangle
238.5,164.40916061401367,9,1.0,0.11087821437025662,
541.5,375.23758828639984,2,15.636363636363637,0.04832764727105026,
234.5,286.18376553058624,2,27.6,0.03598012962581154,
155.5,52.72792184352875,5,1.0,0.7028440095008877,
153.0,61.11269772052765,6,0.8095238095238095,0.5147998173058834,
455.0,100.9116872549057,3,0.6153846153846154,0.5614852154861678,Triangle
217.0,72.76955163478851,6,0.5925925925925926,0.5149560914020903,
722.0,103.25483334064484,8,0.8529411764705882,0.8509935756108238,Circle
1046.5,123.49747371673584,8,0.85,0.8622494962502232,Circle
623.0,103.79898953437805,4,1.0,0.7266272138997109,Square
194.5,69.35533833503723,4,0.9130434782608695,0.5081239673312702,Square
968.0,128.28427076339722,5,0.868421052631579,0.7391599063882713,
236.0,287.0538226366043,8,0.75,0.035991106417757206,
203.0,244.45079112052917,8,0.4838709677419355,0.04268969064920067,
728.0,139.8822501897812,5,0.6538461538461539,0.4675370406239352,
1166.0,129.3969682455063,8,0.7954545454545454,0.875105095182134,Circle
169.0,67.94112503528595,7,0.8260869565217391,0.46007761209116627,
680.0,111.4558436870575,4,0.8484848484848485,0.6878806442458998,Square
173.5,219.9827550649643,8,1.0,0.04505386666600212,
272.5,85.8406194448471,5,0.8571428571428571,0.46471927375114885,
1376.5,142.46803653240204,8,0.8297872340425532,0.8522189790825976,Circle
520.5,89.01219284534454,9,0.6875,0.8255275997530537,Circle
1395.5,165.35533845424652,4,0.7755102040816326,0.6413620573665803,Rectangle
421.5,95.49747383594513,3,0.8181818181818182,0.5807960793625403,Triangle
163.0,209.39696860313416,8,1.0,0.04671503601819707,
2004.0,238.5929262638092,3,0.7241379310344828,0.4423769131535957,Triangle
168.0,64.28427076339722,6,1.105263157894737,0.5108691791947106,
444.0,129.88224971294403,7,0.6521739130434783,0.33074495552971467,
693.0,114.62741661071777,5,0.8787878787878788,0.6627749554957635,
1402.5,144.46803629398346,8,0.7254901960784313,0.8444407732118099,Circle
628.0,109.94112491607666,4,1.032258064516129,0.6529037380491782,Square
918.0,128.62741661071777,5,0.8888888888888888,0.6972450677011335,
615.0,104.62741661071777,4,1.1111111111111112,0.7059825644962325,Square
291.0,94.42640566825867,5,0.5263157894736842,0.4101247094855594,
740.5,134.4680359363556,3,0.64,0.5146320195503777,Triangle
524.5,91.8406194448471,10,0.6470588235294118,0.7814222049038871,
999.0,122.56854152679443,8,0.7045454545454546,0.8356363348183277,Circle
428.0,104.91168749332428,4,0.8571428571428571,0.488658984018281,Square
874.0,127.11269783973694,4,0.9722222222222222,0.6797409342573492,Square
401.5,107.15432822704315,4,0.717948717948718,0.4394161126516464,Rectangle
334.5,95.49747407436371,5,0.5945945945945946,0.4609164592567284,
2822.5,203.5807342529297,8,0.6986301369863014,0.8557964129627916,Circle
1153.5,143.69848430156708,4,0.75,0.7019773319410774,Rectangle
716.0,112.14213538169861,4,1.0689655172413792,0.7154598105466714,Square
266.0,156.28427076339722,3,0.125,0.13685509150888983,Triangle
377.5,80.72792184352875,4,1.0454545454545454,0.7279126630110714,Square
727.5,105.8406194448471,8,0.6410256410256411,0.8160901118950139,Circle
664.5,127.63960909843445,3,0.6458333333333334,0.5125472625435277,Triangle
806.0,120.14213538169861,4,1.0,0.7017044203377397,Square
349.0,93.59798049926758,3,0.9310344827586207,0.5006132432376302,Triangle
571.0,135.0538226366043,5,0.58,0.39339805632946045,
507.0,92.97056245803833,5,1.125,0.7371008407909093,
1147.5,139.69848430156708,5,0.75,0.7388889468899391,
1429.5,144.46803605556488,8,0.8333333333333334,0.8606973898685056,Circle
404.5,219.17871248722076,10,0.7538461538461538,0.10581120179143294,
337.0,91.5979790687561,3,1.0740740740740742,0.5047402994916245,Triangle
244.0,173.48022890090942,9,0.9555555555555556,0.10188252912795678,
786.0,675.2203433513641,2,24.0,0.021664135990832428,
156.0,53.31370830535889,5,1.0,0.6896943676679107,
157.0,61.94112527370453,6,0.8095238095238095,0.5142228070209119,
460.5,100.32590067386627,3,0.6153846153846154,0.5749278727871647,Triangle
215.0,71.59797930717468,5,0.5925925925925926,0.5270439021589328,
720.0,104.08326005935669,8,0.8529411764705882,0.8351809644598299,Circle
1050.5,124.32590055465698,8,0.875,0.8540488127845532,Circle
624.0,103.79898953437805,4,1.0,0.7277935497165643,Square
194.5,70.18376517295837,7,0.9565217391304348,0.49619929532978624,
970.0,128.28427076339722,5,0.868421052631579,0.7406870962775033,
229.0,290.2253956794739,8,0.75,0.03416445698984281,
211.5,241.86500430107117,7,0.4838709677419355,0.04543328791443667,
730.0,139.8822501897812,5,0.6666666666666666,0.4688214830432318,
1168.5,129.63960874080658,8,0.7777777777777778,0.8737016531959385,Circle
169.0,67.11269795894623,5,0.8260869565217391,0.47150594470740426,
680.0,110.62741661071777,4,0.875,0.6982215280263155,Square
174.5,219.9827550649643,8,1.0,0.04531354313093584,
270.0,85.25483298301697,5,0.8571428571428571,0.4668051215981455,
1381.0,143.05382215976715,8,0.8297872340425532,0.8480171019539458,Circle
521.5,89.01219260692596,9,0.6875,0.8271136322333681,Circle
1400.0,164.28427076339722,4,0.7551020408163265,0.6518473901506151,Rectangle
423.5,94.66904664039612,4,0.84375,0.5938096779646299,Square
167.0,209.39696860313416,8,1.0,0.04786141727017738,
2008.5,239.17871356010437,4,0.7241379310344828,0.44120116318335906,Rectangle
168.0,64.28427076339722,6,1.105263157894737,0.5108691791947106,
443.0,129.05382227897644,7,0.6521739130434783,0.3342503313700944,
694.0,114.62741661071777,5,0.8787878787878788,0.6637313407129292,
1403.5,144.4680358171463,8,0.7254901960784313,0.8450428755981709,Circle
631.0,109.59797894954681,4,1.032258064516129,0.6601370865112232,Square
913.5,128.04163014888763,5,0.8888888888888888,0.7001901973306183,
613.0,104.62741661071777,4,1.1111111111111112,0.7036866862377082,Square
290.0,94.42640566825867,5,0.5263157894736842,0.40871534622272243,
742.5,134.12489080429077,3,0.6274509803921569,0.5186657366591589,Triangle
524.5,91.01219248771667,9,0.6470588235294118,0.7957125415701636,
995.0,122.5685418844223,8,0.7045454545454546,0.8322904387309454,Circle
424.5,104.32590067386627,3,0.8571428571428571,0.4901209572288334,Triangle
876.0,127.11269783973694,4,0.9459459459459459,0.6812964055027894,Square
398.5,107.15432810783386,4,0.717948717948718,0.4361328051837987,Rectangle
335.0,96.08326053619385,5,0.5945945945945946,0.4559940823404777,
2822.5,203.5807341337204,8,0.6986301369863014,0.8557964139650366,Circle
1158.0,142.28427076339722,4,0.75,0.7187943234386157,Rectangle
720.0,113.79898953437805,4,1.0333333333333334,0.6986594679956769,Square
264.5,154.87005710601807,3,0.125,0.13858002119222992,Triangle
374.0,80.97056245803833,4,1.0454545454545454,0.7168481256744955,Square
724.5,105.8406195640564,8,0.6153846153846154,0.8127247900152033,Circle
663.5,127.63960897922516,3,0.6458333333333334,0.5117759357906071,Triangle
809.0,120.97056245803833,4,1.032258064516129,0.6947026983982583,Square
345.0,92.76955151557922,3,0.9642857142857143,0.5037534633702758,Triangle
574.0,133.88224983215332,4,0.58,0.40241647515621787,Rectangle
505.0,92.14213538169861,5,1.125,0.7474543894469305,
1146.5,139.69848430156708,4,0.75,0.7382450349536516,Rectangle
1429.5,144.4680358171463,8,0.8333333333333334,0.8606973927093591,Circle
408.0,227.27921843528748,10,0.7424242424242424,0.09925458379416707,
334.5,91.84061968326569,3,1.0740740740740742,0.4983521948202738,Triangle
247.5,168.0660148859024,10,0.9772727272727273,0.11010961966918195,
787.5,671.3208485841751,2,23.923076923076923,0.021958372934632465,
154.0,52.485281229019165,4,1.0714285714285714,0.7025148802751698,Square
157.0,63.94112467765808,6,0.8571428571428571,0.48255739409083015,
469.5,102.81118273735046,3,0.6153846153846154,0.5581677628180762,Triangle
734.5,104.66904675960541,8,0.8285714285714286,0.8424907206657334,Circle
1056.0,126.2253954410553,8,0.8536585365853658,0.8328759129991653,Circle
623.5,104.38477599620819,4,1.0,0.719071365227812,Square
194.0,68.7695517539978,5,1.0,0.5154887679073641,
973.0,128.28427076339722,5,0.868421052631579,0.7429778811113512,
225.5,288.811182141304,8,0.75,0.03397256997974492,
216.0,238.4507908821106,7,0.4918032786885246,0.04773820451907688,
732.0,139.88224983215332,4,0.6666666666666666,0.47010592786630684,Rectangle
1172.0,130.22539591789246,8,0.7777777777777778,0.8684525661125091,Circle
170.0,67.11269783973694,6,0.8260869565217391,0.47429592239653146,
687.0,115.11269783973694,5,0.8484848484848485,0.6515085752221684,
182.5,218.32590091228485,8,1.0,0.04811297491288942,
270.0,84.42640602588654,5,0.8888888888888888,0.4760110386487729,
1386.5,143.63960933685303,8,0.8297872340425532,0.8444643252958914,Circle
525.5,88.18376541137695,9,0.6875,0.8491908503943754,Circle
1401.0,165.11269783973694,4,0.7551020408163265,0.6457836602023935,Rectangle
426.0,96.08326041698456,4,0.8181818181818182,0.5798611330121171,Square
175.0,205.7401144504547,8,1.0,0.05195291958634902,
2025.0,239.42135310173035,4,0.735632183908046,0.44392451588625853,Rectangle
167.5,64.52691125869751,4,1.105263157894737,0.505525330001141,Square
450.5,129.6396086215973,6,0.6521739130434783,0.3368443264772271,
697.0,114.62741661071777,5,0.8787878787878788,0.666600496364426,
1401.5,143.63960933685303,8,0.74,0.8536002538061247,Circle
635.0,111.5979790687561,4,1.0,0.6407239075504797,Square
919.0,127.79898953437805,5,0.8888888888888888,0.7070832271548476,
624.5,105.21320307254791,4,1.1111111111111112,0.7089274979243471,Square
292.5,93.84061992168427,5,0.5263157894736842,0.4174014930513728,
746.5,134.1248916387558,3,0.6274509803921569,0.5214598890212679,Triangle
525.0,91.59797883033752,8,0.6470588235294118,0.7863164943993186,
1000.0,123.74011445045471,8,0.7045454545454546,0.8207083221365606,Circle
428.5,106.32590067386627,3,0.8857142857142857,0.47630215863116004,Triangle
874.0,127.11269783973694,4,0.9459459459459459,0.6797409342573492,Square
396.0,107.74011397361755,5,0.717948717948718,0.4286967476293649,
328.0,98.08326005935669,5,0.5945945945945946,0.4284438596670756,
2827.0,204.99494767189026,8,0.6891891891891891,0.8453749163809681,Circle
1156.0,144.28427076339722,4,0.75,0.6977980002416402,Rectangle
712.5,113.21320307254791,4,1.0333333333333334,0.6985549542942876,Square
256.5,155.35533833503723,3,0.1267605633802817,0.13355030101610332,Triangle
377.0,81.79898953437805,4,1.0,0.7080359945034456,Square
725.0,105.59797894954681,8,0.6153846153846154,0.8170274690138498,Circle
663.5,126.81118154525757,3,0.625,0.5184843989619089,Triangle
809.5,122.04163014888763,4,1.032258064516129,0.6829842945864002,Square
350.0,93.59797990322113,3,0.9310344827586207,0.5020476715322593,Triangle
566.5,134.46803617477417,4,0.58,0.3937056556940747,Rectangle
504.0,93.79898953437805,4,1.125,0.7198534338736122,Square
1137.5,139.69848430156708,4,0.75,0.7324498275270639,Rectangle
1431.5,144.46803605556488,8,0.8333333333333334,0.8619015834884685,Circle
415.0,214.10764586925507,10,0.7538461538461538,0.11376105420340146,
340.5,91.01219260692596,3,1.0740740740740742,0.5165683883601085,Triangle
249.5,166.06601428985596,8,1.0476190476190477,0.11368911589357426,
523.5,340.9533175230026,2,14.454545454545455,0.0565896110470947,
240.5,315.63960921764374,2,29.8,0.030334856907891727,
624.0,106.62741661071777,4,1.0,0.6896943676679107,Square
200.0,69.94112479686737,5,1.0,0.5137769720970775,
1004.0,130.28427064418793,6,0.8717948717948718,0.7432922501867597,
234.5,289.63960921764374,8,0.7708333333333334,0.03512665581554163,
197.5,182.89444196224213,7,0.7254901960784313,0.07419522368028944,
158.5,199.72286903858185,10,0.7333333333333333,0.04993252617684264,
690.5,114.04163014888763,4,0.875,0.6671856759032493,Square
181.5,217.49747383594513,8,1.0,0.04821454349608824,
116.0,137.53910374641418,8,0.8888888888888888,0.07705759905920596,
1381.5,142.81118214130402,8,0.8297872340425532,0.8512092316756537,Circle
1406.5,163.69848430156708,4,0.7551020408163265,0.6595690737492075,Rectangle
153.5,169.92387998104095,8,0.90625,0.0668050682096308,
180.0,206.911687374115,8,1.0,0.05283385796107681,
330.0,319.1025928258896,7,0.7325581395348837,0.040725191756317045,
448.0,127.88224971294403,6,0.6521739130434783,0.34424476328590414,
700.5,112.38477599620819,4,0.9375,0.6969522669921657,Square
1410.5,145.2964632511139,8,0.76,0.8396008479199012,Circle
647.0,109.94112491607666,5,1.0,0.6726571950920675,
922.0,128.62741661071777,5,0.8888888888888888,0.7002831725712909,
625.5,106.04163014888763,4,1.1111111111111112,0.6990116070579916,Square
295.5,95.49747395515442,4,0.5263157894736842,0.4071773215258643,Rectangle
763.5,137.2964632511139,3,0.6470588235294118,0.5089794000322186,Triangle
522.0,92.42640590667725,8,0.6764705882352942,0.7678709473866263,
1000.5,123.98275470733643,7,0.7272727272727273,0.8179078831622698,Circle
436.0,107.74011445045471,4,0.9411764705882353,0.47199944523215004,Square
191.5,230.46803617477417,9,0.9459459459459459,0.045306158492757494,
402.0,106.56854128837585,4,0.7631578947368421,0.4448134131497241,Rectangle
329.5,94.66904616355896,5,0.5833333333333334,0.46200777062664117,
2826.0,204.99494755268097,8,0.6891891891891891,0.845075881312758,Circle
1183.0,145.11269783973694,4,0.7333333333333333,0.705965984611075,Rectangle
717.0,113.79898953437805,4,1.0,0.6957483868790283,Square
246.5,150.87005710601807,3,0.13043478260869565,0.13608826529023657,Triangle
102.5,138.5269113779068,10,1.0454545454545454,0.06712208322977746,
722.5,105.01219248771667,8,0.6153846153846154,0.8233192382263719,Circle
664.5,127.63960909843445,5,0.6458333333333334,0.5125472625435277,
805.0,121.79898953437805,6,0.96875,0.6818963624626743,
353.0,93.59797990322113,3,0.9310344827586207,0.5063509372882501,Triangle
193.5,227.3797231912613,7,0.6,0.04703134149493041,
502.0,92.97056245803833,4,1.173913043478261,0.7298316017298551,Square
1135.0,139.11269783973694,4,0.75,0.7370079616827705,Rectangle
1428.0,144.71067678928375,8,0.8163265306122449,0.8569133762841701,Circle
408.0,220.10764575004578,10,0.7538461538461538,0.10582780046831407,
340.5,91.01219260692596,4,1.0740740740740742,0.5165683883601085,Square
243.5,159.58073341846466,8,1.0238095238095237,0.1201566789267929,
744.0,646.5929267406464,2,25.083333333333332,0.02236252817234077,
633.5,110.52691125869751,5,0.967741935483871,0.651659027707138,
1054.0,133.11269772052765,4,0.9210526315789473,0.7475005295134247,Square
139.5,148.9533176422119,9,1.0,0.07901029989067403,
700.0,113.4558436870575,6,0.8484848484848485,0.6833672547670228,
1433.0,166.76955199241638,4,0.7755102040816326,0.6474742932749723,Rectangle
195.5,208.81118202209473,8,1.0294117647058822,0.056344187698704834,
155.0,183.7645001411438,3,1.2037037037037037,0.05767908031527145,Triangle
154.5,161.58073365688324,8,0.6521739130434783,0.07436339285038254,
710.0,115.4558436870575,4,0.9090909090909091,0.6693239637991948,Square
649.5,112.52691125869751,4,1.0,0.6445791051319157,Square
938.0,131.4558436870575,5,0.9166666666666666,0.6821076318858049,
645.5,108.04163014888763,4,1.1071428571428572,0.6949024679631959,Square
153.0,179.33809351921082,6,0.8611111111111112,0.05978003949250077,
223.0,234.71067690849304,8,0.9473684210526315,0.05086851214939056,
137.0,158.16651952266693,7,0.7631578947368421,0.06881788404235999,
328.5,96.66904747486115,5,0.6285714285714286,0.4417436947517622,
293.5,382.4335457086563,13,0.6986301369863014,0.025217731102961164,
1184.0,148.28427076339722,4,0.717391304347826,0.6766613875057084,Rectangle
723.0,115.79898953437805,5,1.0,0.6775457443559577,
214.0,134.28427076339722,3,0.14754098360655737,0.14913286021633795,Triangle
727.0,106.42640614509583,8,0.6410256410256411,0.8065763449482447,Circle
668.5,127.63960886001587,5,0.6458333333333334,0.5156325753053088,
108.0,144.42640614509583,9,1.0,0.06506394773077241,
124.0,184.7695518732071,8,0.96875,0.04564263809009575,
141.5,139.78174448013306,6,0.9655172413793104,0.09100502881782471,
185.0,225.13708221912384,7,0.6,0.04586564716361302,
479.5,96.87005722522736,5,1.125,0.6421246809450046,
1140.0,140.28427076339722,4,0.75,0.7279419664435349,Rectangle
1432.5,144.468035697937,8,0.8333333333333334,0.862503684568673,Circle
398.0,222.45079052448273,10,0.7538461538461538,0.10107064313295419,
103.0,125.74011433124542,7,1.037037037037037,0.08186521126489016,
236.0,151.33809304237366,9,0.9767441860465116,0.1294867565097494,
518.0,371.1959581375122,2,15.818181818181818,0.04724252988559896,
132.0,191.11269783973694,2,23.0,0.04541556366770236,
184.0,59.79898953437805,6,0.9411764705882353,0.6466063958614939,
109.5,158.4680359363556,11,0.8571428571428571,0.05479496232110661,
664.0,117.5979790687561,5,1.0,0.6033623777638211,
1076.0,137.94112491607666,5,0.875,0.7106153895764832,
116.0,142.42640614509583,4,1.0571428571428572,0.07185993525235125,Square
104.0,122.42640602588654,8,1.1333333333333333,0.08719528518381857,
169.0,196.71067690849304,8,1.0,0.054883361463576745,
146.0,162.76955199241638,4,0.5576923076923077,0.06924945878470536,Rectangle
115.5,135.9827550649643,8,1.1724137931034482,0.0784917797313308,
108.5,129.8406196832657,6,0.6486486486486487,0.08087577271451152,
144.5,159.7817441225052,9,0.8378378378378378,0.07112518289953013,
118.5,118.46803629398346,9,0.6764705882352942,0.10610255325914289,
160.0,101.4558436870575,3,0.17777777777777778,0.19533304184877706,Triangle
110.5,125.8406194448471,8,1.0,0.08768603796441829,
122.5,136.1248903274536,8,0.8709677419354839,0.08307509890421053,
159.0,168.308656334877,6,0.58,0.07053328037653778,
244.0,251.88224971294403,9,0.7674418604651163,0.04832863879772719,
149.0,221.8233743906021,14,0.8333333333333334,0.03805235304227105,
390.5,211.52185952663422,10,0.75,0.1096782192734683,
223.0,148.02438461780548,7,1.075,0.12789341927681555,
157.5,231.49747383594513,2,21.8,0.036931581846619384,
518.0,369.3380935192108,2,14.25,0.04771900918509635,
105.5,125.43859899044037,5,0.7567567567567568,0.08425582474762336,
186.0,231.53910386562347,8,0.75,0.04359875743574078,
276.5,173.2375875711441,9,0.9583333333333334,0.11577658760592584,
180.0,147.6812391281128,9,1.135135135135135,0.10371264583587558,
520.0,405.9655101299286,2,15.416666666666666,0.03964924579666311,
148.5,216.40916109085083,12,0.8604651162790697,0.0398460278974915,
117.5,140.46803605556488,6,0.7714285714285715,0.07483292309859828,
108.5,113.69848430156708,4,0.09433962264150944,0.10547031711398312,Rectangle
137.0,176.30865573883057,8,0.6122448979591837,0.05538385260747605,
184.0,214.56854152679443,7,0.825,0.050222183278821164,
224.5,153.43859839439392,7,1.1081081081081081,0.11982762839074554,
103.0,97.94112491607666,4,6.0,0.13493260751867625,Rectangle
493.0,357.6812393665314,2,15.0,0.04842442359251063,
146.0,201.82337498664856,10,0.7777777777777778,0.04504222037011868,
160.0,201.33809316158295,13,0.868421052631579,0.04959957376015402,
102.5,112.5269113779068,5,0.19230769230769232,0.10172341514401174,
148.0,245.13708245754242,12,0.8043478260869565,0.030949494032666575,
288.5,88.66904640197754,5,0.8620689655172413,0.4611175013549514,
136.0,201.82337403297424,6,0.6739130434782609,0.04195713717964368,
136.5,228.00714099407196,8,0.7142857142857143,0.03299480891048037,
114.5,162.75230658054352,7,0.8108108108108109,0.05432016071372439,
125.5,186.81118214130402,7,1.0588235294117647,0.0451905734626399,
159.5,245.2964631319046,10,0.8974358974358975,0.03331102365640006,
134.0,202.30865621566772,6,0.5652173913043478,0.04114203142616153,
115.0,188.02438497543335,11,0.7222222222222222,0.04087703160451581,
977.5,129.69848430156708,4,0.868421052631579,0.7302252204152736,Square
141.0,177.33809292316437,10,0.9090909090909091,0.05634104645029168,
189.5,205.58073389530182,9,0.8958333333333334,0.056344853512143835,
145.5,176.2670260667801,10,0.8,0.058847863854894426,
141.0,195.05382251739502,8,1.0,0.04657148060293833,
121.5,165.982754945755,5,0.975609756097561,0.05541919392833681,
121.5,182.208150267601,6,0.8333333333333334,0.04598863754171005,
511.0,90.42640578746796,9,0.696969696969697,0.7853083693367171,
119.0,224.30865585803986,13,0.85,0.02972109183094498,
115.5,147.7817440032959,7,1.0,0.0664584599873098,
768.5,123.01219260692596,5,1.1612903225806452,0.6382009064970114,
214.5,319.8061307668686,12,0.8709677419354839,0.026355034586319503,
1010.5,135.35533845424652,4,0.8974358974358975,0.6930992095950282,Square
114.0,189.5979790687561,10,1.2307692307692308,0.03985174177881462,
108.0,159.53910398483276,11,0.7222222222222222,0.05332112726676207,
184.0,197.25483322143555,7,0.8,0.05942543650289357,
123.5,92.04163002967834,4,6.0,0.1831927233912277,Rectangle
163.0,100.22539556026459,9,1.1153846153846154,0.20391158973850035,
340.5,127.982754945755,7,1.2857142857142858,0.26123061402254666,
223.5,228.7523066997528,5,0.7540983606557377,0.05367306881704145,
104.5,177.92387974262238,8,1.8333333333333333,0.04148180774323694,
137.0,189.25483310222626,10,1.2692307692307692,0.048065832968923056,
146.5,212.55129599571228,7,0.8333333333333334,0.040749283230588934,
163.5,183.15432798862457,6,0.9444444444444444,0.061248188698271824,
121.5,114.32590079307556,6,4.5,0.11681453325936951,
309.0,260.45079123973846,2,9.727272727272727,0.05724228757615649,
167.0,99.74011421203613,8,1.0,0.2109534404892279,
1052.0,410.3919161558151,7,3.4358974358974357,0.07849247237483703,
121.0,138.71067678928375,10,1.7826086956521738,0.07902699221260352,
330.5,306.4335457086563,6,0.9473684210526315,0.04422916241774692,
108.0,151.25483310222626,8,0.75,0.05932190623227951,
121.5,95.35533845424652,7,0.3333333333333333,0.16791756119698523,
101.0,78.28427064418793,7,2.2142857142857144,0.2071010107123209,
166.5,72.5269113779068,11,0.39285714285714285,0.397764239443537,
129.0,125.39696848392487,13,4.888888888888889,0.10309212686454138,
288.0,199.53910398483276,3,7.818181818181818,0.09089632323852849,Triangle
105.0,95.59797894954681,7,5.428571428571429,0.14437823931401825,
428.0,283.1370829343796,3,9.153846153846153,0.06709036062603992,Triangle
152.0,141.0538227558136,8,5.777777777777778,0.09600276262243984,
159.5,63.21320295333862,9,1.5,0.501597033149701,
146.5,86.66904640197754,8,0.92,0.24508653530255292,
1090.5,422.29141080379486,7,3.1951219512195124,0.07684419007645801,
159.5,137.29646337032318,5,2.111111111111111,0.10632902968456323,
149.0,120.22539532184601,8,1.4482758620689655,0.12953994396861596,
143.5,127.63960909843445,6,1.28,0.11068552622271817,
212.5,189.23758780956268,8,1.1578947368421053,0.07456825693535307,
111.5,105.15432810783386,7,0.6470588235294118,0.12671569965701102,
994.0,168.16652035713196,3,0.96,0.44168959888654424,Triangle
185.5,86.66904640197754,10,0.5,0.3103314150076694,
104.5,129.63960909843445,8,1.0869565217391304,0.07813591977341847,
796.5,119.01219260692596,4,1.09375,0.7066636158619306,Square
213.0,74.28427076339722,5,1.368421052631579,0.48506030870899364,
1365.0,930.7249571084976,2,14.0,0.019801577793625666,
179.5,148.32590091228485,5,7.875,0.1025274904173193,
367.5,292.00714004039764,3,9.636363636363637,0.05416020080806927,Triangle
212.5,99.35533833503723,12,1.625,0.27051190650782875,
113.0,70.76955163478851,9,0.8571428571428571,0.28352765065363683,
961.0,379.90663516521454,7,3.051282051282051,0.08367187367822244,
171.5,158.95331716537476,6,0.35185185185185186,0.08529720436439393,
145.5,126.75230634212494,5,1.2702702702702702,0.11380494065152053,
212.0,181.6812391281128,6,1.1025641025641026,0.0807096675531955,
266.0,252.6518018245697,5,0.27835051546391754,0.05236567439634615,
162.5,155.9238796234131,4,1.5483870967741935,0.08399200818478805,Rectangle
117.5,131.8406195640564,7,1.391304347826087,0.08494723750412293,
156.5,181.09545278549194,10,0.7272727272727273,0.05996655706056715,
106.5,124.81118178367615,8,1.9166666666666667,0.0859117332823464,
108.5,126.18376553058624,8,1.4705882352941178,0.08563131938321951,
177.0,92.42640614509583,12,0.5357142857142857,0.2603700325406958,
600.0,107.4558436870575,4,1.32,0.6529817412793268,Square
100.5,143.49747347831726,9,1.6470588235294117,0.0613320408859369,
791.0,118.76955187320709,4,1.09375,0.7046543087021344,Square
202.0,73.94112491607666,3,1.3157894736842106,0.4642897826025825,Triangle
490.5,404.0904004573822,2,12.384615384615385,0.03774781420183256,
1593.0,978.1808007955551,2,17.956521739130434,0.0209212375589695,
221.0,102.76955199241638,12,1.8,0.26295002177858956,
951.5,387.32084834575653,7,3.5714285714285716,0.07970341097922416,
139.5,136.18376553058624,4,0.15254237288135594,0.09452210718558343,Rectangle
157.5,158.81118214130402,5,0.15942028985507245,0.07847444720893072,
120.5,98.52691125869751,6,0.275,0.15598655781123524,
250.0,223.0538227558136,2,0.22549019607843138,0.06314377340391311,
237.0,189.33809399604797,4,0.6181818181818182,0.08307726836737549,Rectangle
181.0,80.76955199241638,12,0.5172413793103449,0.3486527467062203,
493.0,408.67618703842163,2,19.11111111111111,0.037093525980877805,
949.5,480.14927554130554,2,16.153846153846153,0.05175499574766708,
240.5,107.84061968326569,10,1.75,0.2598724226717833,
926.0,369.0782080888748,7,3.2162162162162162,0.08542481440152008,
138.5,131.09545230865479,3,1.5294117647058822,0.10127083359133301,Triangle
119.5,132.95331728458405,6,1.76,0.08495313570767192,
130.5,104.12488996982574,6,1.3448275862068966,0.15125553104970516,
164.5,134.6101711988449,5,1.6451612903225807,0.11408275832267702,
174.5,72.18376541137695,9,0.5,0.4208489320114381,
473.5,441.4041085243225,2,16.6,0.030539161241113954,
1627.5,982.8843375444412,2,35.583333333333336,0.021170252218390893,
254.5,83.69848418235779,10,1.8666666666666667,0.45652279247199934,
234.0,143.74011433124542,8,2.6,0.14232125001134804,
523.5,175.43859839439392,9,0.9230769230769231,0.21373529845266676,
141.0,130.71067690849304,2,2.1153846153846154,0.10370670816725032,
131.5,136.9533168077469,8,1.5151515151515151,0.0881029615811648,
153.5,133.78174424171448,3,1.9642857142857142,0.10777661414368439,Triangle
147.5,62.87005698680878,7,0.4230769230769231,0.4689366497187957,
156.0,89.94112491607666,6,5.428571428571429,0.24233594254923824,
2575.0,1400.6904674768448,2,42.92857142857143,0.016493117437575127,
299.0,123.74011433124542,4,0.9459459459459459,0.2453917887916449,Square
4087.0,1536.3717066049576,2,37.64705882352941,0.021758146685951094,
3955.5,1497.7026597261429,2,22.857142857142858,0.022159504791419805,
109.0,104.56854128837585,4,1.75,0.12526630365444552,Rectangle
3732.0,1445.1513631343842,2,21.333333333333332,0.02245560836156342,
119.5,112.81118190288544,5,1.9523809523809523,0.11799768059899853,
109.0,94.9116872549057,3,2.2777777777777777,0.1520536935292686,Triangle
144.5,186.75230705738068,2,2.1944444444444446,0.05206498647387855,
104.0,134.911687374115,5,2.1363636363636362,0.07180324223681134,
3597.0,1497.3767590522766,2,21.266666666666666,0.02015988849187255,
102.0,97.5979790687561,3,0.2558139534883721,0.13456384431667182,Triangle
178.0,183.8233745098114,2,2.138888888888889,0.06619548944494423,
148.5,147.78174448013306,3,2.066666666666667,0.08544659086084622,Triangle
114.5,125.49747383594513,2,2.9473684210526314,0.09135774744592727,
3756.5,1565.0996277332306,4,13.869565217391305,0.01927122317608169,Rectangle
202.0,188.5096664428711,5,0.7115384615384616,0.07143219302832202,
256.5,310.8355669975281,10,0.6956521739130435,0.03336075111958326,
272.5,280.3502858877182,15,0.7307692307692307,0.04356867615791884,
2063.0,186.50966620445251,8,0.6268656716417911,0.7452575806872607,
1513.0,181.68123960494995,3,0.8333333333333334,0.5760081432405189,Triangle
203.5,161.4385986328125,5,1.6428571428571428,0.09812044734489674,
1038.0,684.3818111419678,4,0.7134502923976608,0.027849044557699137,Rectangle
2844.5,210.40916097164154,8,0.7027027027027027,0.8073958503076668,Circle
268.5,221.52185833454132,9,0.75,0.06875764320208701,
399.0,359.30360329151154,7,0.8441558441558441,0.03883824656868182,
452.5,267.722869515419,3,0.22727272727272727,0.07933366265043823,Triangle
254.5,236.55129647254944,5,1.2173913043478262,0.057154046710010155,
228.5,213.58073365688324,4,1.2926829268292683,0.06294654830885131,Square
227.0,268.793937087059,4,1.5,0.03948178544589974,Square
200.0,225.33809340000153,5,1.6111111111111112,0.049496059932508885,
3545.0,1591.4844045639038,4,10.931034482758621,0.01758819731494293,Rectangle
184.0,140.911687374115,3,0.24193548387096775,0.11644843495603094,Triangle
108.5,94.04163014888763,3,0.13953488372093023,0.15416979849230036,Triangle
424.5,347.09545290470123,2,0.14375,0.04427817476244179,
161.0,149.7401144504547,2,0.208955223880597,0.09023175793837146,
186.0,179.7401144504547,2,0.2289156626506024,0.07234904126870914,
112.0,156.9116872549057,3,0.19444444444444445,0.05716330126464889,Triangle
130.0,124.76955199241638,5,0.17857142857142858,0.10493877374658511,
787.5,431.9482647180557,3,0.17391304347826086,0.053039199304794546,Triangle
107.5,119.63960897922516,11,5.0,0.09437747596625895,
105.5,122.81118178367615,12,5.0,0.0878995198300281,
529.0,333.5634891986847,2,14.444444444444445,0.05974595671713108,
288.5,134.81118202209473,10,0.3191489361702128,0.19948206179079062,
118.0,126.08326029777527,2,0.2631578947368421,0.09327752422707998,
155.0,152.76955199241638,2,0.16666666666666666,0.08345799598969622,
104.0,118.28427076339722,3,0.16363636363636364,0.09340910477025306,Triangle
1075.0,544.3330410718918,3,0.14767932489451477,0.04559203051057227,Triangle
403.5,304.69343197345734,2,10.818181818181818,0.05461692156855586,
144.5,139.69848430156708,2,0.15151515151515152,0.09304527479354789,
106.5,111.01219260692596,5,0.14,0.10859707070978251,
1271.0,633.2447284460068,3,0.15298507462686567,0.03983017809850476,Triangle
453.5,320.3502858877182,2,9.285714285714286,0.05553118275926954,
165.5,123.63960886001587,9,3.2,0.13604814267165932,
168.5,79.35533821582794,7,0.6785714285714286,0.3362462699340349,
128.0,115.4558435678482,5,0.19230769230769232,0.12066685569466806,
131.5,125.49747371673584,5,0.7567567567567568,0.1049217800171408,
1306.5,645.1442230939865,2,0.19850187265917604,0.03944624361677497,
121.0,134.42640614509583,4,0.775,0.08414456280175574,Rectangle
413.0,287.33809328079224,3,10.333333333333334,0.06285987377356533,Triangle
303.0,199.33809328079224,7,2.769230769230769,0.095823469833502,
177.0,96.76955187320709,7,0.5588235294117647,0.23752300037013865,
127.5,97.69848418235779,4,0.22727272727272727,0.16785890959880054,Rectangle
215.5,171.98275482654572,4,0.15384615384615385,0.09155611080699004,Rectangle
737.0,651.4112476110458,6,0.9099099099099099,0.021825632876888764,
370.5,99.01219260692596,4,1.565217391304348,0.47492028566253064,Rectangle
217.5,225.17871284484863,4,0.9230769230769231,0.05390318914612346,Square
552.5,123.15432786941528,5,0.6818181818181818,0.45776521666169984,
1039.0,498.1909054517746,2,0.23394495412844038,0.05260582322708632,
111.5,137.49747383594513,6,1.64,0.07411315353778887,
105.5,101.35533833503723,8,0.3611111111111111,0.12905328631710838,
459.5,304.8944424390793,3,10.0,0.062114981949398414,Triangle
549.0,290.45079135894775,5,2.5675675675675675,0.08177811208653755,
280.0,240.30865585803986,5,0.7333333333333333,0.060929703794107094,
186.0,206.651801943779,4,0.7037037037037037,0.05473239028081216,Rectangle
300.0,309.7644989490509,5,0.6091954022988506,0.03928871567431832,
248.5,233.32084786891937,6,0.8947368421052632,0.05736264456207454,
139.5,142.12489008903503,7,0.9310344827586207,0.08678482418066288,
202.5,171.78174448013306,5,0.975,0.0862344651334007,
618.0,628.7838308811188,6,0.8796296296296297,0.01964244783484734,
100.5,107.15432751178741,5,1.7,0.1099908341495506,
101.5,94.72792184352875,4,0.10869565217391304,0.14214117025791442,Rectangle
1356.0,530.4751763343811,3,0.2903225806451613,0.06055352389791986,Triangle
443.5,358.97770261764526,2,9.785714285714286,0.04324825016655192,
863.0,550.0731550455093,4,4.925,0.03584097026707825,Rectangle
257.5,217.37972378730774,4,0.7636363636363637,0.06847767906327622,Rectangle
795.5,141.7817438840866,4,0.68,0.4972896500245822,Rectangle
393.0,350.19090509414673,6,0.7361111111111112,0.04027102549417268,
280.5,285.1198374032974,7,0.8571428571428571,0.04335985889670774,
120.5,120.32590079307556,7,0.8928571428571429,0.10458723165717985,
114.5,111.35533845424652,7,0.42105263157894735,0.11603613808628493,
389.0,378.73506128787994,4,0.79,0.0340791255117997,Rectangle
1587.5,641.8305143117905,5,0.35023041474654376,0.048426477108502716,
622.0,358.73506212234497,2,11.5,0.06073689650982109,
319.5,157.78174459934235,4,5.363636363636363,0.16127506254423168,Rectangle
142.0,111.25483310222626,10,3.4166666666666665,0.14416519882859696,
214.0,135.74011421203613,11,1.826086956521739,0.14595104767908898,
549.5,251.23758816719055,6,3.3448275862068964,0.1093977348045888,
238.5,199.58073377609253,4,0.7450980392156863,0.0752421189195696,Rectangle
113.0,111.59797894954681,7,0.25,0.1140185853667462,
1099.0,205.82337403297424,5,0.6216216216216216,0.326000427774648,
214.0,213.42135274410248,6,0.9,0.059040210980903285,
240.0,81.94112491607666,6,0.8846153846153846,0.4491767434122674,
158.0,155.05382227897644,6,1.0,0.08258515680394671,
337.0,358.87719678878784,4,0.8241758241758241,0.03288122863776305,Square
583.5,346.49242103099823,7,0.3023255813953488,0.061074967606169046,
117.0,117.11269772052765,5,0.15384615384615385,0.10719826476435983,
1895.5,818.1980457305908,6,0.4099099099099099,0.035580887542858146,
678.5,412.9188276529312,2,16.6,0.05000694742946907,
196.0,76.28427076339722,9,0.7391304347826086,0.4232489968442528,
205.0,122.62741661071777,4,11.4,0.1713123083004466,Rectangle
202.0,69.45584332942963,7,1.5333333333333334,0.5261912909352349,
108.0,109.25483322143555,5,5.375,0.1136978631762302,
142.5,57.55634891986847,6,0.45454545454545453,0.5405529663415372,
404.0,190.36753058433533,7,2.185185185185185,0.14008946490839827,
222.5,169.2964632511139,8,1.1935483870967742,0.09755378145233083,
914.5,514.5168063640594,5,5.78125,0.04341046553690935,
206.5,187.58073437213898,4,0.7659574468085106,0.0737485450023947,Rectangle
160.5,164.12489104270935,4,0.6818181818181818,0.0748748558340062,Rectangle
251.5,283.17871260643005,9,0.6285714285714286,0.039411834223333206,
914.0,157.19595754146576,7,0.7777777777777778,0.464807698689833,
210.0,78.76955199241638,4,0.9583333333333334,0.4253166729768136,Square
515.0,106.08326029777527,4,0.9696969696969697,0.5750735272058474,Square
2577.5,272.49242067337036,4,0.8764044943820225,0.4362140845702802,Square
856.5,359.0365777015686,7,0.31496062992125984,0.08349487908253281,
176.5,187.78174424171448,5,0.8085106382978723,0.06289959313526437,
124.0,132.225395321846,8,0.6571428571428571,0.08912546339722181,
154.5,79.01219236850739,7,0.5862068965517241,0.3109926484932578,
2260.5,798.5411914587021,6,0.463302752293578,0.04454712991530133,
1190.5,748.8254619836807,2,22.615384615384617,0.026679522811799514,
285.5,123.982754945755,11,0.6388888888888888,0.2333960017438672,
171.0,143.74011409282684,10,1.4210526315789473,0.10400399073792647,
402.0,95.25483298301697,7,1.08,0.5567521173440119,
469.0,199.19595801830292,6,1.6388888888888888,0.14853255898786683,
423.5,232.46803629398346,11,1.131578947368421,0.0984774477885044,
950.5,446.23253548145294,3,5.741935483870968,0.05998456598664306,Triangle
195.5,178.40916073322296,7,0.7555555555555555,0.0771831191236461,
147.0,154.22539591789246,5,0.6511627906976745,0.07766322326383313,
237.0,235.137082695961,5,0.6119402985074627,0.053866152796172274,
861.5,151.2964632511139,5,0.7692307692307693,0.47294168451979324,
194.5,73.35533845424652,7,0.9565217391304348,0.45421975555548805,
472.0,101.25483310222626,3,1.0,0.578522611995175,Triangle
2310.5,257.1787133216858,4,0.8690476190476191,0.43898107581138845,Square
1399.5,385.80612909793854,10,0.35384615384615387,0.11815293690712968,
751.0,138.71067678928375,4,0.8043478260869565,0.4904898442286384,Square
120.5,140.4680359363556,6,0.6764705882352942,0.07674355105265031,
345.0,104.91168737411499,6,1.064516129032258,0.39389567726502944,
2744.0,1047.4356334209442,8,0.5045045045045045,0.03142963100728607,
120.0,123.39696848392487,11,5.875,0.09903350027947475,
137.0,136.56854140758514,3,9.666666666666666,0.09230582093236658,Triangle
1460.5,819.6538896560669,2,20.4375,0.02731809537984489,
410.0,156.2253955602646,7,0.7906976744186046,0.21110107981937132,
551.5,103.49747335910797,7,0.8235294117647058,0.6469874931630181,
614.5,306.0660152435303,10,1.868421052631579,0.08243308105053587,
249.5,178.1248903274536,9,0.8157894736842105,0.09881689286058098,
833.5,347.8061294555664,6,2.1702127659574466,0.0865846698689386,
227.0,178.85281193256378,3,8.75,0.08917521726925393,Triangle
1056.0,484.67618668079376,5,7.074074074074074,0.056489849489685114,
144.5,128.12489020824432,5,1.0689655172413792,0.11061415311045358,
138.5,147.2964632511139,4,0.675,0.08021858540550167,Rectangle
208.0,224.79393696784973,5,0.6290322580645161,0.051725418367803026,
160.0,193.6812391281128,4,0.7254901960784313,0.05359875929587183,Rectangle
177.0,72.76955187320709,6,0.9130434782608695,0.4200333068244673,
437.5,99.49747371673584,3,1.0666666666666667,0.5553462114233444,Triangle
338.5,336.29140961170197,4,0.8765432098765432,0.03761291476124264,Square
1146.0,571.8721446990967,9,0.3805970149253731,0.044034857533171434,
710.5,130.81118202209473,3,0.8372093023255814,0.5217761287787279,Triangle
106.5,113.29646289348602,10,0.75,0.104262172233695,
103.5,189.4385987520218,11,0.9142857142857143,0.03624209283803084,
110.0,160.3675309419632,7,1.0689655172413792,0.05374891028089091,
3155.0,1193.5188938379288,9,0.5520361990950227,0.027832398293847486,
110.5,90.18376553058624,6,4.75,0.17073219047126256,
220.5,218.95331752300262,2,9.9,0.057798344340536184,
1701.5,930.0802955627441,2,18.8,0.02471729439162193,
771.5,422.6345566511154,4,2.8541666666666665,0.05427699384180472,Rectangle
102.5,74.52691125869751,9,0.5,0.23190359680883774,
849.0,304.5096664428711,9,1.6590909090909092,0.11505762023194513,
217.5,142.6690467596054,9,0.3617021276595745,0.13427946624214473,
1541.5,524.031525015831,8,2.074074074074074,0.07054050499478172,
129.5,126.81118214130402,5,8.833333333333334,0.10119627586191447,
287.0,238.99494767189026,3,10.88888888888889,0.06314141650252446,Triangle
1056.5,483.7472540140152,3,7.296296296296297,0.05673386094411358,Triangle
122.0,96.71067690849304,5,1.1379310344827587,0.1639158116708527,
132.0,138.3675308227539,6,0.6756756756756757,0.08663939545324444,
169.0,182.36753070354462,4,0.72,0.06385597394464773,Rectangle
123.0,85.25483286380768,13,0.4827586206896552,0.212655667100522,
480.0,84.42640590667725,9,0.7666666666666667,0.8462418488764785,Circle
424.0,99.25483298301697,4,1.103448275862069,0.540844471598896,Square
179.5,179.72286868095398,3,1.511111111111111,0.06983411485261884,Triangle
146.0,253.27921843528748,13,0.8409090909090909,0.02859984010142424,
1096.5,608.256920337677,14,0.3546099290780142,0.03724297646227993,
643.0,127.39696824550629,3,0.8571428571428571,0.49785474548262026,Triangle
562.0,307.2792180776596,3,0.24786324786324787,0.07479624604008717,Triangle
121.0,88.91168701648712,7,0.8064516129032258,0.1923435082173578,
152.0,185.74011433124542,9,1.0333333333333334,0.05536585804584384,
3204.5,946.8254622220993,9,0.5882352941176471,0.04491902105192666,
523.5,460.4924213886261,2,12.058823529411764,0.031022841627324563,
2488.5,1297.0163683891296,4,9.76923076923077,0.01858902430452454,Rectangle
124.5,74.66904664039612,10,0.9,0.28060667822860175,
248.0,125.53910434246063,11,1.064516129032258,0.19774408115815495,
335.5,193.09545290470123,9,1.40625,0.11307283852887262,
233.0,102.42640590667725,9,3.0,0.2790884845394275,
120.0,70.42640590667725,8,1.2777777777777777,0.3040325339507627,
355.0,125.5391036272049,8,1.4666666666666666,0.28306108714137346,
239.5,168.26702535152435,9,0.8529411764705882,0.10629610407546862,
510.5,389.32084834575653,9,0.5903614457831325,0.04232434914534724,
186.5,90.66904675960541,9,0.8333333333333334,0.28508252746914553,
115.5,91.01219260692596,10,0.9090909090909091,0.17522363834241567,
221.5,87.49747359752655,7,0.6666666666666666,0.36357379032313764,
1442.0,866.548330783844,12,0.8106508875739645,0.024131790390036063,
316.5,141.2964630126953,13,0.8157894736842105,0.1992145236327898,
1370.5,514.3157963752747,8,0.532258064516129,0.06510722384595263,
130.0,68.76955187320709,11,1.6428571428571428,0.34543061647230255,
1949.0,589.5878736972809,9,0.4675324675324675,0.07045707633824996,
1242.5,531.3696194887161,9,2.7,0.05529843245612311,
122.0,85.74011397361755,14,0.64,0.208545864310358,
208.5,113.78174448013306,6,0.8378378378378378,0.20238147057690703,
280.5,120.81118202209473,10,0.8285714285714286,0.24150629902328394,
356.5,165.58073365688324,8,0.6666666666666666,0.1633991500473003,
255.5,158.61017155647278,10,2.2777777777777777,0.1276258650491959,
109.5,82.66904628276825,10,1.3333333333333333,0.20134373859319746,
608.5,261.6639938354492,8,1.4318181818181819,0.11168182827507181,
175.0,90.08326029777527,11,1.3157894736842106,0.27099402852780685,
116.0,60.62741661071777,7,1.7692307692307692,0.39657901280279284,
376.5,387.2863584756851,6,0.9035087719298246,0.03154354100788886,
347.5,153.43859887123108,7,1.0444444444444445,0.18547929000880334,
144.0,100.9116872549057,7,0.8148148148148148,0.1777008154505674,
394.0,264.5929261445999,8,1.34375,0.07072120101739122,
427.0,325.8233743906021,4,0.22916666666666666,0.050544425518179,Rectangle
328.5,105.49747371673584,7,0.7741935483870968,0.37090365922382695,
266.0,139.53910398483276,8,0.8055555555555556,0.17167206878746674,
670.0,317.5634890794754,9,0.4470588235294118,0.08348789993871084,
179.0,118.22539567947388,11,1.2413793103448276,0.1609316050022718,
2598.0,1011.7442895174026,9,0.5885416666666666,0.03189388963749269,
848.0,381.7888830900192,6,2.0350877192982457,0.07310703310352328,
2945.0,1120.9158618450165,9,0.5339805825242718,0.029454329000034134,
148.0,63.455843687057495,4,0.7727272727272727,0.4618791245623524,Rectangle
110.0,83.25483310222626,7,0.41935483870967744,0.1994268548668999,
223.5,114.61017107963562,8,0.8205128205128205,0.21381642794911634,
278.5,105.98275518417358,9,0.8484848484848485,0.3115764699319435,
319.0,137.53910374641418,8,0.75,0.21190839741281636,
220.0,115.0538227558136,12,2.0,0.2088480568028566,
134.0,73.94112479686737,11,0.56,0.3079942132146234,
451.5,142.61017167568207,4,1.2,0.278975852441793,Square
188.0,74.76955199241638,11,1.263157894736842,0.4225889691135084,
137.0,69.5979790687561,11,1.7333333333333334,0.3554161621676549,
339.5,359.1442219018936,4,0.9180327868852459,0.03307591561743805,Square
131.5,124.12489008903503,8,0.5348837209302325,0.10725507797908293,
775.5,444.65894162654877,10,2.09375,0.04928759262899604,
447.0,348.79393672943115,4,0.2679738562091503,0.04617209001261162,Rectangle
340.0,120.22539556026459,10,0.696969696969697,0.29559450184324876,
251.5,162.26702523231506,12,0.8378378378378378,0.12002930858199086,
276.0,116.71067655086517,5,0.6818181818181818,0.25462308334250233,
535.0,230.65180158615112,8,0.29545454545454547,0.12637173372138558,
171.5,117.98275458812714,7,1.1724137931034482,0.15482351574313602,
2148.5,827.1929926872253,9,0.5547945205479452,0.03945767837531423,
520.5,240.9777021408081,10,0.9830508474576272,0.11263591210398011,
3192.5,1210.2712008953094,6,0.7971014492753623,0.027388949276400756,
442.5,168.75230729579926,9,0.9,0.19526468269468805,
320.0,181.82337427139282,11,1.1538461538461537,0.12163551999358238,
274.0,136.3675309419632,7,2.526315789473684,0.1851562908983494,
802.0,326.39191567897797,5,0.7402597402597403,0.09460311697703241,
110.5,50.870057344436646,11,0.8235294117647058,0.5365963171665612,
213.0,96.42640602588654,5,3.0,0.2878707286706974,
175.5,75.8406195640564,10,1.375,0.38342748451736736,
287.5,203.3797231912613,5,0.5526315789473685,0.08734386570952998,
517.5,291.6639938354492,10,1.2567567567567568,0.07644596747637072,
109.0,83.5979790687561,11,0.9130434782608695,0.195994915236103,
487.5,172.40916121006012,4,0.6031746031746031,0.20609326812517342,Rectangle
323.0,379.4213536977768,5,0.2830188679245283,0.028194788946060808,
243.0,138.56854104995728,8,1.025,0.15903285250562554,
395.5,398.95331740379333,2,0.08241758241758242,0.031225700541781604,
100.5,114.18376553058624,7,5.666666666666667,0.09686507159593002,
149.0,84.28427064418793,6,0.2857142857142857,0.2635743028289599,
113.0,72.28427076339722,9,0.7727272727272727,0.2717694900516845,
155.5,99.49747371673584,9,1.4736842105263157,0.1973859105744687,
2070.0,729.6955190896988,11,0.734375,0.048853631337693174,
240.0,171.53910398483276,13,2.0526315789473686,0.10249314772865682,
152.5,228.1248904466629,7,0.27848101265822783,0.03682428823282362,
6570.5,2016.393126130104,10,0.7983425414364641,0.02030756570805692,
464.0,183.1370825767517,9,0.8620689655172413,0.17385022681384563,
209.5,110.81118202209473,10,2.375,0.2144009553944428,
551.0,196.99494767189026,7,0.703125,0.17842318473115254,
220.0,184.3675309419632,8,0.375,0.08133241455019627,
271.5,119.154327750206,5,2.6470588235294117,0.2403034779069853,
140.5,61.6984840631485,10,0.8095238095238095,0.4638068956639412,
209.5,93.01219260692596,11,2.2666666666666666,0.30430853046719264,
178.5,97.01219260692596,12,1.6470588235294117,0.2383391816235637,
262.5,182.40916192531586,6,0.4925373134328358,0.09913930631248669,
703.5,422.71781718730927,9,2.028169014084507,0.0494735254611336,
109.5,84.18376541137695,9,1.0952380952380953,0.19416336446386975,
333.0,381.90663480758667,4,0.3254437869822485,0.028690603973005494,Rectangle
242.5,167.43859815597534,6,1.1590909090909092,0.10869522061287311,
1336.5,640.5411914587021,12,0.4266666666666667,0.04093404857286508,
158.5,157.9827550649643,14,2.8333333333333335,0.07980310036918845,
260.5,122.66904664039612,10,0.45714285714285713,0.21754425141149872,
132.5,102.32590067386627,7,0.4594594594594595,0.1590210403193627,
151.0,205.88224959373474,5,0.2692307692307692,0.04476607328885883,
8297.5,3011.544487595558,8,0.7247058823529412,0.01149684189300908,
311.5,143.78174483776093,9,0.7948717948717948,0.1893478664026933,
128.5,64.18376517295837,8,0.9473684210526315,0.3919788290102831,
357.0,169.8233746290207,7,0.6666666666666666,0.155554703287207,
370.0,164.02438521385193,8,1.3611111111111112,0.1728202984565852,
162.5,113.78174424171448,4,1.0,0.15773136262144058,Square
460.0,279.7644993066788,5,3.2857142857142856,0.07385543967601443,
143.0,96.56854128837585,6,0.5945945945945946,0.1926968250070117,
196.0,131.39696836471558,12,1.391304347826087,0.14265770895229196,
164.0,116.56854164600372,8,0.5555555555555556,0.15166696133584218,
1039.5,360.9188268184662,8,0.5520833333333334,0.10028022129601555,
251.5,152.95331716537476,8,1.0454545454545454,0.13509213119289215,
146.5,88.32590055465698,10,0.4838709677419355,0.23597790462720422,
138.5,156.32590055465698,10,3.6,0.07121930954584405,
151.0,133.740114569664,7,2.2777777777777777,0.1060873080773081,
121.5,115.8406195640564,10,2.533333333333333,0.11377959895693696,
1914.0,705.8965294361115,9,0.6433566433566433,0.04826915588728928,
172.0,101.0538227558136,7,1.2857142857142858,0.21165708803392352,
530.5,296.8355669975281,10,1.2127659574468086,0.0756594845134343,
182.5,201.78174459934235,2,0.3068181818181818,0.05632600995438952,
5766.5,2056.2753760814667,6,0.5883777239709443,0.01713797917035861,
300.5,146.6101713180542,9,0.7948717948717948,0.1756815432937928,
139.5,64.18376553058624,7,1.0,0.42553343219903383,
366.5,173.23758816719055,7,0.7142857142857143,0.15346155177426898,
393.5,178.7523068189621,9,1.1666666666666667,0.1547573521460739,
154.5,115.78174483776093,4,1.027027027027027,0.14482987889740914,Square
470.5,298.49242091178894,9,2.935483870967742,0.06635946486148343,
140.5,87.84061932563782,6,0.5714285714285714,0.2288207527637641,
163.5,101.8406194448471,11,2.0,0.1981004930840107,
158.5,93.49747395515442,10,0.6451612903225806,0.22784493329762828,
1064.0,386.96045780181885,9,0.5833333333333334,0.08929318531241404,
277.5,162.95331752300262,4,1.0222222222222221,0.1313247063380941,Square
162.5,91.49747371673584,10,0.5,0.24391865857708764,
127.0,163.39696848392487,13,3.3125,0.059775827292797803,
162.0,138.911687374115,7,2.2777777777777777,0.10549874783870841,
107.0,85.11269772052765,8,3.888888888888889,0.18561152098572342,
1799.0,784.465070605278,8,0.647887323943662,0.03673616405043384,
170.0,100.22539567947388,7,1.2962962962962963,0.21266852866922206,
530.5,288.0071405172348,10,1.1875,0.08036903276881649,
191.5,207.4385987520218,2,0.30337078651685395,0.05592416418988669,
5683.5,2085.388074159622,6,0.5883777239709443,0.016422979742328855,
295.0,156.5096663236618,9,0.8157894736842105,0.1513385431455918,
137.5,57.35533821582794,7,1.0,0.5252485619366161,
360.5,159.09545230865479,6,0.7090909090909091,0.17897797982144983,
396.5,198.55129635334015,10,1.1904761904761905,0.12638851227838713,
136.0,93.88225054740906,4,0.967741935483871,0.19390177668550065,Square
479.5,296.6345566511154,10,3.033333333333333,0.06847861836530057,
131.5,88.66904664039612,7,0.5714285714285714,0.21018007314415135,
215.5,107.154327750206,8,1.3478260869565217,0.23585099157959807,
164.0,94.9116872549057,8,0.65625,0.2287780343009179,
1020.0,372.47517585754395,9,0.5684210526315789,0.09238795795739942,
269.5,166.26702558994293,6,0.9787234042553191,0.12250572316263403,
151.0,85.5979790687561,11,0.4827586206896552,0.25897616101443627,
121.5,153.15432786941528,13,3.25,0.06509199681882988,
150.0,137.7401144504547,7,2.2777777777777777,0.09935283042089912,
130.5,121.49747383594513,9,2.4375,0.11109279138672679,
1811.0,781.293496966362,9,0.6549295774647887,0.03728205950780101,
168.5,104.81118190288544,8,1.25,0.1927500647287077,
541.0,305.90663480758667,9,1.2083333333333333,0.07264894905319104,
183.0,200.02438497543335,2,0.3068181818181818,0.057477128922489316,
5723.0,2016.7190264463425,7,0.6075,0.017682465472102685,
310.0,142.0243854522705,7,0.8157894736842105,0.19312821227274832,
128.5,64.18376553058624,9,0.9,0.39197882464212075,
378.5,183.23758792877197,8,0.8392857142857143,0.1416597970788172,
387.0,165.6812390089035,8,1.3611111111111112,0.17716346336255448,
164.0,106.36753141880035,4,1.088235294117647,0.18215267422237535,Square
470.5,267.37972366809845,5,3.25,0.08270134097470566,
137.0,87.25483334064484,6,0.5588235294117647,0.22612649153874018,
179.0,98.08326017856598,12,1.9375,0.2338153984572765,
175.0,98.9116872549057,6,0.6666666666666666,0.22477742529453174,
1020.0,414.2741655111313,7,0.5894736842105263,0.07468516304582103,
277.5,158.12488985061646,6,1.0217391304347827,0.13946729556317394,
152.5,87.8406195640564,10,0.4827586206896552,0.2483641609042553,
155.0,179.53910374641418,13,3.533333333333333,0.060425945751495284,
157.0,135.74011409282684,7,2.0,0.10707623610217033,
105.5,77.35533821582794,8,1.4,0.22155509668078563,
1800.5,766.9087218046188,8,0.6524822695035462,0.038469419771085395,
716.5,395.20309805870056,10,1.3137254901960784,0.057648150409202445,
182.5,212.61017155647278,5,0.3068181818181818,0.05073464863339995,
5736.5,2015.7900940179825,6,0.6075,0.01774051604334851,
426.0,220.45079100131989,12,1.0434782608695652,0.11015295196427678,
360.5,157.09545254707336,6,0.7090909090909091,0.1835641661116393,
381.0,154.85281229019165,8,1.5151515151515151,0.19966256482783296,
171.5,113.43859922885895,4,1.0,0.1674758837670915,Square
482.5,268.69343173503876,6,3.066666666666667,0.0839833281963782,
140.0,102.56854116916656,6,0.5897435897435898,0.16722821053100873,
186.0,118.2253954410553,11,1.3478260869565217,0.1672250203974978,
162.5,97.49747335910797,10,0.5588235294117647,0.21482088779841516,
1045.0,350.33304023742676,10,0.5578947368421052,0.10699511713556178,
270.0,160.71067643165588,6,1.0681818181818181,0.13136636114389613,
157.5,91.49747359752655,12,0.5,0.2364134696984399,
162.5,193.4385986328125,13,3.375,0.05457289019926763,
159.0,146.56854140758514,6,2.3157894736842106,0.09300910310446346,
143.0,120.91168713569641,12,2.6,0.1229162605199266,
1791.0,754.6660820245743,9,0.6595744680851063,0.03951807555042752,
174.5,100.81118214130402,7,1.2142857142857142,0.21576841953164091,
533.0,296.3919162750244,9,1.2083333333333333,0.07624377021639868,
187.5,200.95331752300262,2,0.3068181818181818,0.05834730153354069,
5715.5,1982.334250330925,6,0.5955882352941176,0.018277227758395378,
100.5,64.52691102027893,5,0.7391304347826086,0.30331520024210534,
2599.0,964.9158631563187,9,1.664,0.03507819605357217,
240.0,327.9655101299286,2,0.2925170068027211,0.028039144386538047,
183.0,131.39696860313416,7,0.925,0.13319571756903026,
109.0,201.88224983215332,2,0.2391304347826087,0.033607800459370826,
259.0,384.8771975040436,2,0.3630952380952381,0.021971781168777706,
180.0,293.0782079696655,2,0.42063492063492064,0.026333908023697897,
186.0,287.2792184352875,2,0.36507936507936506,0.028321378428731926,
126.5,174.87005722522736,2,0.10714285714285714,0.051983975008824804,
176.5,119.154327750206,8,1.032258064516129,0.15621938803161292,
171.0,136.2253955602646,12,2.8666666666666667,0.11579500321396184,
450.5,574.7422024011612,2,0.4344262295081967,0.017137934696300386,
152.0,260.3675310611725,2,0.16666666666666666,0.028176030073217166,
109.0,184.56854152679443,2,0.23529411764705882,0.04020878972564186,
157.0,240.85281229019165,2,0.28440366972477066,0.034009956236695074,
394.0,507.32798886299133,2,0.49056603773584906,0.019236605583994735,
136.0,225.9655101299286,2,0.4329896907216495,0.0334706741361333,
155.0,259.13708305358887,2,0.35964912280701755,0.029005638528661674,
179.0,333.50461411476135,2,0.4857142857142857,0.020223634200791155,
139.5,216.4924212694168,2,0.6206896551724138,0.03740233160740121,
116.0,179.13708305358887,2,0.5540540540540541,0.04542520091775916,
298.5,401.48736917972565,2,0.56875,0.023270752420719354,
783.5,319.8061294555664,6,0.34579439252336447,0.09626652572362263,
715.0,352.0487699508667,5,0.36,0.07249536542538944,
344.0,189.19595789909363,5,0.4246575342465753,0.12076597704896314,
478.0,588.9259670972824,2,0.3516483516483517,0.017318742420955505,
181.5,116.12489068508148,5,0.6666666666666666,0.1691359227173983,
207.0,155.19595789909363,11,0.75,0.10799891635523873,
100.5,91.29646420478821,4,1.0,0.1515193188814548,Square
117.5,85.84061968326569,10,1.8666666666666667,0.20038353894472172,
106.0,63.94112503528595,7,0.8571428571428571,0.3258030777162021,
2186.5,687.4528793096542,8,1.568,0.05813979218835834,
239.0,319.13708305358887,2,0.2937062937062937,0.02948853671942646,
191.5,130.46803605556488,7,0.9024390243902439,0.14137427552471554,
250.0,384.8771975040436,2,0.3630952380952381,0.02120828298144566,
109.5,75.0121922492981,8,0.5,0.24454583312995756,
179.0,293.0782079696655,2,0.42063492063492064,0.026187608534677356,
183.0,292.1076455116272,2,0.3671875,0.026951013736447087,
108.0,157.39696848392487,11,3.5714285714285716,0.05478237956036095,
125.5,173.69848430156708,2,0.10843373493975904,0.05227108708570628,
173.5,133.154327750206,10,3.0,0.12296988601358615,
227.5,119.63960897922516,8,0.9117647058823529,0.1997290770448736,
449.0,576.156415939331,2,0.4326530612244898,0.01699712233184769,
135.0,231.0538227558136,2,0.1588785046728972,0.03177732355763159,
110.0,173.7401144504547,2,0.2375,0.04579334233044065,
140.0,240.85281229019165,2,0.28440366972477066,0.030327349510428727,
128.0,211.48022890090942,2,0.42857142857142855,0.03596501866821664,
151.0,252.30865597724915,2,0.36036036036036034,0.029807291241086085,
395.0,507.32798886299133,2,0.49056603773584906,0.019285429456035334,
143.0,254.2497808933258,2,0.48598130841121495,0.02779871536975182,
135.0,212.24978077411652,2,0.6235294117647059,0.03765729597771131,
113.5,179.722869515419,2,0.5540540540540541,0.04415694686444997,
293.0,400.9015828371048,2,0.56875,0.02290877899375912,
788.5,350.4335460662842,6,0.34579439252336447,0.08068637698361779,
724.5,322.63455605506897,9,0.33663366336633666,0.08746342737364293,
342.5,185.78174448013306,6,0.410958904109589,0.12469940082707599,
454.0,577.2691124677658,2,0.35,0.01712020953082875,
112.0,73.11269783973694,10,2.1666666666666665,0.2632947912631426,
2590.5,975.6437846422195,10,1.696,0.03419880227042596,
192.0,135.53910386562347,5,0.975,0.1313354217008802,
127.0,226.71067690849304,2,0.23076923076923078,0.031050574338950195,
101.5,76.18376541137695,9,0.5,0.2197612102979246,
205.0,294.1076455116272,2,0.3643410852713178,0.02978181052391806,
150.5,124.81118178367615,14,2.4,0.12140578271355056,
239.0,116.56854116916656,8,0.9393939393939394,0.22102685399892008,
145.0,191.4558436870575,2,0.0967741935483871,0.04970963944161253,
455.0,576.156415939331,2,0.4326530612244898,0.017224255369689752,
176.0,258.71067690849304,2,0.175,0.033044092352471986,
143.0,217.1959581375122,2,0.24489795918367346,0.03809275849518509,
392.0,509.32798886299133,2,0.48826291079812206,0.018988945420605096,
442.0,643.1025931835175,2,0.2881944444444444,0.013429863909036078,
369.5,562.256921172142,2,0.425,0.014687730204189455,
477.0,680.9848430156708,2,0.3602693602693603,0.012925678561514522,
219.5,343.74725472927094,2,0.4861111111111111,0.023343496738494396,
167.0,257.70562422275543,4,0.6363636363636364,0.0315993785464136,Rectangle
156.0,218.59292674064636,4,0.5697674418604651,0.041026290665250334,Rectangle
297.5,436.94321286678314,2,0.5542857142857143,0.019581539751029473,
747.0,326.8771971464157,7,0.33962264150943394,0.08785393431985986,
710.0,347.2203423976898,6,0.33663366336633666,0.07400445944338142,
340.5,185.78174448013306,5,0.40540540540540543,0.12397122914341423,
584.5,554.0559105873108,2,0.35,0.02392694190211896,
108.0,65.11269760131836,9,2.0833333333333335,0.3201122121858543,
2602.0,940.4305810928345,9,1.656,0.036971210466489206,
194.5,135.29646337032318,9,0.95,0.1335231535560982,
219.0,298.9360725879669,2,0.366412213740458,0.030796214075956452,
211.5,120.81118178367615,9,1.0,0.18209833313736107,
149.0,110.56854104995728,10,2.357142857142857,0.15315563285365566,
151.0,195.4558436870575,2,0.09473684210526316,0.049669466189686706,
462.0,578.156415939331,2,0.43089430894308944,0.01736845311459365,
247.0,375.82337474823,2,0.16091954022988506,0.02197552408760143,
312.0,465.4213538169861,2,0.22535211267605634,0.018099719640805596,
391.0,514.156415939331,2,0.4883720930232558,0.018586435217581215,
405.0,568.4995617866516,2,0.42386831275720166,0.01574724624385478,
517.0,692.6416971683502,2,0.3609271523178808,0.013542010365545788,
487.5,677.0020879507065,2,0.2871287128712871,0.013366092670021538,
288.5,449.1442233324051,2,0.4891304347826087,0.017971488311593533,
328.5,499.22748351097107,5,0.5555555555555556,0.016563353302601162,
202.0,346.27416574954987,5,0.6230769230769231,0.021170009368078512,
109.5,229.86500477790833,8,0.6231884057971014,0.026042235790021292,
198.0,316.81832242012024,2,0.5634920634920635,0.024788741250767375,
779.0,352.1909053325653,8,0.33962264150943394,0.0789207216567332,
729.5,344.63455629348755,6,0.3465346534653465,0.07718226455626977,
337.0,180.71067678928375,5,0.40540540540540543,0.12967974268070945,
648.5,554.8843371868134,2,0.35,0.026467621310021807,
2587.0,906.6315927505493,9,1.664,0.03954982768533893,
182.5,131.63960897922516,7,0.975,0.13234257046582462,
227.0,303.76449966430664,2,0.3684210526315789,0.030914461538060878,
217.5,113.982754945755,9,0.96875,0.21037340007836844,
156.5,195.2132030725479,2,0.09473684210526316,0.05160666935317135,
462.0,580.9848430156708,2,0.4331983805668016,0.017199753967730103,
277.0,375.6812393665314,2,0.16477272727272727,0.0246632677163872,
347.0,483.4213538169861,2,0.22522522522522523,0.018658970508721732,
387.0,528.6416971683502,2,0.48868778280542985,0.017401953261379006,
420.0,582.156415939331,2,0.42168674698795183,0.015573268740137904,
524.0,694.6416971683502,2,0.35973597359735976,0.013646442600335408,
518.5,684.6589421033859,2,0.2875816993464052,0.013899848135275474,
312.0,463.0437180995941,2,0.48947368421052634,0.018286073650285985,
592.5,941.4427740573883,11,0.5472636815920398,0.008400601158709244,
224.0,350.6173119544983,2,0.5611510791366906,0.022897663599038644,
746.0,326.87719678878784,6,0.33962264150943394,0.08773632549668617,
130.5,303.60511910915375,8,0.6224489795918368,0.01779107521661419,
718.5,360.291410446167,6,0.3564356435643564,0.06955507442593531,
330.0,185.53910398483276,5,0.40540540540540543,0.12046278348061723,
705.5,537.2274835109711,2,0.35,0.030717823287029017,
182.0,101.74011409282684,8,0.65625,0.22095142730453932,
2383.5,822.3056899309158,7,1.648,0.044295379776464354,
189.5,125.9827550649643,9,0.8974358974358975,0.15003648298635497,
239.0,305.76449966430664,2,0.3656716417910448,0.032124297795174485,
165.0,214.28427076339722,2,0.09615384615384616,0.045155766783547706,
218.5,125.29646325111389,11,0.9411764705882353,0.1748975318201144,
464.0,580.9848430156708,2,0.4331983805668016,0.017274211777114218,
287.0,375.1959581375122,2,0.1638418079096045,0.025619783670849047,
380.0,533.4701242446899,2,0.48878923766816146,0.01677927744137156,
369.0,526.0487704277039,2,0.22916666666666666,0.016756534711585096,
430.0,598.6416971683502,2,0.421875,0.015078022695925406,
532.0,683.2447285652161,2,0.2875816993464052,0.014320853994011283,
597.5,843.6538895368576,4,0.5189873417721519,0.01054919080206064,Rectangle
615.0,934.5138418674469,8,0.5369458128078818,0.008849393415697925,
750.5,332.2914103269577,7,0.33962264150943394,0.08541267639135537,
649.0,1019.7442901134491,11,0.6036866359447005,0.007842815461571086,
145.0,274.534051656723,5,0.6224489795918368,0.024176054561110646,
732.0,359.70562386512756,6,0.3564356435643564,0.07109294240912105,
326.5,184.1248904466629,5,0.40540540540540543,0.12102303690154641,
824.0,631.7543948888779,2,0.2930232558139535,0.025944214842836117,
106.5,71.35533821582794,11,2.0833333333333335,0.2628491239081699,
2610.5,935.5016467571259,9,1.6349206349206349,0.037483872236858444,
182.5,122.32590103149414,8,0.9210526315789473,0.1532624931577034,
238.0,305.76449966430664,2,0.3656716417910448,0.03198988650732857,
171.0,219.4558436870575,2,0.09345794392523364,0.044618161886556026,
208.0,123.39696848392487,9,0.9393939393939394,0.17165806715108958,
460.0,580.9848430156708,2,0.4331983805668016,0.01712529615834599,
289.0,382.02438521385193,2,0.16111111111111112,0.02488430614963673,
382.0,533.4701242446899,2,0.48878923766816146,0.016867589427905092,
400.0,536.3919162750244,2,0.22764227642276422,0.01747050291587325,
572.5,735.6295045614243,2,0.30063291139240506,0.013294349010273251,
582.0,737.2691135406494,2,0.37341772151898733,0.013454909096688115,
476.0,636.440686583519,2,0.4344569288389513,0.014767294826660065,
372.5,536.256921172142,5,0.51,0.016277598057499332,
644.0,968.3128315210342,12,0.551219512195122,0.008631064409644,
750.5,357.11983716487885,9,0.33962264150943394,0.07394905198908437,
264.5,411.8305147886276,5,0.56,0.0195974017087453,
178.5,308.7766921520233,8,0.6262626262626263,0.023526594311757135,
710.0,364.53405117988586,6,0.3564356435643564,0.06714164981888014,
327.5,181.29646337032318,5,0.40540540540540543,0.12521100573101107,
845.0,620.7838315963745,2,0.2930232558139535,0.027554071352710364,
121.5,71.35533845424652,7,2.0833333333333335,0.2998701252716142,
2616.5,917.903670668602,9,1.6349206349206349,0.03902441396431696,
102.5,138.32590091228485,2,0.3225806451612903,0.06731730399965623,
182.5,128.32590079307556,8,0.9736842105263158,0.13926567543006746,
240.0,310.59292674064636,2,0.36764705882352944,0.03126352786403751,
191.0,243.11269783973694,2,0.09322033898305085,0.04060952837464457,
201.0,119.39696848392487,10,0.9393939393939394,0.17718188643097235,
453.0,582.9848430156708,2,0.4314516129032258,0.016749179565798595,
308.0,385.1959581375122,2,0.15934065934065933,0.026085378196097117,
380.5,532.0559107065201,2,0.49099099099099097,0.016890790709812455,
647.0,986.7981127500534,8,0.5467289719626168,0.008349443384778965,
736.0,353.8477590084076,8,0.33962264150943394,0.07386773447676125,
3337.0,4575.237046718597,6,0.5311004784688995,0.0020032671545267174,
140.5,263.7472540140152,2,0.6730769230769231,0.025381091505836062,
700.0,365.7056235074997,6,0.3564356435643564,0.06577254198394489,
315.0,178.22539567947388,6,0.3972602739726027,0.12461813363436926,
910.0,608.9848425388336,2,0.29439252336448596,0.03083459792705317,
127.0,76.7695517539978,10,2.5,0.27079184128744505,
2603.0,957.2590085268021,8,1.6349206349206349,0.0356964565886402,
111.0,144.56854152679443,2,0.3230769230769231,0.0667398526454358,
163.0,127.05382239818573,7,0.9210526315789473,0.12688842240733916,
234.0,310.59292674064636,2,0.36764705882352944,0.030481939667436574,
196.0,118.22539556026459,9,1.0,0.17621561253662268,
187.5,245.69848430156708,2,0.09243697478991597,0.039030685722171075,
445.0,585.8132700920105,2,0.43373493975903615,0.01629489117705505,
310.0,387.1959581375122,2,0.15846994535519127,0.025984234536393494,
389.0,541.1269783973694,2,0.4911504424778761,0.016694026250775013,
460.0,571.7056245803833,2,0.24124513618677043,0.017685720849085887,
658.0,872.9848428964615,5,0.34277620396600567,0.010849815444047822,
641.5,831.4528793096542,2,0.3585434173669468,0.011660877728259406,
745.5,345.119837641716,6,0.3364485981308411,0.0786534297063909,
664.0,1025.5676646232605,7,0.5475113122171946,0.007933216464981857,
584.5,785.7371500730515,2,0.4199395770392749,0.0118970641928103,
196.5,320.1736592054367,2,0.6746031746031746,0.024088026469361652,
109.5,215.1198364496231,2,0.7469879518072289,0.02973466603854434,
1091.5,1643.765711069107,10,0.40397350993377484,0.0050763758622680445,
690.0,351.2203426361084,7,0.375,0.07029098517333038,
318.5,180.46803629398346,6,0.3972602739726027,0.12289061432514542,
935.0,607.8132693767548,4,0.29107981220657275,0.03180395430033847,Rectangle
109.5,57.21320307254791,8,1.5384615384615385,0.4203697519677614,
2545.5,934.673220038414,8,1.64,0.03661536486847937,
111.0,144.56854152679443,2,0.3230769230769231,0.0667398526454358,
180.5,129.982754945755,8,0.9,0.13425040215316036,
238.0,310.59292674064636,2,0.36764705882352944,0.03100299846517053,
201.0,126.71067667007446,8,1.032258064516129,0.1573183928653712,
190.0,242.28427076339722,2,0.09322033898305085,0.040673638480748835,
450.0,585.8132700920105,2,0.43373493975903615,0.016477979841965782,
306.0,396.85281229019165,2,0.16042780748663102,0.02441587910970948,
379.0,541.1269783973694,2,0.4911504424778761,0.016264873904996733,
926.5,281.1787123680115,6,0.33962264150943394,0.1472619042648558,
662.5,1028.981878042221,7,0.5429864253393665,0.007862855494395077,
109.5,210.2914079427719,2,0.7530864197530864,0.03111579673539085,
3499.0,4786.374129295349,4,0.49122807017543857,0.0019192896512694874,Rectangle
183.0,321.5878722667694,2,0.6692913385826772,0.02223625415316638,
691.0,358.0487698316574,6,0.36363636363636365,0.0677335034307716,
319.0,183.53910398483276,6,0.40540540540540543,0.11899900570815032,
921.5,593.5706284046173,4,0.30434782608695654,0.0328670252361917,Rectangle
125.5,83.8406195640564,9,2.1538461538461537,0.22435958697950184,
2574.0,932.1463094949722,8,1.648,0.03722633126181394,
109.0,139.7401144504547,2,0.31746031746031744,0.07014458865081635,
184.0,126.2253954410553,8,0.9473684210526315,0.14512231817409696,
240.0,310.59292674064636,2,0.36764705882352944,0.03126352786403751,
188.0,243.11269783973694,2,0.09322033898305085,0.03997168237923131,
210.0,119.05382287502289,10,0.9393939393939394,0.1861840478075874,
448.0,585.8132700920105,2,0.43373493975903615,0.01640474437600149,
309.0,396.85281229019165,2,0.16042780748663102,0.02465525047353016,
376.0,541.1269783973694,2,0.4911504424778761,0.016136128201263252,
935.0,279.7644987106323,6,0.33962264150943394,0.15011920954634822,
680.0,1028.7392375469208,7,0.555045871559633,0.008074361086859496,
105.0,211.70562171936035,2,0.7654320987654321,0.029439767908540092,
190.0,324.416300535202,2,0.671875,0.02268601056032318,
3548.0,4867.829972624779,4,0.4880174291938998,0.0018815799399727923,Rectangle
717.0,353.22034299373627,7,0.35294117647058826,0.07221669413795087,
317.0,182.71067690849304,5,0.40540540540540543,0.11932770088681757,
935.0,594.9848427772522,4,0.29523809523809524,0.03319018479293599,Rectangle
118.5,70.52691125869751,9,2.1666666666666665,0.2993770370846625,
2593.5,924.3889493942261,9,1.648,0.03814052143926917,
113.0,146.56854152679443,2,0.3181818181818182,0.06610080901703162,
175.0,125.05382287502289,9,1.0,0.1406222257295261,
239.0,310.59292674064636,2,0.36764705882352944,0.031133263164604023,
207.5,129.63960921764374,11,1.0,0.1551502710350893,
183.0,245.11269783973694,2,0.09243697478991597,0.03827624569244993,
448.0,585.8132700920105,2,0.43373493975903615,0.01640474437600149,
304.0,389.1959581375122,2,0.15760869565217392,0.025220100033066344,
379.0,541.1269783973694,2,0.4911504424778761,0.016264873904996733,
942.5,276.6934311389923,6,0.33962264150943394,0.15470114396341456,
678.5,1044.9818782806396,7,0.5495495495495496,0.007808043024813774,
3580.5,5086.381269574165,6,0.48596112311015116,0.0017391447075696955,
204.0,339.73000824451447,2,0.6716417910447762,0.02221120968691567,
118.5,236.91882491111755,2,0.7582417582417582,0.02652950058525951,
700.0,366.53405117988586,6,0.3564356435643564,0.06547556429269116,
324.0,183.53910398483276,5,0.40540540540540543,0.12086419388539404,
934.5,593.9137749671936,4,0.2995169082125604,0.03329219067338973,Rectangle
123.0,75.25483298301697,8,2.076923076923077,0.2729267998503596,
2598.0,957.6021534204483,8,1.6349206349206349,0.03560235962145689,
111.0,146.56854152679443,2,0.3181818181818182,0.06493088319372133,
176.5,131.63960897922516,7,1.0263157894736843,0.1279915818477701,
239.0,310.59292674064636,2,0.36764705882352944,0.031133263164604023,
184.0,245.11269783973694,2,0.09243697478991597,0.038485405504976984,
210.5,113.982754945755,10,0.9090909090909091,0.20360276191492668,
443.0,585.8132700920105,2,0.43373493975903615,0.016221655711090757,
301.0,390.02438521385193,2,0.16304347826086957,0.024865250436987174,
381.0,538.2985513210297,2,0.4888888888888889,0.016522981538945446,
931.5,276.35028553009033,6,0.33962264150943394,0.1532755516911649,
668.0,1052.1950814723969,7,0.5589519650655022,0.007582174788783422,
1855.0,2537.2387996912003,9,0.4770408163265306,0.003621021386668671,
682.5,361.1198374032974,6,0.36,0.06576727192174578,
1764.0,2693.752641916275,6,0.3523809523809524,0.003054872000246408,
321.5,180.1248903274536,5,0.40540540540540543,0.12452122443046691,
935.5,585.9137743711472,4,0.3073170731707317,0.034244138096300905,Rectangle
220.0,382.01427960395813,2,0.6733333333333333,0.018944072659130944,
138.0,276.6173083782196,2,0.7547169811320755,0.022663670537444076,
123.5,79.8406195640564,9,1.8,0.24346078879953342,
2618.0,933.6021534204483,8,1.6349206349206349,0.03774468599068526,
110.0,146.56854152679443,2,0.3181818181818182,0.06434592028206618,
180.5,130.81118190288544,8,0.9743589743589743,0.13255537145139404,
234.0,310.59292674064636,2,0.36764705882352944,0.030481939667436574,
209.5,121.982754945755,10,0.96875,0.17692818249803632,
185.0,246.28427076339722,2,0.09166666666666666,0.03832730126721463,
444.0,585.8132700920105,2,0.43373493975903615,0.016258273444072904,
305.0,401.6812393665314,2,0.164021164021164,0.023754539004532768,
381.0,541.1269783973694,2,0.4911504424778761,0.016350704374152387,
735.0,363.362478017807,8,0.33962264150943394,0.06995472373755411,
279.5,449.5706293582916,5,0.621301775147929,0.017377840810586548,
393.5,607.4528790712357,5,0.5584415584415584,0.013400759440644032,
1895.5,2559.8245861530304,6,0.4707379134860051,0.0036350738702697035,
698.5,365.1198377609253,6,0.3564356435643564,0.06584236393687395,
325.5,200.61017167568207,5,0.4864864864864865,0.10163773021552014,
928.5,595.2274833917618,4,0.3058252427184466,0.032932584953113346,Rectangle
1826.5,2774.4216886758804,6,0.3488372093023256,0.0029818418027574385,
228.5,382.600065946579,2,0.6733333333333333,0.019615798305225633,
148.5,276.0315226316452,2,0.7547169811320755,0.024491701378718266,
107.0,76.76955199241638,11,2.076923076923077,0.2281474554156416,
2584.0,909.116873383522,8,1.64,0.0392882727827682,
110.0,146.56854152679443,2,0.3181818181818182,0.06434592028206618,
169.0,125.88224971294403,8,0.9459459459459459,0.13401937151274143,
231.0,310.59292674064636,2,0.36764705882352944,0.03009114556913611,
213.5,111.98275482654572,11,0.9375,0.21394662954462504,
186.0,248.28427076339722,2,0.09090909090909091,0.03791616408110125,
442.0,582.9848430156708,2,0.4314516129032258,0.01634246659620967,
309.0,401.6812393665314,2,0.164021164021164,0.02406607394229713,
377.0,536.2985513210297,2,0.49107142857142855,0.016471682656770514,
936.5,278.35028553009033,6,0.33962264150943394,0.15189179114867157,
707.0,1095.5087900161743,7,0.5603448275862069,0.0074028260528934305,
117.0,217.22034215927124,2,0.6744186046511628,0.03115980555278293,
699.0,365.362478017807,6,0.3564356435643564,0.06580200873000733,
319.0,180.71067690849304,5,0.40540540540540543,0.12275322807290247,
935.0,583.671134352684,4,0.3121951219512195,0.034489352700577604,Rectangle
3945.0,5699.265607476234,2,0.48125,0.0015262268062617055,
239.0,382.0142798423767,2,0.6733333333333333,0.02058015163582191,
168.5,276.031521320343,2,0.7547169811320755,0.027790247282987728,
113.0,199.70562398433685,2,0.8266666666666667,0.035604731640763165,
114.0,72.7695517539978,11,2.3333333333333335,0.2705299273156689,
2537.5,924.0458076000214,8,1.64,0.03734469466917452,
109.0,146.56854152679443,2,0.3181818181818182,0.06376095737041103,
157.0,126.56854140758514,6,0.9736842105263158,0.12315667802097494,
233.0,310.59292674064636,2,0.36764705882352944,0.030351674968003086,
202.0,108.91168737411499,10,0.967741935483871,0.21399925438623255,
183.0,250.28427076339722,2,0.09016393442622951,0.03671079923793253,
446.0,582.9848430156708,2,0.4314516129032258,0.01649036222151473,
309.5,391.4385987520218,2,0.16847826086956522,0.025383015863589296,
377.5,536.8843377828598,2,0.49107142857142855,0.0164575563410156,
935.0,278.9360718727112,6,0.33962264150943394,0.15101222748416468,
707.0,1107.6509252786636,7,0.5555555555555556,0.007241415188242094,
129.0,263.1614668369293,2,0.6730769230769231,0.023407497055481515,
704.5,362.2914105653763,6,0.3564356435643564,0.06744888678343905,
316.5,178.46803629398346,5,0.3918918918918919,0.12487131586209668,
884.5,514.4579311609268,3,0.35359116022099446,0.04199600390305014,Triangle
4059.5,5903.189487576485,5,0.46875,0.0014638917453477017,
256.0,382.01427948474884,2,0.6733333333333333,0.022044011835292057,
180.0,276.6173075437546,2,0.7547169811320755,0.029561309575020026,
121.5,203.11983859539032,2,0.8289473684210527,0.03700679347391495,
160.0,125.88224947452545,10,1.0689655172413792,0.1268822456997886,
108.5,75.01219248771667,9,2.3333333333333335,0.24231253630990063,
2378.5,788.6488381624222,7,1.64,0.04805578590172427,
112.0,149.39696860313416,2,0.3283582089552239,0.06305859876514494,
150.5,126.46803593635559,6,0.9473684210526315,0.11824555281716756,
231.0,310.59292674064636,2,0.36764705882352944,0.03009114556913611,
206.5,113.15432786941528,10,0.967741935483871,0.20266911984914227,
186.0,253.94112491607666,2,0.08943089430894309,0.036245719903468185,
442.5,584.3990565538406,2,0.43548387096774194,0.016281864147884167,
308.0,403.6812393665314,2,0.1631578947368421,0.02375108464752757,
379.5,536.8843377828598,2,0.49107142857142855,0.016544748692491184,
937.5,283.1787123680115,6,0.33962264150943394,0.14691290117929084,
759.0,1204.3616017103195,6,0.5075757575757576,0.006575637124927525,
151.0,267.98989367485046,2,0.6698113207547169,0.02642104425553535,
699.5,357.1198378801346,6,0.3564356435643564,0.06892386630134674,
326.0,179.53910398483276,5,0.40540540540540543,0.12708940814625386,
869.0,512.2152907848358,3,0.35195530726256985,0.04162215502727371,Triangle
4208.5,6189.356008172035,5,0.48125,0.0013805313329929238,
253.0,382.01427936553955,2,0.6733333333333333,0.02178568358519387,
183.0,276.6173074245453,2,0.7547169811320755,0.030053998093840795,
132.0,199.7056245803833,2,0.8266666666666667,0.04159136768607353,
2392.0,769.778778553009,7,1.626984126984127,0.0507269990778106,
112.0,149.39696860313416,2,0.3283582089552239,0.06305859876514494,
147.5,118.81118178367615,8,0.9444444444444444,0.1313068106954971,
231.0,312.59292674064636,2,0.36496350364963503,0.029707325207730232,
199.0,109.74011421203613,9,1.0,0.20765009050140507,
190.0,254.28427076339722,2,0.08870967741935484,0.03692533730445064,
435.0,585.8132700920105,2,0.43373493975903615,0.01592871384723359,
307.0,403.6812393665314,2,0.1631578947368421,0.023673970736334298,
374.5,536.8843377828598,2,0.49107142857142855,0.016326767813802233,
942.5,281.1787123680115,6,0.33962264150943394,0.14980501324298606,
761.0,1207.8763202428818,6,0.5113636363636364,0.006554651203970618,
155.0,273.6467478275299,2,0.6759259259259259,0.026011235431988824,
700.0,360.5340510606766,6,0.3564356435643564,0.06767298404467206,
322.5,178.46803629398346,5,0.40540540540540543,0.1272385445988189,
871.0,512.3574262857437,3,0.35195530726256985,0.041694805112676314,Triangle
4242.0,6302.912356972694,5,0.48125,0.0013418315273527987,
253.0,382.01427948474884,2,0.6733333333333333,0.021785683571597228,
182.5,276.03152096271515,2,0.7547169811320755,0.030099229331081043,
135.0,199.70562624931335,2,0.8266666666666667,0.04253662533162224,
2453.5,812.1635551452637,6,1.6349206349206349,0.046742176612243065,
111.5,147.9827550649643,2,0.3333333333333333,0.0639826928496316,
139.5,115.63960886001587,8,1.0,0.13109038638903617,
231.0,310.59292674064636,2,0.36764705882352944,0.03009114556913611,
196.5,114.81118214130402,8,1.0333333333333334,0.1873285801713521,
191.0,254.28427076339722,2,0.08870967741935484,0.03711968118500038,
436.0,585.8132700920105,2,0.43373493975903615,0.015965331580215732,
303.0,404.5096664428711,2,0.1631578947368421,0.023269908949197293,
372.5,536.8843377828598,2,0.49107142857142855,0.016239575462326655,
724.0,364.5340510606766,8,0.33962264150943394,0.06846556971924268,
799.0,1293.273289322853,7,0.5579710144927537,0.006003106213625008,
164.0,278.4751751422882,2,0.6727272727272727,0.026575456940279005,
125.0,246.71067690849304,2,0.16666666666666666,0.025807384198579853,
692.0,368.19090509414673,6,0.3564356435643564,0.06414603921304722,
319.0,180.71067690849304,6,0.40540540540540543,0.12275322807290247,
848.0,510.7005709409714,3,0.35195530726256985,0.04085761667026997,Triangle
4297.0,6353.054491877556,5,0.49583333333333335,0.0013378581137868293,
246.5,382.6000655889511,2,0.6733333333333333,0.02116102534475935,
182.0,274.61730766296387,2,0.7619047619047619,0.030326720029233756,
132.0,199.70562517642975,2,0.8266666666666667,0.041591367437804234,
104.0,143.7401144504547,2,0.3076923076923077,0.06325388878901464,
142.0,105.74011433124542,9,0.9375,0.15959477070005929,
225.0,310.59292674064636,2,0.36764705882352944,0.02930955737253517,
195.0,110.2253954410553,10,1.0,0.2016885038146902,
200.0,259.11269783973694,2,0.09523809523809523,0.037433675165456315,
438.5,584.3990565538406,2,0.42971887550200805,0.016134683455021937,
299.0,402.85281229019165,2,0.1631578947368421,0.0231519860875831,
373.0,538.2985513210297,2,0.4888888888888889,0.016176042294033206,
941.0,279.7644991874695,6,0.34579439252336447,0.15108254085729683,
108.5,200.18376553058624,4,0.15294117647058825,0.03402372768340996,Rectangle
172.5,292.37466955184937,2,0.6782608695652174,0.025358261466423452,
841.0,1373.0134035348892,6,0.5585284280936454,0.00560604146936779,
692.5,363.60511887073517,6,0.3564356435643564,0.06582178634511472,
315.0,177.88224983215332,5,0.3918918918918919,0.1250993895275869,
833.0,521.8721449375153,3,0.35195530726256985,0.03843497754219363,Triangle
102.0,212.87719571590424,2,0.7439024390243902,0.028284711591324122,
146.0,295.1959581375122,2,0.1678832116788321,0.021054353298719845,
4321.0,6371.539773464203,5,0.49583333333333335,0.0013375355485817505,
250.5,381.42849254608154,2,0.6733333333333333,0.021636715328389833,
179.0,274.6173075437546,2,0.7619047619047619,0.029826829065636093,
130.0,199.70562624931335,2,0.8266666666666667,0.040961194763784375,
108.0,141.7401144504547,2,0.3125,0.06755353207721165,
131.0,101.25483310222626,9,0.9032258064516129,0.16056453849866084,
230.0,310.59292674064636,2,0.36764705882352944,0.029960880869702618,
191.0,107.74011433124542,9,1.0333333333333334,0.20677039963036284,
199.0,261.11269783973694,2,0.09448818897637795,0.03667811066386086,
439.5,584.3990565538406,2,0.42971887550200805,0.016171478628237493,
301.0,402.85281229019165,2,0.1631578947368421,0.023306848870777636,
372.0,538.2985513210297,2,0.4888888888888889,0.016132674888419175,
729.0,371.3624778985977,9,0.34579439252336447,0.06642649699138455,
708.5,346.6345566511154,6,0.36363636363636365,0.07409791815381812,
312.0,179.88224983215332,5,0.3918918918918919,0.12116797127461912,
822.0,515.043717622757,3,0.34831460674157305,0.03893977998050928,Triangle
213.5,366.11478328704834,2,0.6736111111111112,0.020015811957572887,
921.5,1566.04998087883,6,0.5552147239263804,0.004721651905928974,
147.5,275.1543279886246,2,0.14049586776859505,0.02448212931897777,
163.5,293.63960921764374,2,0.16666666666666666,0.02382859007630743,
4306.5,6368.125560045242,5,0.49583333333333335,0.0013344769600176516,
248.5,381.4284929037094,2,0.6733333333333333,0.021463967061965777,
179.0,274.61730790138245,2,0.7619047619047619,0.029826828987950492,
128.5,199.1198389530182,2,0.8266666666666667,0.04072714126552064,
103.0,141.7401144504547,2,0.3125,0.0644260537403037,
111.0,88.42640590667725,11,1.12,0.17838933883789984,
227.0,307.76449966430664,2,0.362962962962963,0.030116096172158782,
194.5,107.15432798862457,10,1.0344827586206897,0.21286783136007761,
197.5,261.6984843015671,2,0.09448818897637795,0.036238861848477806,
444.0,582.9848430156708,2,0.4314516129032258,0.0164164144088622,
298.0,402.85281229019165,2,0.1631578947368421,0.023074554695985832,
361.5,536.8843377828598,2,0.49107142857142855,0.015760017529210968,
736.0,367.7056237459183,8,0.34579439252336447,0.06840488768966292,
670.5,355.9482653141022,9,0.3434343434343434,0.0665020272654892,
315.5,176.81118214130402,5,0.3918918918918919,0.126820590785074,
801.5,509.1442229747772,2,0.3463687150837989,0.03885364340351306,
216.0,359.87214291095734,2,0.6808510638297872,0.02095883580098566,
959.0,1571.9494757652283,6,0.558282208588957,0.004876983707718937,
139.5,295.9827550649643,2,0.1297709923664122,0.02001019196074785,
134.0,290.2253956794739,2,0.1678832116788321,0.019991428980956055,
4307.0,6359.882919073105,5,0.49375,0.0013380936028921505,
247.5,380.60006618499756,2,0.6778523489932886,0.021470756585051924,
181.0,274.61730766296387,2,0.7619047619047619,0.0301600896994028,
131.0,199.70562529563904,2,0.8266666666666667,0.041276281271573484,
102.0,141.7401144504547,2,0.3125,0.06380055807292212,
225.0,310.59292674064636,2,0.36764705882352944,0.02930955737253517,
182.5,107.15432798862457,9,1.0689655172413792,0.19973459754865894,
192.0,256.2842707633972,2,0.088,0.03673391254098136,
443.5,584.3990565538406,2,0.42971887550200805,0.016318659321099726,
300.5,401.4385987520218,2,0.164021164021164,0.023432362877442738,
362.0,538.2985513210297,2,0.4888888888888889,0.015699000832278875,
949.5,292.00714004039764,8,0.3425925925925926,0.13993227392452182,
678.0,373.1614692211151,6,0.37,0.06118514157006331,
315.0,182.71067690849304,5,0.3918918918918919,0.11857484472980295,
786.5,516.8010761737823,3,0.3463687150837989,0.03700511619990352,Triangle
223.0,354.21528923511505,2,0.6762589928057554,0.022334699879662398,
965.0,1579.6063296794891,6,0.5579268292682927,0.004860035557287955,
122.0,266.08326029777527,2,0.14166666666666666,0.021653823280479156,
120.5,286.811182141304,2,0.17037037037037037,0.018407921426504926,
3460.0,5150.491879820824,2,0.49375,0.0016390362137084333,
784.0,1197.3910398483276,7,0.5668016194331984,0.006871537466097223,
245.0,377.1858515739441,2,0.6756756756756757,0.02164039386396151,
177.0,271.788880944252,2,0.7596153846153846,0.03011062425283862,
131.0,196.87719702720642,2,0.8243243243243243,0.04247078853870458,
103.0,141.7401144504547,2,0.3125,0.0644260537403037,
224.0,307.76449966430664,2,0.362962962962963,0.029718086090588403,
178.5,103.49747359752655,8,1.0689655172413792,0.20940574251590527,
199.0,261.94112491607666,2,0.09448818897637795,0.03644647776337255,
434.0,582.9848430156708,2,0.4314516129032258,0.016046675345599535,
306.0,405.6812393665314,2,0.16230366492146597,0.023364766321204277,
345.0,538.2985513210297,2,0.4888888888888889,0.014961754936840366,
4226.0,1358.905758023262,7,0.6753246753246753,0.028758132412238367,
769.0,349.362478017807,6,0.35185185185185186,0.0791742002325131,
9666.0,2443.13532602787,7,0.9543269230769231,0.0203498685447207,
689.0,380.6761865615845,6,0.37623762376237624,0.05974721492155972,
111.5,270.32590091228485,2,0.14166666666666666,0.019173853878254977,
314.5,183.2964632511139,5,0.40540540540540543,0.11763115013671037,
771.5,515.9726501703262,3,0.35,0.036416015957089966,Triangle
218.0,356.2152889966965,2,0.6714285714285714,0.02158943347142465,
956.5,1587.0205435752869,6,0.5592705167173252,0.004772322024885213,
121.0,292.2253956794739,2,0.16666666666666666,0.017805711142089113,
2177.0,3271.7972363233566,4,0.4375,0.0025556156007401744,Rectangle
2016.0,3062.0856823921204,8,0.4211764705882353,0.002701877869570069,
249.0,377.1858514547348,2,0.6756756756756757,0.0219937064307447,
183.5,270.37466776371,2,0.7669902912621359,0.0315437945205934,
130.5,195.46298456192017,2,0.8356164383561644,0.04292312411080437,
102.5,138.32590091228485,2,0.3225806451612903,0.06731730399965623,
224.0,310.59292674064636,2,0.36764705882352944,0.029179292673101678,
178.5,106.32590079307556,9,1.0689655172413792,0.19841291744461764,
188.5,270.5269113779068,2,0.0916030534351145,0.03236683770768954,
427.0,582.9848430156708,2,0.4314516129032258,0.015787858001315675,
312.5,401.4385987520218,2,0.164021164021164,0.024368097834279054,
360.5,534.0559107065201,2,0.48878923766816146,0.015883334459309457,
788.5,421.40410804748535,8,0.35185185185185186,0.05579740888570075,
492.0,245.8233743906021,8,0.3373493975903614,0.1023124807415971,
163.5,139.0954532623291,16,0.9333333333333333,0.10619443360332992,
309.0,180.71067678928375,5,0.40540540540540543,0.11890516465382558,
779.5,512.8010760545731,3,0.3463687150837989,0.03725015874622216,Triangle
216.0,354.21528828144073,2,0.6762589928057554,0.021633610762262494,
961.5,1585.8489700555801,6,0.5592705167173252,0.0048043595704878005,
109.0,268.911687374115,2,0.14285714285714285,0.018941615053719538,
128.0,291.0538227558136,2,0.1678832116788321,0.018987737458473774,
4213.5,6338.6108412742615,5,0.49166666666666664,0.0013178460648180274,
240.5,373.7716383934021,2,0.673469387755102,0.02163277614509244,
181.5,268.3746680021286,2,0.7572815533980582,0.031666747051387806,
131.0,194.04877161979675,2,0.8472222222222222,0.04371790720450964,
226.0,310.59292674064636,2,0.36764705882352944,0.029439822071968658,
181.0,103.740114569664,9,1.0344827586206897,0.21134646701298637,
193.5,272.5269113779068,2,0.09090909090909091,0.03273950017283712,
432.0,582.9848430156708,2,0.4314516129032258,0.015972727532947005,
302.0,400.02438521385193,2,0.15873015873015872,0.02371613283160793,
364.0,531.4701242446899,2,0.49099099099099097,0.01619397762716124,
4259.0,1364.0773292779922,7,0.6731391585760518,0.028763353709043846,
994.5,335.80612897872925,8,0.34545454545454546,0.11082491698278774,
702.0,372.33304154872894,6,0.37623762376237624,0.0636332082584548,
312.0,179.88224971294403,5,0.3918918918918919,0.12116797143521693,
776.5,510.80107712745667,3,0.3463687150837989,0.037397942996493044,Triangle
218.0,357.04371559619904,2,0.6785714285714286,0.021489364425874017,
956.0,1583.2631833553314,6,0.5592705167173252,0.004792493476480057,
8695.0,2955.728254675865,8,0.8270833333333333,0.012506922077301497,
124.5,288.811182141304,2,0.16911764705882354,0.01875647433471504,
4171.5,6341.924549102783,5,0.49166666666666664,0.0013033467407247872,
242.5,373.7716381549835,2,0.673469387755102,0.021812674519240776,
178.0,266.9604538679123,2,0.7647058823529411,0.0313860023060736,
129.0,192.0487723350525,2,0.8333333333333334,0.043951783592504214,
229.0,307.76449966430664,2,0.362962962962963,0.030381436226539035,
184.5,101.49747371673584,9,1.1071428571428572,0.22505868087016362,
191.0,262.2842707633972,2,0.0859375,0.03488982072971637,
429.5,582.3990565538406,2,0.4314516129032258,0.015912254147189695,
308.0,408.85281229019165,2,0.16062176165803108,0.0231540305377647,
359.5,532.0559107065201,2,0.49099099099099097,0.01595857887037471,
4221.5,1377.6336797475815,6,0.6763754045307443,0.027951759715988633,
792.5,382.09039974212646,8,0.3486238532110092,0.06821452873075426,
8568.5,2659.9465091228485,6,0.9544364508393285,0.015218395229611627,
668.0,379.01933228969574,6,0.37,0.05843372900465744,
311.5,179.29646337032318,5,0.40540540540540543,0.12176555950973737,
760.5,514.8010767698288,2,0.3463687150837989,0.03606037088553661,
213.5,350.80107498168945,2,0.6739130434782609,0.021801476762275597,
942.5,1575.020543217659,6,0.5609756097560976,0.004774399736030137,
120.0,252.911687374115,2,0.14782608695652175,0.023575087419943797,
122.5,290.811182141304,2,0.1678832116788321,0.018202194432612322,
4214.0,6352.652471661568,5,0.49166666666666664,0.0013121823758327068,
248.5,374.9432113170624,2,0.673469387755102,0.02221290031678274,
183.5,268.37466728687286,2,0.7572815533980582,0.03201569209313,
129.0,194.04877150058746,2,0.821917808219178,0.043050458292449356,
228.0,310.59292674064636,2,0.36764705882352944,0.029700351470835634,
185.5,100.66904675960541,10,1.0344827586206897,0.23001802249557277,
195.0,273.11269783973694,2,0.09022556390977443,0.032851915026280744,
427.0,582.9848430156708,2,0.4314516129032258,0.015787858001315675,
304.5,401.4385987520218,2,0.164021164021164,0.02374427452972151,
359.5,541.7127648591995,2,0.49099099099099097,0.015394678372190652,
753.5,334.2914102077484,6,0.34579439252336447,0.08473106907388202,
722.0,324.39191603660583,6,0.37,0.08621980093050505,
316.5,178.1248904466629,5,0.3918918918918919,0.12535289197800337,
772.5,487.8305138349533,3,0.3463687150837989,0.04079157068054404,Triangle
215.0,349.38686215877533,2,0.6788321167883211,0.022132740047887876,
940.5,1568.5352613925934,6,0.5596330275229358,0.004803746613889715,
128.5,283.982754945755,2,0.13178294573643412,0.0200229957728462,
122.5,284.811182141304,2,0.17164179104477612,0.01897718887061553,
4230.0,6347.338763475418,5,0.49375,0.0013193708242077958,
245.0,377.18585228919983,2,0.6756756756756757,0.02164039378188836,
175.5,270.3746678829193,2,0.7669902912621359,0.030168588193365167,
127.0,194.8771994113922,2,0.8356164383561644,0.042023432746845085,
2249.5,728.3645656108856,7,1.6377952755905512,0.05328417456761409,
102.5,138.32590091228485,2,0.3225806451612903,0.06731730399965623,
224.0,310.59292674064636,2,0.36764705882352944,0.029179292673101678,
188.0,100.91168701648712,8,1.0,0.23199828793450034,
202.0,275.11269783973694,2,0.09774436090225563,0.0335382163523428,
424.0,582.9848430156708,2,0.4314516129032258,0.015676936282336875,
309.5,405.4385987520218,2,0.16230366492146597,0.023660304683747812,
362.0,538.2985512018204,2,0.49321266968325794,0.015699000839232143,
1990.5,630.1980446577072,4,0.510752688172043,0.06298221690655369,Rectangle
754.5,357.94826424121857,9,0.3425925925925926,0.07399946613819322,
8485.0,2722.958701968193,6,0.9497607655502392,0.014380685927317123,
699.0,347.22034299373627,9,0.37,0.07285791123003496,
314.5,178.46803629398346,6,0.3972602739726027,0.12408223961652262,
794.5,586.3990559577942,4,0.3069306930693069,0.029034693152515653,Rectangle
213.5,347.97264790534973,2,0.6715328467153284,0.022157335183488888,
946.5,1562.8784071207047,4,0.5596330275229358,0.004869452125687791,Rectangle
126.0,241.25483322143555,2,0.14782608695652175,0.027203724245214323,
118.5,286.811182141304,2,0.17037037037037037,0.018102395759674966,
4194.5,6355.5814037323,5,0.49375,0.0013049067915827893,
251.0,377.18585193157196,2,0.6756756756756757,0.022170362651241463,
177.5,270.37466740608215,2,0.7669902912621359,0.03051238987584262,
131.5,195.46298444271088,2,0.8356164383561644,0.0432520369919969,
2250.5,721.3940043449402,6,1.609375,0.054343026827334204,
102.0,139.7401144504547,2,0.31746031746031744,0.0656398902970942,
237.0,324.2497808933258,2,0.375886524822695,0.028326885523386355,
180.0,106.56854116916656,9,1.0,0.19917018543800374,
202.5,280.5269113779068,2,0.09558823529411764,0.03233596538862765,
431.0,587.8132700920105,2,0.432,0.01567502931778102,
310.0,419.6812393665314,2,0.16161616161616163,0.022117317190360183,
353.5,542.5411919355392,2,0.48878923766816146,0.015091550030451914,
726.0,339.2203426361084,6,0.34579439252336447,0.07928348060533136,
716.5,347.4629851579666,9,0.36633663366336633,0.07457769662243603,
312.5,176.81118214130402,6,0.3972602739726027,0.12561468976334586,
804.5,580.7422018051147,4,0.3054187192118227,0.029975686553754006,Rectangle
208.0,356.21528911590576,2,0.6714285714285714,0.02059909247270973,
937.5,1562.3931263685226,6,0.5565749235474006,0.004826146501722517,
125.0,261.25483322143555,2,0.128,0.02301395235873149,
123.5,286.811182141304,2,0.17037037037037037,0.01886620992674986,
4210.0,6356.6524711847305,5,0.49375,0.0013092875039137715,
248.5,377.7716385126114,2,0.6756756756756757,0.021881523549880204,
179.5,272.374666929245,2,0.7596153846153846,0.03040471189749484,
128.0,196.04877078533173,2,0.8356164383561644,0.041849626503226114,
2270.0,713.1513645648956,6,1.5923076923076922,0.05608830117769668,
107.0,141.7401144504547,2,0.3125,0.06692803640983007,
260.5,359.46298360824585,4,0.43661971830985913,0.02533431943848086,Rectangle
203.0,283.94112491607666,2,0.09420289855072464,0.031640934723332084,
437.5,591.2274836301804,2,0.42857142857142855,0.015728188037110048,
324.0,428.5096664428711,2,0.16336633663366337,0.02217346821266752,
379.5,543.7127648591995,2,0.49321266968325794,0.016131790970955167,
748.0,318.39191579818726,6,0.34579439252336447,0.09272298356997975,
725.5,342.63455617427826,9,0.3564356435643564,0.07765777766548071,
314.5,176.81118214130402,5,0.3972602739726027,0.12641862377783128,
795.5,580.7422013282776,4,0.30392156862745096,0.029640346417240292,Rectangle
210.5,347.14422142505646,2,0.6764705882352942,0.02195038204192262,
840.0,1362.5281212329865,4,0.5030674846625767,0.005685886696417584,Rectangle
121.5,254.18376553058624,2,0.11475409836065574,0.0236314583466902,
129.5,284.811182141304,2,0.17164179104477612,0.02006159966322213,
4206.0,6341.397638440132,5,0.49375,0.0013143443400105382,
246.5,377.7716381549835,2,0.6756756756756757,0.021705414749528522,
176.5,271.2030942440033,2,0.7596153846153846,0.030155413865467558,
128.0,196.04877030849457,2,0.8356164383561644,0.041849626706802576,
105.0,141.7401144504547,2,0.3125,0.0656770450750669,
271.5,356.6345566511154,4,0.4013605442176871,0.026824575189264222,Rectangle
203.5,112.81118249893188,9,1.0,0.20094165479625253,
214.5,289.3553384542465,2,0.09285714285714286,0.03219394234717319,
464.5,598.0559107065201,2,0.42745098039215684,0.016319693891561664,
336.0,436.5096664428711,2,0.16019417475728157,0.02215957416152454,
415.0,543.1269782781601,2,0.48444444444444446,0.017678898785070226,
717.0,323.22034299373627,6,0.33962264150943394,0.08624454714076216,
142.0,203.0782071352005,2,0.675,0.04326847285426018,
729.0,1144.621486544609,6,0.48014440433212996,0.006992196168982838,
694.0,320.87719690799713,9,0.33663366336633666,0.08470160196589456,
319.0,192.71067690849304,5,0.4794520547945205,0.10794163530195663,
802.0,515.4457387924194,4,0.29207920792079206,0.037933099046759386,Rectangle
118.5,239.35533845424652,2,0.11304347826086956,0.025992136433623258,
121.0,280.2253956794739,2,0.16666666666666666,0.019363339149824965,
2170.0,3286.2825174331665,4,0.4354166666666667,0.0025249908286479744,Rectangle
1666.0,2566.615558862686,7,0.41920374707259955,0.003178068222463236,
332.0,487.75439500808716,2,0.6282722513089005,0.017536606819517624,
252.5,376.60006511211395,2,0.6756756756756757,0.022372291273527863,
174.5,270.37466740608215,2,0.7669902912621359,0.029996687511743877,
132.5,195.46298444271088,2,0.8356164383561644,0.04358094982083338,
2306.0,724.6072078943253,6,1.5629629629629629,0.05519044139389813,
110.5,147.15432798862457,2,0.3181818181818182,0.06412480574964348,
267.5,365.4629839658737,4,0.39215686274509803,0.025167892985075293,Rectangle
227.0,294.7695519924164,2,0.0979020979020979,0.03282996944095831,
464.5,604.8843377828598,2,0.4263565891472868,0.015953313636111577,
420.5,542.8843377828598,2,0.4845814977973568,0.017929213519717886,
345.0,452.16652059555054,2,0.1643192488262911,0.02120470099652542,
162.0,272.5340510606766,4,0.64,0.027408377985429746,Rectangle
357.5,497.9137748479843,5,0.5478723404255319,0.01812081087281934,
719.0,307.90663409233093,6,0.33653846153846156,0.0953017031313284,
285.5,106.18376553058624,6,0.46511627906976744,0.318199675049896,
172.5,324.8599510192871,2,0.6230769230769231,0.020540292058069228,
373.5,211.3797242641449,12,0.5245901639344263,0.1050446204205253,
309.5,184.1248903274536,5,0.4583333333333333,0.11472168443960258,
737.5,436.5756815671921,3,0.3391812865497076,0.04862423786940069,Triangle
129.0,230.42640614509583,2,0.11926605504587157,0.030530581878273677,
107.5,273.9827550649643,2,0.17054263565891473,0.017995829563635567,
630.5,968.9432127475739,5,0.2182254196642686,0.008439142204972274,
749.0,1085.29349899292,2,0.29791666666666666,0.007990929122693299,
767.5,1109.0752433538437,2,0.35625,0.007840905612235891,
680.5,1009.7026599645615,2,0.4182242990654206,0.008387856517509309,
524.0,773.7199051380157,2,0.49843260188087773,0.010999516897389629,
409.0,610.3229365348816,2,0.5650406504065041,0.01379792528947411,
323.5,483.5117542743683,2,0.6282722513089005,0.017388818576051634,
250.0,377.18585181236267,2,0.6756756756756757,0.02208203452714673,
181.5,270.37466752529144,2,0.7669902912621359,0.031199993000461886,
131.5,195.46298480033875,2,0.8356164383561644,0.04325203683372516,
2330.0,726.80821788311,6,1.5703703703703704,0.05542760671096517,
118.0,155.39696860313416,2,0.3142857142857143,0.061405431309305,
277.0,377.7056246995926,3,0.36875,0.02439960122603578,Triangle
234.0,302.7695519924164,2,0.09523809523809523,0.03207755992726968,
449.5,611.7127648591995,2,0.42528735632183906,0.015095394723680463,
396.5,547.7127648591995,2,0.4847161572052402,0.016609147061355654,
727.5,320.63455617427826,5,0.33653846153846156,0.0889246591099281,
652.5,308.49242174625397,7,0.3404255319148936,0.08615914494349634,
671.5,1150.6631169319153,4,0.4934640522875817,0.006373228593391558,Rectangle
299.5,172.81118214130402,6,0.4084507042253521,0.12602682889487085,
757.5,527.8305151462555,4,0.30808080808080807,0.03416673763615746,Rectangle
107.0,240.42640614509583,3,0.12264150943396226,0.02326104986374276,Triangle
106.5,275.9827550649643,2,0.16923076923076924,0.01757096364726097,
988.5,1441.938160419464,4,0.2182254196642686,0.005974385837872575,Rectangle
1528.5,2260.025596499443,2,0.3958333333333333,0.003760525961920482,
697.0,1013.1168736219406,2,0.4182242990654206,0.008533428319941704,
524.5,779.1341185569763,2,0.49843260188087773,0.010857526829637806,
408.0,615.1513633728027,2,0.562753036437247,0.013548962643186255,
322.5,484.3401812314987,2,0.6230366492146597,0.017275816527426102,
246.0,377.1858512163162,2,0.6756756756756757,0.021728722043385832,
181.0,268.960453748703,2,0.7572815533980582,0.03144210265930805,
133.0,194.04877150058746,2,0.821917808219178,0.044385356223998175,
2336.5,738.1635574102402,6,1.5703703703703704,0.053885317757400485,
121.0,159.39696860313416,2,0.3055555555555556,0.059845998699580405,
276.0,379.7056243419647,3,0.36419753086419754,0.02405608146669912,Triangle
236.5,303.3553384542465,2,0.09523809523809523,0.032295181151770276,
439.5,616.5411919355392,2,0.42585551330798477,0.014529295212803798,
385.0,549.1269781589508,2,0.4847161572052402,0.016044457308410077,
728.0,317.22034299373627,5,0.33653846153846156,0.09091157517186474,
683.5,294.35028541088104,7,0.3404255319148936,0.09913327648513268,
725.0,1193.876319885254,7,0.49517684887459806,0.006391888553504828,
302.5,172.81118202209473,5,0.4084507042253521,0.12728920131317165,
772.0,551.0437179803848,4,0.297029702970297,0.03194883695131295,Rectangle
179.5,339.48736786842346,2,0.6766917293233082,0.019571633692537543,
106.5,279.9827550649643,2,0.16666666666666666,0.01707249154587195,
3878.0,5660.599525094032,6,0.49583333333333335,0.0015208725014021957,
751.0,1144.56261241436,7,0.5668016194331984,0.007203950005620226,
252.5,377.77163875102997,2,0.6756756756756757,0.022233741204711416,
175.5,270.374666929245,2,0.7669902912621359,0.030168588406188423,
131.5,195.46298563480377,2,0.8356164383561644,0.04325203646442442,
102.0,85.25483322143555,6,2.066666666666667,0.1763486005063008,
2302.5,703.7371493577957,6,1.5703703703703704,0.058423631442934304,
114.0,164.22539567947388,2,0.3108108108108108,0.05311706641629353,
286.0,385.7056245803833,3,0.36363636363636365,0.024158165550543523,Triangle
250.0,308.7695519924164,2,0.09333333333333334,0.03295193614643799,
439.0,619.9554054737091,2,0.42803030303030304,0.014353356846474074,
390.5,550.54119181633,2,0.48695652173913045,0.016190164627871383,
740.0,339.56348836421967,9,0.33653846153846156,0.08064911588450117,
518.5,213.92387986183167,7,0.34177215189873417,0.14237708317847486,
170.5,77.49747312068939,8,1.0869565217391304,0.3567460416849304,
307.5,173.63960921764374,5,0.3888888888888889,0.12816144181887543,
747.5,492.3157958984375,3,0.3446327683615819,0.03875551572179252,Triangle
195.0,343.73000860214233,2,0.674074074074074,0.020740039421014038,
759.0,1248.1605913639069,8,0.5,0.006122245029180435,
3507.5,5184.31821846962,6,0.5354166666666667,0.0016399259627631658,
579.0,781.7199048995972,2,0.4953271028037383,0.011906554020264058,
458.0,653.9797904491425,5,0.5645161290322581,0.013456951477570983,
347.5,489.16860842704773,2,0.625,0.0182493547976364,
270.5,378.6000657081604,2,0.6711409395973155,0.02371459780286227,
191.0,271.78888154029846,2,0.7596153846153846,0.03249225540715907,
141.5,195.46298480033875,2,0.8356164383561644,0.04654116511005407,
129.0,171.0538227558136,2,0.3116883116883117,0.05540309233077383,
290.5,389.9482651948929,3,0.3592814371257485,0.024007227918718684,Triangle
245.0,308.7695519924164,2,0.09333333333333334,0.032292897423509236,
443.0,619.9554054737091,2,0.42803030303030304,0.014484139141202767,
394.5,552.54119181633,2,0.4890829694323144,0.016237813587598498,
732.5,339.80612897872925,8,0.33653846153846156,0.07971775825024445,
509.5,244.89444196224213,7,0.3411764705882353,0.10675695919183678,
126.0,87.74011385440826,10,1.0909090909090908,0.20567619150041153,
303.0,175.0538227558136,5,0.4027777777777778,0.12425368978286477,
760.0,490.4163006544113,3,0.34831460674157305,0.039709430838057995,Triangle
209.0,346.5584352016449,2,0.6764705882352942,0.021867704778308055,
826.5,1383.5991895198822,8,0.5,0.005425404509660384,
119.0,346.3675310611725,2,0.1728395061728395,0.01246471857466419,
1018.5,1504.9087227582932,4,0.21770334928229665,0.005651328835285193,Rectangle
2400.0,3331.7282568216324,2,0.45416666666666666,0.002716951972213677,
593.0,783.3767590522766,2,0.4968944099378882,0.012142921615177271,
470.5,654.2224309444427,5,0.5622489959839357,0.013813973892776941,
370.0,497.4112482070923,2,0.6237113402061856,0.01879231935380784,
284.5,382.6000648736954,2,0.6733333333333333,0.02442317133100813,
200.0,275.7888833284378,2,0.7619047619047619,0.03304352320206307,
151.0,200.04877054691315,2,0.8378378378378378,0.0474149217330699,
105.5,79.01219248771667,6,2.142857142857143,0.21236067519116925,
2305.5,720.2224314212799,6,1.5629629629629629,0.05585238252375951,
132.0,173.0538227558136,2,0.3076923076923077,0.055388729139677996,
296.0,390.53405153751373,3,0.3630952380952381,0.024388425369300106,Triangle
243.0,310.7695519924164,2,0.09271523178807947,0.03161835084646111,
462.0,622.7838325500488,2,0.43018867924528303,0.01496846203050693,
382.5,550.5411919355392,2,0.49344978165938863,0.015858483911597856,
728.0,336.39191567897797,8,0.3300970873786408,0.08084443740774809,
635.0,338.87719655036926,9,0.3655913978494624,0.06948625376603117,
309.0,171.39696860313416,5,0.3888888888888889,0.13217888083462165,
759.0,490.9015825986862,3,0.34831460674157305,0.03957881393623405,Triangle
209.0,349.3868615627289,2,0.6788321167883211,0.02151508225949489,
818.0,1395.0134028196335,8,0.5,0.005282097426060557,
4118.5,5984.724415183067,2,0.5375,0.0014449759564689184,
842.5,1210.118960261345,7,0.564,0.007229756034704194,
284.5,383.42849147319794,2,0.6688741721854304,0.024317749079074802,
198.0,275.78888297080994,2,0.7619047619047619,0.032713088054883516,
147.0,199.70562398433685,2,0.8266666666666667,0.04631765974506359,
2311.0,720.8082174062729,6,1.5629629629629629,0.055894664197873395,
133.0,177.88224983215332,2,0.3125,0.05281974224498113,
307.0,392.534051656723,3,0.3609467455621302,0.02503765007525692,Triangle
323.0,199.96551024913788,13,1.1428571428571428,0.10150844970364067,
249.0,310.7695519924164,2,0.09271523178807947,0.03239905086736138,
485.0,626.7838325500488,2,0.42696629213483145,0.015513722950209042,
405.5,556.1980460882187,2,0.4956521739130435,0.016471828232960825,
102.0,62.76955211162567,6,1.4375,0.3253209083296391,
708.0,298.10764503479004,6,0.3300970873786408,0.10011447959796167,
673.0,315.90663492679596,9,0.3548387096774194,0.08474370226317764,
310.0,172.22539567947388,5,0.4027777777777778,0.13133400115639315,
740.5,476.51680648326874,2,0.3409090909090909,0.04098061595559163,
209.5,342.31579434871674,2,0.6791044776119403,0.022466737739144343,
856.0,1408.3271107673645,8,0.5,0.00542346134765755,
4896.5,7195.630171895027,3,0.5375,0.0011883871702687847,Triangle
261.5,383.4284917116165,2,0.6688741721854304,0.022351815030825322,
184.5,276.0315235853195,2,0.7547169811320755,0.03042908332087307,
137.5,200.29141104221344,2,0.8266666666666667,0.04307129304212976,
2292.5,709.3940041065216,6,1.5671641791044777,0.05724587283402796,
136.0,179.88224983215332,2,0.30864197530864196,0.052816807991500646,
303.5,399.6051194667816,3,0.37058823529411766,0.023883967551809708,Triangle
3033.0,916.205184340477,4,0.7016129032258065,0.04540427909125151,Rectangle
249.0,312.7695519924164,2,0.09210526315789473,0.03198602519974065,
503.5,626.1980459690094,2,0.42696629213483145,0.016135629854084996,
426.5,549.7127648591995,2,0.4826086956521739,0.017736064352936523,
100.5,60.52691102027893,9,1.2352941176470589,0.3447298616708184,
698.0,286.93607211112976,5,0.3235294117647059,0.1065356570752635,
283.0,105.5979790687561,5,0.47619047619047616,0.3189224458053448,
8205.0,2423.880492925644,6,0.962457337883959,0.017549552319473333,
331.0,212.3086552619934,10,0.5849056603773585,0.09227891057048812,
304.0,172.2253955602646,5,0.4084507042253521,0.12879205292520662,
770.5,529.8305141925812,4,0.295,0.03449122138285333,Rectangle
214.0,334.0731542110443,2,0.6793893129770993,0.024095751865470274,
407.5,679.962543964386,2,0.6168582375478927,0.011075605976405218,
539.0,885.602154135704,6,0.557632398753894,0.008636172347088435,
4871.0,7217.186522483826,3,0.5375,0.0011751468335658391,Triangle
259.5,383.42849242687225,2,0.6688741721854304,0.02218086416389743,
181.0,276.61730909347534,2,0.7547169811320755,0.029725538739590312,
136.0,199.7056246995926,2,0.8266666666666667,0.04285171211025057,
2304.5,714.2224303483963,6,1.5597014925373134,0.05677009305076031,
142.0,182.71067690849304,2,0.3170731707317073,0.05345278714803815,
301.5,393.6051194667816,3,0.38323353293413176,0.024455452529034687,Triangle
3026.5,909.820409655571,4,0.7004048582995951,0.045945099072007195,Rectangle
132.0,87.25483286380768,8,1.619047619047619,0.21787370225804947,
249.5,311.3553384542465,2,0.09271523178807947,0.03234206763823629,
496.0,627.6122595071793,2,0.4307116104868914,0.015823724167286557,
433.5,546.8843377828598,2,0.48034934497816595,0.018214111642842017,
696.5,287.17871260643005,5,0.3235294117647059,0.10612714869090846,
8672.5,2122.2165014743805,6,0.9590443686006825,0.024197739572047634,
608.0,323.9066345691681,8,0.32608695652173914,0.07282387022810227,
302.0,175.0538226366043,6,0.4084507042253521,0.12384361176743457,
774.5,533.4873689413071,4,0.3015075376884422,0.03419660590356911,Rectangle
201.0,345.7300081253052,2,0.6814814814814815,0.021131570189824204,
968.5,1565.9078444242477,4,0.5545171339563862,0.004963375008788876,Rectangle
4846.0,7231.328657865524,3,0.5375,0.0011645471401884391,Triangle
251.5,385.4284915924072,2,0.6754966887417219,0.02127454216435666,
186.5,278.0315217971802,2,0.7641509433962265,0.030318005440648287,
136.0,202.53405165672302,2,0.8289473684210527,0.041663204542780656,
134.0,184.71067690849304,2,0.3132530120481928,0.04935494390533256,
106.0,118.48528122901917,2,0.06779661016949153,0.09488267538506591,
293.5,392.7766923904419,4,0.3855421686746988,0.023907080970261792,Rectangle
2998.0,911.2346225976944,4,0.7090163934426229,0.04537128374895692,Rectangle
251.0,314.7695519924164,2,0.0915032679738562,0.03183450883391869,
495.0,624.7838324308395,2,0.42857142857142855,0.015935125840015225,
414.0,542.2985513210297,2,0.4845814977973568,0.017690223366667993,
700.0,281.7644993066788,6,0.32673267326732675,0.11079887652514595,
584.0,336.1909053325653,8,0.32608695652173914,0.06493080538134101,
305.5,174.46803629398346,5,0.4084507042253521,0.12612155965477753,
783.5,554.4579305648804,4,0.3034825870646766,0.0320266611929447,Rectangle
200.5,347.9726494550705,2,0.6838235294117647,0.020808176415546324,
965.5,1564.3931251764297,4,0.55625,0.0049575870036560965,Rectangle
4817.0,7238.843376398087,3,0.5375,0.0011551759807216665,Triangle
244.5,386.2569191455841,2,0.6710526315789473,0.020593785416533755,
179.5,278.8599497079849,2,0.7570093457943925,0.029006947406694718,
140.5,203.11983907222748,2,0.8289473684210527,0.042793863857390355,
120.0,105.25483322143555,8,0.2619047619047619,0.13611532209836572,
2302.5,693.2518682479858,6,1.5833333333333333,0.06020428536652637,
137.0,184.71067690849304,2,0.3132530120481928,0.050459905336048966,
294.0,397.0193330049515,4,0.38922155688622756,0.023438719603579704,Rectangle
252.0,313.5979790687561,2,0.09868421052631579,0.03220059482300879,
483.0,622.7838325500488,2,0.43018867924528303,0.015648846668257246,
407.5,538.8843377828598,2,0.4888888888888889,0.017633818010141508,
696.5,299.5218586921692,9,0.32673267326732675,0.09756048274218862,
631.0,337.220342874527,6,0.34782608695652173,0.06972871984042141,
308.5,171.63960921764374,6,0.39436619718309857,0.1315921547255752,
739.0,490.7594463825226,2,0.34285714285714286,0.03855821908877774,
208.5,347.9726496934891,2,0.6838235294117647,0.021638427813946273,
968.5,1561.5646986961365,6,0.559748427672956,0.004991022455633945,
4789.5,7242.115453958511,3,0.5395833333333333,0.0011475434897819865,Triangle
243.0,386.84270536899567,2,0.6710526315789473,0.020405503433630706,
175.0,279.4457359313965,2,0.7570093457943925,0.028161315524131463,
132.0,203.70562481880188,2,0.8289473684210527,0.03997401333391341,
2272.5,720.5655771493912,8,1.5757575757575757,0.055000512153469794,
145.0,184.71067690849304,2,0.3132530120481928,0.05340646915129269,
292.5,392.7766922712326,4,0.3855421686746988,0.023825625853649994,Rectangle
3007.0,902.8914761543274,4,0.7066115702479339,0.046352395774328786,Rectangle
250.5,311.3553384542465,2,0.09271523178807947,0.03247169516384044,
471.0,622.7838325500488,2,0.43018867924528303,0.015260055446685638,
700.0,298.93607223033905,8,0.32673267326732675,0.09843538769291856,
8685.5,2194.299758553505,6,0.9653979238754326,0.022667977766542516,
572.5,367.60511910915375,11,0.3516483516483517,0.05323806399268076,
308.0,172.2253955602646,5,0.4084507042253521,0.1304866852005383,
731.5,499.97265017032623,3,0.3465909090909091,0.03677322327315983,Triangle
102.5,195.32084679603577,2,0.7466666666666667,0.03376265045226738,
210.5,350.80107593536377,2,0.6861313868613139,0.02149513270963423,
1328.0,2104.4490365982056,6,0.44836272040302266,0.00376817542794872,
4734.5,7254.742870211601,3,0.5395833333333333,0.0011304202694707604,Triangle
243.0,387.67113196849823,2,0.6666666666666666,0.020318386294432767,
170.0,282.2741632461548,2,0.7592592592592593,0.026811217021254944,
127.5,203.9482650756836,2,0.8181818181818182,0.0385194447534961,
2291.0,699.4945096969604,6,1.5757575757575757,0.05883914225526909,
142.0,184.71067690849304,2,0.3132530120481928,0.0523015077205763,
293.0,397.8477599620819,4,0.39759036144578314,0.023261817816269893,Rectangle
2970.5,900.6488363742828,4,0.7107438016528925,0.04601807379825809,Rectangle
257.5,309.3553384542465,2,0.09333333333333334,0.033812078421072686,
478.0,622.7838325500488,2,0.43018867924528303,0.01548685032593574,
683.5,284.35028553009033,9,0.32,0.106228499142027,
8738.0,2228.5423998832703,6,0.96875,0.02210956009906924,
622.0,330.2497806549072,9,0.3516483516483517,0.07166633132367323,
303.0,170.2253955602646,6,0.39436619718309857,0.13140254855117697,
743.5,485.0020867586136,3,0.3485714285714286,0.03971948625006877,Triangle
103.0,194.73506104946136,2,0.7466666666666667,0.034131768127881094,
209.0,345.7300080060959,2,0.6814814814814815,0.021972627724969735,
1307.0,2074.3069010972977,6,0.44836272040302266,0.0038171517639394572,
4621.5,7197.287027716637,3,0.5291666666666667,0.0011211279402877875,Triangle
230.0,389.6711331605911,2,0.673202614379085,0.019034489390552897,
170.5,281.6883770227432,2,0.7592592592592593,0.027002028555387508,
126.5,207.11983716487885,2,0.8311688311688312,0.037055868586954206,
2276.5,706.2224316596985,6,1.5757575757575757,0.05735806646562735,
142.0,186.71067690849304,2,0.30952380952380953,0.051187026471250285,
304.5,400.43354642391205,4,0.39520958083832336,0.023863616114156636,Rectangle
260.0,310.7695519924164,2,0.09271523178807947,0.03383033423901188,
468.0,622.7838325500488,2,0.43018867924528303,0.015162857641292734,
681.0,259.96550965309143,6,0.32323232323232326,0.1266267645900222,
173.0,287.30360221862793,2,0.672566371681416,0.026337456099348372,
629.5,306.49242067337036,9,0.31868131868131866,0.08421047557924853,
306.5,171.9827550649643,6,0.4084507042253521,0.1302178556127065,
755.0,468.2741656303406,3,0.3485714285714286,0.04326696359929706,Triangle
1291.0,2062.9931921958923,6,0.44696969696969696,0.0038118913777748322,
4629.5,7200.115454912186,3,0.5291666666666667,0.0011221864786315943,Triangle
244.5,391.085346698761,2,0.6688311688311688,0.020088413509203356,
174.0,282.2741631269455,2,0.7592592592592593,0.027442069209639465,
128.0,208.53405261039734,2,0.8205128205128205,0.0369884273841712,
2298.5,737.6782751083374,8,1.5757575757575757,0.0530787131339049,
141.0,189.53910398483276,2,0.3176470588235294,0.04932093830222,
300.0,401.0193328857422,4,0.4036144578313253,0.023442315054334,Rectangle
255.0,312.7695519924164,2,0.09210526315789473,0.03275677279491512,
472.0,622.7838325500488,2,0.43018867924528303,0.015292454715149936,
694.0,278.4507910013199,5,0.32323232323232326,0.11247925278346957,
631.5,310.49242067337036,9,0.31868131868131866,0.08231542265816212,
184.5,310.5168044567108,2,0.680327868852459,0.024045622139173932,
303.0,169.39696848392487,5,0.39436619718309857,0.13269092591587422,
756.0,471.9310199022293,3,0.3522727272727273,0.042655458138884425,Triangle
1287.5,2061.9221251010895,6,0.44696969696969696,0.0038055075173965597,
4680.0,7276.64236664772,3,0.5395833333333333,0.0011106920305551152,Triangle
244.5,391.0853464603424,2,0.6688311688311688,0.02008841353369648,
182.0,282.2741627693176,2,0.7592592592592593,0.028703773613849758,
132.0,207.36247897148132,2,0.8205128205128205,0.03857655515434,
2275.5,696.0802956819534,6,1.5877862595419847,0.059015762623231584,
139.5,190.1248904466629,2,0.3176470588235294,0.04849602221959491,
297.5,400.43354642391205,4,0.4036144578313253,0.023315027237969126,Rectangle
2981.0,899.2346229553223,4,0.7095435684647303,0.046326106361183526,Rectangle
254.5,311.3553384542465,2,0.09271523178807947,0.03299020526625706,
466.0,622.7838325500488,2,0.43018867924528303,0.015098059104364132,
686.0,288.4507908821106,5,0.32323232323232326,0.10360733708592514,
8691.0,2221.9149848222733,6,0.9652777777777778,0.0221220178366589,
629.0,329.9066346883774,9,0.34065934065934067,0.0726237064872068,
308.0,171.39696860313416,6,0.4084507042253521,0.13175111746622484,
803.0,560.3574256896973,4,0.3054187192118227,0.03213624623549927,Rectangle
206.0,351.3868622779846,2,0.6861313868613139,0.02096553959599872,
1301.0,2091.4784747362137,6,0.44696969696969696,0.0037374927778645547,
4693.0,7280.299220561981,3,0.5395833333333333,0.0011126586788958986,Triangle
250.5,391.08534586429596,2,0.6688311688311688,0.02058138079971283,
184.0,282.2741631269455,2,0.7592592592592593,0.029019199623986563,
137.0,207.36247968673706,2,0.8205128205128205,0.04003778802792079,
101.5,77.01219236850739,7,2.3076923076923075,0.21505865844633637,
2277.5,732.7077121734619,6,1.5801526717557253,0.05330975960702611,
142.0,193.53910398483276,2,0.3103448275862069,0.04763879374217622,
300.5,400.4335460662842,4,0.4036144578313253,0.023550136798400536,Rectangle
3000.0,913.3767584562302,4,0.7136929460580913,0.045188841320705164,Rectangle
255.0,312.7695519924164,2,0.09210526315789473,0.03275677279491512,
459.0,622.7838325500488,2,0.43018867924528303,0.014871264225114027,
697.0,278.4507911205292,5,0.32323232323232326,0.11296547424056391,
7622.5,2457.2358318567276,6,0.9652777777777778,0.01586403348010173,
630.5,337.4629830121994,9,0.34065934065934067,0.06957331110668502,
307.5,171.63960921764374,6,0.39436619718309857,0.13116559992905794,
802.0,560.0142803192139,4,0.30049261083743845,0.03213557159182342,Rectangle
210.5,351.9726492166519,2,0.6739130434782609,0.021352273819618666,
1315.0,2089.4784747362137,6,0.44696969696969696,0.003784947098452807,
4725.0,7283.470793604851,3,0.5395833333333333,0.0011192701218980237,Triangle
261.5,391.08534598350525,2,0.6688311688311688,0.021485153995384598,
189.0,282.27416372299194,2,0.7592592592592593,0.029807764705276733,
136.5,206.7766935825348,2,0.8205128205128205,0.04011800630508385,
2283.5,716.2224317789078,6,1.5801526717557253,0.055939044304152356,
145.0,193.53910398483276,2,0.3103448275862069,0.048645247131095436,
303.5,402.43354654312134,4,0.40119760479041916,0.023549419571370897,Rectangle
2994.0,899.3767585754395,4,0.7136929460580913,0.04651342706465151,Rectangle
252.0,313.5979790687561,2,0.09210526315789473,0.03220059482300879,
460.0,622.7838325500488,2,0.43018867924528303,0.014903663493578329,
692.5,265.3797233104706,6,0.32323232323232326,0.12356462851822904,
8645.5,2242.383018732071,6,0.9619377162629758,0.02160629927491519,
626.5,338.63455629348755,9,0.34065934065934067,0.06865440241242325,
306.5,170.81118214130402,6,0.39436619718309857,0.13201027817035965,
753.0,483.587873339653,3,0.3502824858757062,0.040462623380904374,Triangle
217.0,349.38686192035675,2,0.6788321167883211,0.022338626032309086,
1329.5,2090.064261198044,6,0.44696969696969696,0.003824537533494225,
4765.5,7287.71343433857,3,0.5416666666666666,0.0011275498817180003,Triangle
266.5,391.0853465795517,2,0.6688311688311688,0.021895959932377924,
190.5,283.68837666511536,2,0.7522935779816514,0.02974553330157028,
141.5,206.77669405937195,2,0.8205128205128205,0.04158753015375736,
2285.0,698.3229358196259,6,1.5877862595419847,0.05888212241417613,
143.0,193.53910398483276,2,0.3103448275862069,0.047974278205149296,
102.0,122.48528122901917,2,0.06557377049180328,0.08543625994220434,
308.5,409.26197361946106,4,0.41317365269461076,0.023145269599802547,Rectangle
249.5,311.3553384542465,2,0.09271523178807947,0.03234206763823629,
458.0,622.7838325500488,2,0.43018867924528303,0.014838864956649727,
687.5,270.2081503868103,6,0.32323232323232326,0.11832749680331422,
665.5,316.4924216270447,9,0.34065934065934067,0.08348939099261773,
311.0,171.0538227558136,5,0.39436619718309857,0.13356869546411365,
751.5,487.8305139541626,3,0.3502824858757062,0.03968267359410591,Triangle
215.0,349.38686168193817,2,0.6788321167883211,0.02213274010830064,
1330.5,2086.4074070453644,6,0.4481012658227848,0.0038408426114950643,
4767.0,7295.269783496857,3,0.5416666666666666,0.0011255694627118017,Triangle
265.5,392.256920337677,2,0.6688311688311688,0.021683688554476752,
196.5,283.68837571144104,2,0.7522935779816514,0.03068240069846078,
144.0,207.36247897148132,2,0.8205128205128205,0.04208351471382545,
2285.5,714.9087232351303,6,1.5877862595419847,0.056193993516407,
147.0,193.53910398483276,2,0.3103448275862069,0.04931621605704158,
101.0,122.48528122901917,2,0.06557377049180328,0.08459864955061411,
304.0,410.67618703842163,4,0.4166666666666667,0.02265084485324706,Rectangle
254.0,310.7695519924164,2,0.09271523178807947,0.03304963421811161,
452.0,622.7838325500488,2,0.43018867924528303,0.014644469345863923,
692.5,277.03657746315,5,0.32323232323232326,0.11338495061567676,
651.5,321.32084834575653,9,0.34065934065934067,0.07929512247773199,
309.0,173.88224983215332,5,0.4084507042253521,0.12842744477749823,
759.5,488.6589411497116,3,0.3502824858757062,0.039969244842600025,Triangle
210.0,349.3868622779846,2,0.6788321167883211,0.02161802514830132,
1345.5,2085.578979730606,6,0.4481012658227848,0.0038872304151230117,
4794.0,7290.299221158028,3,0.5416666666666666,0.0011334886773061753,Triangle
259.0,391.671133518219,2,0.6688311688311688,0.021216146146973376,
194.5,283.68837559223175,2,0.7522935779816514,0.030370111658351368,
147.0,207.36247861385345,2,0.8205128205128205,0.042960254751879694,
2278.0,730.9503524303436,6,1.5877862595419847,0.053578163610158776,
147.0,193.53910398483276,2,0.3103448275862069,0.04931621605704158,
101.0,122.48528122901917,2,0.06557377049180328,0.08459864955061411,
303.0,413.50461399555206,4,0.41420118343195267,0.022268541465257672,Rectangle
188.5,102.81118154525757,10,0.8620689655172413,0.22409930933147784,
130.0,84.42640590667725,6,1.736842105263158,0.2291905007373796,
255.0,310.7695519924164,2,0.09271523178807947,0.03317975088826166,
462.0,622.7838325500488,2,0.43018867924528303,0.01496846203050693,
702.5,282.69343173503876,8,0.32323232323232326,0.11046501520994768,
655.5,320.83556723594666,9,0.34065934065934067,0.08002350056428777,
310.0,173.88224983215332,5,0.4084507042253521,0.12884306757613093,
757.5,494.80107617378235,3,0.3502824858757062,0.03888044528649362,Triangle
103.0,191.9066345691681,2,0.7432432432432432,0.035145288281983024,
216.0,349.38686168193817,2,0.6788321167883211,0.02223568308554855,
1349.5,2085.2358338832855,6,0.4481012658227848,0.0039000699278165496,
4810.0,7293.612929344177,3,0.5416666666666666,0.0011362385428048225,Triangle
260.0,391.67113304138184,2,0.6688311688311688,0.021298061821020804,
194.5,285.68837559223175,2,0.7614678899082569,0.029946379939278192,
147.5,208.77669370174408,2,0.8333333333333334,0.04252436656495432,
2259.5,721.0508576631546,8,1.5801526717557253,0.05461229332386757,
141.0,193.53910398483276,2,0.3103448275862069,0.04730330927920315,
299.0,407.8477599620819,4,0.40236686390532544,0.022588369829236375,Rectangle
127.0,78.76955187320709,8,1.7222222222222223,0.25721532205498965,
254.0,312.7695519924164,2,0.09210526315789473,0.03262831486238604,
467.0,622.7838325500488,2,0.43018867924528303,0.015130458372828432,
692.0,268.4507908821106,6,0.31313131313131315,0.1206664630383747,
615.5,346.6345570087433,9,0.34065934065934067,0.06437158578626352,
306.5,172.46803629398346,5,0.39436619718309857,0.12948608665589195,
757.5,492.3157950639725,3,0.3502824858757062,0.03927398429267943,Triangle
217.0,349.38686203956604,2,0.6788321167883211,0.0223386260170654,
1349.0,2085.4784746170044,6,0.4481012658227848,0.0038977177825643278,
4837.5,7292.198716044426,3,0.5416666666666666,0.0011431779848331315,Triangle
261.5,393.0853465795517,2,0.6753246753246753,0.021267079189806963,
196.5,285.6883752346039,2,0.7614678899082569,0.03025431194241973,
148.5,208.7766922712326,2,0.8333333333333334,0.042812667941919166,
101.5,131.3797254562378,2,0.9166666666666666,0.07389570660413229,
